Traceback (most recent call last):
  File "/home1/picpixels/admin.picpixels.com/passenger_wsgi.py", line 23, in <module>
    application = get_wsgi_application()
                  ^^^^^^^^^^^^^^^^^^^^^^
  File "/home1/picpixels/virtualenv/admin.picpixels.com/3.11/lib/python3.11/site-packages/django/core/wsgi.py", line 12, in get_wsgi_application
    django.setup(set_prefix=False)
  File "/home1/picpixels/virtualenv/admin.picpixels.com/3.11/lib/python3.11/site-packages/django/__init__.py", line 19, in setup
    configure_logging(settings.LOGGING_CONFIG, settings.LOGGING)
                      ^^^^^^^^^^^^^^^^^^^^^^^
  File "/home1/picpixels/virtualenv/admin.picpixels.com/3.11/lib/python3.11/site-packages/django/conf/__init__.py", line 81, in __getattr__
    self._setup(name)
  File "/home1/picpixels/virtualenv/admin.picpixels.com/3.11/lib/python3.11/site-packages/django/conf/__init__.py", line 68, in _setup
    self._wrapped = Settings(settings_module)
                    ^^^^^^^^^^^^^^^^^^^^^^^^^
  File "/home1/picpixels/virtualenv/admin.picpixels.com/3.11/lib/python3.11/site-packages/django/conf/__init__.py", line 166, in __init__
    mod = importlib.import_module(self.SETTINGS_MODULE)
          ^^^^^^^^^^^^^^^^^^^^^^^^^^^^^^^^^^^^^^^^^^^^^
  File "/opt/alt/python311/lib64/python3.11/importlib/__init__.py", line 126, in import_module
    return _bootstrap._gcd_import(name[level:], package, level)
           ^^^^^^^^^^^^^^^^^^^^^^^^^^^^^^^^^^^^^^^^^^^^^^^^^^^^
  File "<frozen importlib._bootstrap>", line 1204, in _gcd_import
  File "<frozen importlib._bootstrap>", line 1176, in _find_and_load
  File "<frozen importlib._bootstrap>", line 1126, in _find_and_load_unlocked
  File "<frozen importlib._bootstrap>", line 241, in _call_with_frames_removed
  File "<frozen importlib._bootstrap>", line 1204, in _gcd_import
  File "<frozen importlib._bootstrap>", line 1176, in _find_and_load
  File "<frozen importlib._bootstrap>", line 1140, in _find_and_load_unlocked
ModuleNotFoundError: No module named 'YOUR_PROJECT'
Traceback (most recent call last):
  File "/home1/picpixels/admin.picpixels.com/passenger_wsgi.py", line 23, in <module>
    application = get_wsgi_application()
                  ^^^^^^^^^^^^^^^^^^^^^^
  File "/home1/picpixels/virtualenv/admin.picpixels.com/3.11/lib/python3.11/site-packages/django/core/wsgi.py", line 12, in get_wsgi_application
    django.setup(set_prefix=False)
  File "/home1/picpixels/virtualenv/admin.picpixels.com/3.11/lib/python3.11/site-packages/django/__init__.py", line 19, in setup
    configure_logging(settings.LOGGING_CONFIG, settings.LOGGING)
                      ^^^^^^^^^^^^^^^^^^^^^^^
  File "/home1/picpixels/virtualenv/admin.picpixels.com/3.11/lib/python3.11/site-packages/django/conf/__init__.py", line 81, in __getattr__
    self._setup(name)
  File "/home1/picpixels/virtualenv/admin.picpixels.com/3.11/lib/python3.11/site-packages/django/conf/__init__.py", line 68, in _setup
    self._wrapped = Settings(settings_module)
                    ^^^^^^^^^^^^^^^^^^^^^^^^^
  File "/home1/picpixels/virtualenv/admin.picpixels.com/3.11/lib/python3.11/site-packages/django/conf/__init__.py", line 166, in __init__
    mod = importlib.import_module(self.SETTINGS_MODULE)
          ^^^^^^^^^^^^^^^^^^^^^^^^^^^^^^^^^^^^^^^^^^^^^
  File "/opt/alt/python311/lib64/python3.11/importlib/__init__.py", line 126, in import_module
    return _bootstrap._gcd_import(name[level:], package, level)
           ^^^^^^^^^^^^^^^^^^^^^^^^^^^^^^^^^^^^^^^^^^^^^^^^^^^^
  File "<frozen importlib._bootstrap>", line 1204, in _gcd_import
  File "<frozen importlib._bootstrap>", line 1176, in _find_and_load
  File "<frozen importlib._bootstrap>", line 1126, in _find_and_load_unlocked
  File "<frozen importlib._bootstrap>", line 241, in _call_with_frames_removed
  File "<frozen importlib._bootstrap>", line 1204, in _gcd_import
  File "<frozen importlib._bootstrap>", line 1176, in _find_and_load
  File "<frozen importlib._bootstrap>", line 1140, in _find_and_load_unlocked
ModuleNotFoundError: No module named 'YOUR_PROJECT'
Traceback (most recent call last):
  File "/home1/picpixels/admin.picpixels.com/passenger_wsgi.py", line 23, in <module>
    application = get_wsgi_application()
                  ^^^^^^^^^^^^^^^^^^^^^^
  File "/home1/picpixels/virtualenv/admin.picpixels.com/3.11/lib/python3.11/site-packages/django/core/wsgi.py", line 12, in get_wsgi_application
    django.setup(set_prefix=False)
  File "/home1/picpixels/virtualenv/admin.picpixels.com/3.11/lib/python3.11/site-packages/django/__init__.py", line 19, in setup
    configure_logging(settings.LOGGING_CONFIG, settings.LOGGING)
                      ^^^^^^^^^^^^^^^^^^^^^^^
  File "/home1/picpixels/virtualenv/admin.picpixels.com/3.11/lib/python3.11/site-packages/django/conf/__init__.py", line 81, in __getattr__
    self._setup(name)
  File "/home1/picpixels/virtualenv/admin.picpixels.com/3.11/lib/python3.11/site-packages/django/conf/__init__.py", line 68, in _setup
    self._wrapped = Settings(settings_module)
                    ^^^^^^^^^^^^^^^^^^^^^^^^^
  File "/home1/picpixels/virtualenv/admin.picpixels.com/3.11/lib/python3.11/site-packages/django/conf/__init__.py", line 166, in __init__
    mod = importlib.import_module(self.SETTINGS_MODULE)
          ^^^^^^^^^^^^^^^^^^^^^^^^^^^^^^^^^^^^^^^^^^^^^
  File "/opt/alt/python311/lib64/python3.11/importlib/__init__.py", line 126, in import_module
    return _bootstrap._gcd_import(name[level:], package, level)
           ^^^^^^^^^^^^^^^^^^^^^^^^^^^^^^^^^^^^^^^^^^^^^^^^^^^^
  File "<frozen importlib._bootstrap>", line 1204, in _gcd_import
  File "<frozen importlib._bootstrap>", line 1176, in _find_and_load
  File "<frozen importlib._bootstrap>", line 1126, in _find_and_load_unlocked
  File "<frozen importlib._bootstrap>", line 241, in _call_with_frames_removed
  File "<frozen importlib._bootstrap>", line 1204, in _gcd_import
  File "<frozen importlib._bootstrap>", line 1176, in _find_and_load
  File "<frozen importlib._bootstrap>", line 1140, in _find_and_load_unlocked
ModuleNotFoundError: No module named 'YOUR_PROJECT'
Traceback (most recent call last):
  File "/home1/picpixels/admin.picpixels.com/passenger_wsgi.py", line 23, in <module>
    application = get_wsgi_application()
                  ^^^^^^^^^^^^^^^^^^^^^^
  File "/home1/picpixels/virtualenv/admin.picpixels.com/3.11/lib/python3.11/site-packages/django/core/wsgi.py", line 12, in get_wsgi_application
    django.setup(set_prefix=False)
  File "/home1/picpixels/virtualenv/admin.picpixels.com/3.11/lib/python3.11/site-packages/django/__init__.py", line 19, in setup
    configure_logging(settings.LOGGING_CONFIG, settings.LOGGING)
                      ^^^^^^^^^^^^^^^^^^^^^^^
  File "/home1/picpixels/virtualenv/admin.picpixels.com/3.11/lib/python3.11/site-packages/django/conf/__init__.py", line 81, in __getattr__
    self._setup(name)
  File "/home1/picpixels/virtualenv/admin.picpixels.com/3.11/lib/python3.11/site-packages/django/conf/__init__.py", line 68, in _setup
    self._wrapped = Settings(settings_module)
                    ^^^^^^^^^^^^^^^^^^^^^^^^^
  File "/home1/picpixels/virtualenv/admin.picpixels.com/3.11/lib/python3.11/site-packages/django/conf/__init__.py", line 166, in __init__
    mod = importlib.import_module(self.SETTINGS_MODULE)
          ^^^^^^^^^^^^^^^^^^^^^^^^^^^^^^^^^^^^^^^^^^^^^
  File "/opt/alt/python311/lib64/python3.11/importlib/__init__.py", line 126, in import_module
    return _bootstrap._gcd_import(name[level:], package, level)
           ^^^^^^^^^^^^^^^^^^^^^^^^^^^^^^^^^^^^^^^^^^^^^^^^^^^^
  File "<frozen importlib._bootstrap>", line 1204, in _gcd_import
  File "<frozen importlib._bootstrap>", line 1176, in _find_and_load
  File "<frozen importlib._bootstrap>", line 1126, in _find_and_load_unlocked
  File "<frozen importlib._bootstrap>", line 241, in _call_with_frames_removed
  File "<frozen importlib._bootstrap>", line 1204, in _gcd_import
  File "<frozen importlib._bootstrap>", line 1176, in _find_and_load
  File "<frozen importlib._bootstrap>", line 1140, in _find_and_load_unlocked
ModuleNotFoundError: No module named 'YOUR_PROJECT'
Traceback (most recent call last):
  File "/home1/picpixels/admin.picpixels.com/passenger_wsgi.py", line 23, in <module>
    application = get_wsgi_application()
                  ^^^^^^^^^^^^^^^^^^^^^^
  File "/home1/picpixels/virtualenv/admin.picpixels.com/3.11/lib/python3.11/site-packages/django/core/wsgi.py", line 12, in get_wsgi_application
    django.setup(set_prefix=False)
  File "/home1/picpixels/virtualenv/admin.picpixels.com/3.11/lib/python3.11/site-packages/django/__init__.py", line 19, in setup
    configure_logging(settings.LOGGING_CONFIG, settings.LOGGING)
                      ^^^^^^^^^^^^^^^^^^^^^^^
  File "/home1/picpixels/virtualenv/admin.picpixels.com/3.11/lib/python3.11/site-packages/django/conf/__init__.py", line 81, in __getattr__
    self._setup(name)
  File "/home1/picpixels/virtualenv/admin.picpixels.com/3.11/lib/python3.11/site-packages/django/conf/__init__.py", line 68, in _setup
    self._wrapped = Settings(settings_module)
                    ^^^^^^^^^^^^^^^^^^^^^^^^^
  File "/home1/picpixels/virtualenv/admin.picpixels.com/3.11/lib/python3.11/site-packages/django/conf/__init__.py", line 166, in __init__
    mod = importlib.import_module(self.SETTINGS_MODULE)
          ^^^^^^^^^^^^^^^^^^^^^^^^^^^^^^^^^^^^^^^^^^^^^
  File "/opt/alt/python311/lib64/python3.11/importlib/__init__.py", line 126, in import_module
    return _bootstrap._gcd_import(name[level:], package, level)
           ^^^^^^^^^^^^^^^^^^^^^^^^^^^^^^^^^^^^^^^^^^^^^^^^^^^^
  File "<frozen importlib._bootstrap>", line 1204, in _gcd_import
  File "<frozen importlib._bootstrap>", line 1176, in _find_and_load
  File "<frozen importlib._bootstrap>", line 1126, in _find_and_load_unlocked
  File "<frozen importlib._bootstrap>", line 241, in _call_with_frames_removed
  File "<frozen importlib._bootstrap>", line 1204, in _gcd_import
  File "<frozen importlib._bootstrap>", line 1176, in _find_and_load
  File "<frozen importlib._bootstrap>", line 1140, in _find_and_load_unlocked
ModuleNotFoundError: No module named 'YOUR_PROJECT'
Traceback (most recent call last):
  File "/home1/picpixels/admin.picpixels.com/passenger_wsgi.py", line 23, in <module>
    application = get_wsgi_application()
                  ^^^^^^^^^^^^^^^^^^^^^^
  File "/home1/picpixels/virtualenv/admin.picpixels.com/3.11/lib/python3.11/site-packages/django/core/wsgi.py", line 12, in get_wsgi_application
    django.setup(set_prefix=False)
  File "/home1/picpixels/virtualenv/admin.picpixels.com/3.11/lib/python3.11/site-packages/django/__init__.py", line 19, in setup
    configure_logging(settings.LOGGING_CONFIG, settings.LOGGING)
                      ^^^^^^^^^^^^^^^^^^^^^^^
  File "/home1/picpixels/virtualenv/admin.picpixels.com/3.11/lib/python3.11/site-packages/django/conf/__init__.py", line 81, in __getattr__
    self._setup(name)
  File "/home1/picpixels/virtualenv/admin.picpixels.com/3.11/lib/python3.11/site-packages/django/conf/__init__.py", line 68, in _setup
    self._wrapped = Settings(settings_module)
                    ^^^^^^^^^^^^^^^^^^^^^^^^^
  File "/home1/picpixels/virtualenv/admin.picpixels.com/3.11/lib/python3.11/site-packages/django/conf/__init__.py", line 166, in __init__
    mod = importlib.import_module(self.SETTINGS_MODULE)
          ^^^^^^^^^^^^^^^^^^^^^^^^^^^^^^^^^^^^^^^^^^^^^
  File "/opt/alt/python311/lib64/python3.11/importlib/__init__.py", line 126, in import_module
    return _bootstrap._gcd_import(name[level:], package, level)
           ^^^^^^^^^^^^^^^^^^^^^^^^^^^^^^^^^^^^^^^^^^^^^^^^^^^^
  File "<frozen importlib._bootstrap>", line 1204, in _gcd_import
  File "<frozen importlib._bootstrap>", line 1176, in _find_and_load
  File "<frozen importlib._bootstrap>", line 1126, in _find_and_load_unlocked
  File "<frozen importlib._bootstrap>", line 241, in _call_with_frames_removed
  File "<frozen importlib._bootstrap>", line 1204, in _gcd_import
  File "<frozen importlib._bootstrap>", line 1176, in _find_and_load
  File "<frozen importlib._bootstrap>", line 1140, in _find_and_load_unlocked
ModuleNotFoundError: No module named 'YOUR_PROJECT'
Traceback (most recent call last):
  File "/home1/picpixels/admin.picpixels.com/passenger_wsgi.py", line 23, in <module>
    application = get_wsgi_application()
                  ^^^^^^^^^^^^^^^^^^^^^^
  File "/home1/picpixels/virtualenv/admin.picpixels.com/3.11/lib/python3.11/site-packages/django/core/wsgi.py", line 12, in get_wsgi_application
    django.setup(set_prefix=False)
  File "/home1/picpixels/virtualenv/admin.picpixels.com/3.11/lib/python3.11/site-packages/django/__init__.py", line 19, in setup
    configure_logging(settings.LOGGING_CONFIG, settings.LOGGING)
                      ^^^^^^^^^^^^^^^^^^^^^^^
  File "/home1/picpixels/virtualenv/admin.picpixels.com/3.11/lib/python3.11/site-packages/django/conf/__init__.py", line 81, in __getattr__
    self._setup(name)
  File "/home1/picpixels/virtualenv/admin.picpixels.com/3.11/lib/python3.11/site-packages/django/conf/__init__.py", line 68, in _setup
    self._wrapped = Settings(settings_module)
                    ^^^^^^^^^^^^^^^^^^^^^^^^^
  File "/home1/picpixels/virtualenv/admin.picpixels.com/3.11/lib/python3.11/site-packages/django/conf/__init__.py", line 166, in __init__
    mod = importlib.import_module(self.SETTINGS_MODULE)
          ^^^^^^^^^^^^^^^^^^^^^^^^^^^^^^^^^^^^^^^^^^^^^
  File "/opt/alt/python311/lib64/python3.11/importlib/__init__.py", line 126, in import_module
    return _bootstrap._gcd_import(name[level:], package, level)
           ^^^^^^^^^^^^^^^^^^^^^^^^^^^^^^^^^^^^^^^^^^^^^^^^^^^^
  File "<frozen importlib._bootstrap>", line 1204, in _gcd_import
  File "<frozen importlib._bootstrap>", line 1176, in _find_and_load
  File "<frozen importlib._bootstrap>", line 1126, in _find_and_load_unlocked
  File "<frozen importlib._bootstrap>", line 241, in _call_with_frames_removed
  File "<frozen importlib._bootstrap>", line 1204, in _gcd_import
  File "<frozen importlib._bootstrap>", line 1176, in _find_and_load
  File "<frozen importlib._bootstrap>", line 1140, in _find_and_load_unlocked
ModuleNotFoundError: No module named 'YOUR_PROJECT'
Traceback (most recent call last):
  File "/home1/picpixels/admin.picpixels.com/passenger_wsgi.py", line 23, in <module>
    application = get_wsgi_application()
                  ^^^^^^^^^^^^^^^^^^^^^^
  File "/home1/picpixels/virtualenv/admin.picpixels.com/3.11/lib/python3.11/site-packages/django/core/wsgi.py", line 12, in get_wsgi_application
    django.setup(set_prefix=False)
  File "/home1/picpixels/virtualenv/admin.picpixels.com/3.11/lib/python3.11/site-packages/django/__init__.py", line 19, in setup
    configure_logging(settings.LOGGING_CONFIG, settings.LOGGING)
                      ^^^^^^^^^^^^^^^^^^^^^^^
  File "/home1/picpixels/virtualenv/admin.picpixels.com/3.11/lib/python3.11/site-packages/django/conf/__init__.py", line 81, in __getattr__
    self._setup(name)
  File "/home1/picpixels/virtualenv/admin.picpixels.com/3.11/lib/python3.11/site-packages/django/conf/__init__.py", line 68, in _setup
    self._wrapped = Settings(settings_module)
                    ^^^^^^^^^^^^^^^^^^^^^^^^^
  File "/home1/picpixels/virtualenv/admin.picpixels.com/3.11/lib/python3.11/site-packages/django/conf/__init__.py", line 166, in __init__
    mod = importlib.import_module(self.SETTINGS_MODULE)
          ^^^^^^^^^^^^^^^^^^^^^^^^^^^^^^^^^^^^^^^^^^^^^
  File "/opt/alt/python311/lib64/python3.11/importlib/__init__.py", line 126, in import_module
    return _bootstrap._gcd_import(name[level:], package, level)
           ^^^^^^^^^^^^^^^^^^^^^^^^^^^^^^^^^^^^^^^^^^^^^^^^^^^^
  File "<frozen importlib._bootstrap>", line 1204, in _gcd_import
  File "<frozen importlib._bootstrap>", line 1176, in _find_and_load
  File "<frozen importlib._bootstrap>", line 1126, in _find_and_load_unlocked
  File "<frozen importlib._bootstrap>", line 241, in _call_with_frames_removed
  File "<frozen importlib._bootstrap>", line 1204, in _gcd_import
  File "<frozen importlib._bootstrap>", line 1176, in _find_and_load
  File "<frozen importlib._bootstrap>", line 1140, in _find_and_load_unlocked
ModuleNotFoundError: No module named 'YOUR_PROJECT'
Traceback (most recent call last):
  File "/home1/picpixels/admin.picpixels.com/passenger_wsgi.py", line 23, in <module>
    application = get_wsgi_application()
                  ^^^^^^^^^^^^^^^^^^^^^^
  File "/home1/picpixels/virtualenv/admin.picpixels.com/3.11/lib/python3.11/site-packages/django/core/wsgi.py", line 12, in get_wsgi_application
    django.setup(set_prefix=False)
  File "/home1/picpixels/virtualenv/admin.picpixels.com/3.11/lib/python3.11/site-packages/django/__init__.py", line 19, in setup
    configure_logging(settings.LOGGING_CONFIG, settings.LOGGING)
                      ^^^^^^^^^^^^^^^^^^^^^^^
  File "/home1/picpixels/virtualenv/admin.picpixels.com/3.11/lib/python3.11/site-packages/django/conf/__init__.py", line 81, in __getattr__
    self._setup(name)
  File "/home1/picpixels/virtualenv/admin.picpixels.com/3.11/lib/python3.11/site-packages/django/conf/__init__.py", line 68, in _setup
    self._wrapped = Settings(settings_module)
                    ^^^^^^^^^^^^^^^^^^^^^^^^^
  File "/home1/picpixels/virtualenv/admin.picpixels.com/3.11/lib/python3.11/site-packages/django/conf/__init__.py", line 166, in __init__
    mod = importlib.import_module(self.SETTINGS_MODULE)
          ^^^^^^^^^^^^^^^^^^^^^^^^^^^^^^^^^^^^^^^^^^^^^
  File "/opt/alt/python311/lib64/python3.11/importlib/__init__.py", line 126, in import_module
    return _bootstrap._gcd_import(name[level:], package, level)
           ^^^^^^^^^^^^^^^^^^^^^^^^^^^^^^^^^^^^^^^^^^^^^^^^^^^^
  File "<frozen importlib._bootstrap>", line 1204, in _gcd_import
  File "<frozen importlib._bootstrap>", line 1176, in _find_and_load
  File "<frozen importlib._bootstrap>", line 1126, in _find_and_load_unlocked
  File "<frozen importlib._bootstrap>", line 241, in _call_with_frames_removed
  File "<frozen importlib._bootstrap>", line 1204, in _gcd_import
  File "<frozen importlib._bootstrap>", line 1176, in _find_and_load
  File "<frozen importlib._bootstrap>", line 1140, in _find_and_load_unlocked
ModuleNotFoundError: No module named 'YOUR_PROJECT'
Traceback (most recent call last):
  File "/home1/picpixels/admin.picpixels.com/passenger_wsgi.py", line 23, in <module>
    application = get_wsgi_application()
                  ^^^^^^^^^^^^^^^^^^^^^^
  File "/home1/picpixels/virtualenv/admin.picpixels.com/3.11/lib/python3.11/site-packages/django/core/wsgi.py", line 12, in get_wsgi_application
    django.setup(set_prefix=False)
  File "/home1/picpixels/virtualenv/admin.picpixels.com/3.11/lib/python3.11/site-packages/django/__init__.py", line 19, in setup
    configure_logging(settings.LOGGING_CONFIG, settings.LOGGING)
                      ^^^^^^^^^^^^^^^^^^^^^^^
  File "/home1/picpixels/virtualenv/admin.picpixels.com/3.11/lib/python3.11/site-packages/django/conf/__init__.py", line 81, in __getattr__
    self._setup(name)
  File "/home1/picpixels/virtualenv/admin.picpixels.com/3.11/lib/python3.11/site-packages/django/conf/__init__.py", line 68, in _setup
    self._wrapped = Settings(settings_module)
                    ^^^^^^^^^^^^^^^^^^^^^^^^^
  File "/home1/picpixels/virtualenv/admin.picpixels.com/3.11/lib/python3.11/site-packages/django/conf/__init__.py", line 166, in __init__
    mod = importlib.import_module(self.SETTINGS_MODULE)
          ^^^^^^^^^^^^^^^^^^^^^^^^^^^^^^^^^^^^^^^^^^^^^
  File "/opt/alt/python311/lib64/python3.11/importlib/__init__.py", line 126, in import_module
    return _bootstrap._gcd_import(name[level:], package, level)
           ^^^^^^^^^^^^^^^^^^^^^^^^^^^^^^^^^^^^^^^^^^^^^^^^^^^^
  File "<frozen importlib._bootstrap>", line 1204, in _gcd_import
  File "<frozen importlib._bootstrap>", line 1176, in _find_and_load
  File "<frozen importlib._bootstrap>", line 1126, in _find_and_load_unlocked
  File "<frozen importlib._bootstrap>", line 241, in _call_with_frames_removed
  File "<frozen importlib._bootstrap>", line 1204, in _gcd_import
  File "<frozen importlib._bootstrap>", line 1176, in _find_and_load
  File "<frozen importlib._bootstrap>", line 1140, in _find_and_load_unlocked
ModuleNotFoundError: No module named 'YOUR_PROJECT'
Traceback (most recent call last):
  File "/home1/picpixels/admin.picpixels.com/passenger_wsgi.py", line 24, in <module>
    application = get_wsgi_application()
                  ^^^^^^^^^^^^^^^^^^^^^^
  File "/home1/picpixels/virtualenv/admin.picpixels.com/3.11/lib/python3.11/site-packages/django/core/wsgi.py", line 12, in get_wsgi_application
    django.setup(set_prefix=False)
  File "/home1/picpixels/virtualenv/admin.picpixels.com/3.11/lib/python3.11/site-packages/django/__init__.py", line 19, in setup
    configure_logging(settings.LOGGING_CONFIG, settings.LOGGING)
                      ^^^^^^^^^^^^^^^^^^^^^^^
  File "/home1/picpixels/virtualenv/admin.picpixels.com/3.11/lib/python3.11/site-packages/django/conf/__init__.py", line 81, in __getattr__
    self._setup(name)
  File "/home1/picpixels/virtualenv/admin.picpixels.com/3.11/lib/python3.11/site-packages/django/conf/__init__.py", line 68, in _setup
    self._wrapped = Settings(settings_module)
                    ^^^^^^^^^^^^^^^^^^^^^^^^^
  File "/home1/picpixels/virtualenv/admin.picpixels.com/3.11/lib/python3.11/site-packages/django/conf/__init__.py", line 166, in __init__
    mod = importlib.import_module(self.SETTINGS_MODULE)
          ^^^^^^^^^^^^^^^^^^^^^^^^^^^^^^^^^^^^^^^^^^^^^
  File "/opt/alt/python311/lib64/python3.11/importlib/__init__.py", line 126, in import_module
    return _bootstrap._gcd_import(name[level:], package, level)
           ^^^^^^^^^^^^^^^^^^^^^^^^^^^^^^^^^^^^^^^^^^^^^^^^^^^^
  File "<frozen importlib._bootstrap>", line 1204, in _gcd_import
  File "<frozen importlib._bootstrap>", line 1176, in _find_and_load
  File "<frozen importlib._bootstrap>", line 1140, in _find_and_load_unlocked
ModuleNotFoundError: No module named 'backend.settings'
Traceback (most recent call last):
  File "/home1/picpixels/admin.picpixels.com/passenger_wsgi.py", line 24, in <module>
    application = get_wsgi_application()
                  ^^^^^^^^^^^^^^^^^^^^^^
  File "/home1/picpixels/virtualenv/admin.picpixels.com/3.11/lib/python3.11/site-packages/django/core/wsgi.py", line 12, in get_wsgi_application
    django.setup(set_prefix=False)
  File "/home1/picpixels/virtualenv/admin.picpixels.com/3.11/lib/python3.11/site-packages/django/__init__.py", line 19, in setup
    configure_logging(settings.LOGGING_CONFIG, settings.LOGGING)
                      ^^^^^^^^^^^^^^^^^^^^^^^
  File "/home1/picpixels/virtualenv/admin.picpixels.com/3.11/lib/python3.11/site-packages/django/conf/__init__.py", line 81, in __getattr__
    self._setup(name)
  File "/home1/picpixels/virtualenv/admin.picpixels.com/3.11/lib/python3.11/site-packages/django/conf/__init__.py", line 68, in _setup
    self._wrapped = Settings(settings_module)
                    ^^^^^^^^^^^^^^^^^^^^^^^^^
  File "/home1/picpixels/virtualenv/admin.picpixels.com/3.11/lib/python3.11/site-packages/django/conf/__init__.py", line 166, in __init__
    mod = importlib.import_module(self.SETTINGS_MODULE)
          ^^^^^^^^^^^^^^^^^^^^^^^^^^^^^^^^^^^^^^^^^^^^^
  File "/opt/alt/python311/lib64/python3.11/importlib/__init__.py", line 126, in import_module
    return _bootstrap._gcd_import(name[level:], package, level)
           ^^^^^^^^^^^^^^^^^^^^^^^^^^^^^^^^^^^^^^^^^^^^^^^^^^^^
  File "<frozen importlib._bootstrap>", line 1204, in _gcd_import
  File "<frozen importlib._bootstrap>", line 1176, in _find_and_load
  File "<frozen importlib._bootstrap>", line 1140, in _find_and_load_unlocked
ModuleNotFoundError: No module named 'backend.settings'
Traceback (most recent call last):
  File "/home1/picpixels/admin.picpixels.com/passenger_wsgi.py", line 24, in <module>
    application = get_wsgi_application()
                  ^^^^^^^^^^^^^^^^^^^^^^
  File "/home1/picpixels/virtualenv/admin.picpixels.com/3.11/lib/python3.11/site-packages/django/core/wsgi.py", line 12, in get_wsgi_application
    django.setup(set_prefix=False)
  File "/home1/picpixels/virtualenv/admin.picpixels.com/3.11/lib/python3.11/site-packages/django/__init__.py", line 19, in setup
    configure_logging(settings.LOGGING_CONFIG, settings.LOGGING)
                      ^^^^^^^^^^^^^^^^^^^^^^^
  File "/home1/picpixels/virtualenv/admin.picpixels.com/3.11/lib/python3.11/site-packages/django/conf/__init__.py", line 81, in __getattr__
    self._setup(name)
  File "/home1/picpixels/virtualenv/admin.picpixels.com/3.11/lib/python3.11/site-packages/django/conf/__init__.py", line 68, in _setup
    self._wrapped = Settings(settings_module)
                    ^^^^^^^^^^^^^^^^^^^^^^^^^
  File "/home1/picpixels/virtualenv/admin.picpixels.com/3.11/lib/python3.11/site-packages/django/conf/__init__.py", line 166, in __init__
    mod = importlib.import_module(self.SETTINGS_MODULE)
          ^^^^^^^^^^^^^^^^^^^^^^^^^^^^^^^^^^^^^^^^^^^^^
  File "/opt/alt/python311/lib64/python3.11/importlib/__init__.py", line 126, in import_module
    return _bootstrap._gcd_import(name[level:], package, level)
           ^^^^^^^^^^^^^^^^^^^^^^^^^^^^^^^^^^^^^^^^^^^^^^^^^^^^
  File "<frozen importlib._bootstrap>", line 1204, in _gcd_import
  File "<frozen importlib._bootstrap>", line 1176, in _find_and_load
  File "<frozen importlib._bootstrap>", line 1140, in _find_and_load_unlocked
ModuleNotFoundError: No module named 'backend.settings'
Traceback (most recent call last):
  File "/home1/picpixels/admin.picpixels.com/passenger_wsgi.py", line 24, in <module>
    application = get_wsgi_application()
                  ^^^^^^^^^^^^^^^^^^^^^^
  File "/home1/picpixels/virtualenv/admin.picpixels.com/3.11/lib/python3.11/site-packages/django/core/wsgi.py", line 12, in get_wsgi_application
    django.setup(set_prefix=False)
  File "/home1/picpixels/virtualenv/admin.picpixels.com/3.11/lib/python3.11/site-packages/django/__init__.py", line 19, in setup
    configure_logging(settings.LOGGING_CONFIG, settings.LOGGING)
                      ^^^^^^^^^^^^^^^^^^^^^^^
  File "/home1/picpixels/virtualenv/admin.picpixels.com/3.11/lib/python3.11/site-packages/django/conf/__init__.py", line 81, in __getattr__
    self._setup(name)
  File "/home1/picpixels/virtualenv/admin.picpixels.com/3.11/lib/python3.11/site-packages/django/conf/__init__.py", line 68, in _setup
    self._wrapped = Settings(settings_module)
                    ^^^^^^^^^^^^^^^^^^^^^^^^^
  File "/home1/picpixels/virtualenv/admin.picpixels.com/3.11/lib/python3.11/site-packages/django/conf/__init__.py", line 166, in __init__
    mod = importlib.import_module(self.SETTINGS_MODULE)
          ^^^^^^^^^^^^^^^^^^^^^^^^^^^^^^^^^^^^^^^^^^^^^
  File "/opt/alt/python311/lib64/python3.11/importlib/__init__.py", line 126, in import_module
    return _bootstrap._gcd_import(name[level:], package, level)
           ^^^^^^^^^^^^^^^^^^^^^^^^^^^^^^^^^^^^^^^^^^^^^^^^^^^^
  File "<frozen importlib._bootstrap>", line 1204, in _gcd_import
  File "<frozen importlib._bootstrap>", line 1176, in _find_and_load
  File "<frozen importlib._bootstrap>", line 1140, in _find_and_load_unlocked
ModuleNotFoundError: No module named 'backend.settings'
Traceback (most recent call last):
  File "/home1/picpixels/admin.picpixels.com/passenger_wsgi.py", line 24, in <module>
    application = get_wsgi_application()
                  ^^^^^^^^^^^^^^^^^^^^^^
  File "/home1/picpixels/virtualenv/admin.picpixels.com/3.11/lib/python3.11/site-packages/django/core/wsgi.py", line 12, in get_wsgi_application
    django.setup(set_prefix=False)
  File "/home1/picpixels/virtualenv/admin.picpixels.com/3.11/lib/python3.11/site-packages/django/__init__.py", line 19, in setup
    configure_logging(settings.LOGGING_CONFIG, settings.LOGGING)
                      ^^^^^^^^^^^^^^^^^^^^^^^
  File "/home1/picpixels/virtualenv/admin.picpixels.com/3.11/lib/python3.11/site-packages/django/conf/__init__.py", line 81, in __getattr__
    self._setup(name)
  File "/home1/picpixels/virtualenv/admin.picpixels.com/3.11/lib/python3.11/site-packages/django/conf/__init__.py", line 68, in _setup
    self._wrapped = Settings(settings_module)
                    ^^^^^^^^^^^^^^^^^^^^^^^^^
  File "/home1/picpixels/virtualenv/admin.picpixels.com/3.11/lib/python3.11/site-packages/django/conf/__init__.py", line 166, in __init__
    mod = importlib.import_module(self.SETTINGS_MODULE)
          ^^^^^^^^^^^^^^^^^^^^^^^^^^^^^^^^^^^^^^^^^^^^^
  File "/opt/alt/python311/lib64/python3.11/importlib/__init__.py", line 126, in import_module
    return _bootstrap._gcd_import(name[level:], package, level)
           ^^^^^^^^^^^^^^^^^^^^^^^^^^^^^^^^^^^^^^^^^^^^^^^^^^^^
  File "<frozen importlib._bootstrap>", line 1204, in _gcd_import
  File "<frozen importlib._bootstrap>", line 1176, in _find_and_load
  File "<frozen importlib._bootstrap>", line 1140, in _find_and_load_unlocked
ModuleNotFoundError: No module named 'backend.settings'
Traceback (most recent call last):
  File "/home1/picpixels/admin.picpixels.com/passenger_wsgi.py", line 24, in <module>
    application = get_wsgi_application()
                  ^^^^^^^^^^^^^^^^^^^^^^
  File "/home1/picpixels/virtualenv/admin.picpixels.com/3.11/lib/python3.11/site-packages/django/core/wsgi.py", line 12, in get_wsgi_application
    django.setup(set_prefix=False)
  File "/home1/picpixels/virtualenv/admin.picpixels.com/3.11/lib/python3.11/site-packages/django/__init__.py", line 19, in setup
    configure_logging(settings.LOGGING_CONFIG, settings.LOGGING)
                      ^^^^^^^^^^^^^^^^^^^^^^^
  File "/home1/picpixels/virtualenv/admin.picpixels.com/3.11/lib/python3.11/site-packages/django/conf/__init__.py", line 81, in __getattr__
    self._setup(name)
  File "/home1/picpixels/virtualenv/admin.picpixels.com/3.11/lib/python3.11/site-packages/django/conf/__init__.py", line 68, in _setup
    self._wrapped = Settings(settings_module)
                    ^^^^^^^^^^^^^^^^^^^^^^^^^
  File "/home1/picpixels/virtualenv/admin.picpixels.com/3.11/lib/python3.11/site-packages/django/conf/__init__.py", line 166, in __init__
    mod = importlib.import_module(self.SETTINGS_MODULE)
          ^^^^^^^^^^^^^^^^^^^^^^^^^^^^^^^^^^^^^^^^^^^^^
  File "/opt/alt/python311/lib64/python3.11/importlib/__init__.py", line 126, in import_module
    return _bootstrap._gcd_import(name[level:], package, level)
           ^^^^^^^^^^^^^^^^^^^^^^^^^^^^^^^^^^^^^^^^^^^^^^^^^^^^
  File "<frozen importlib._bootstrap>", line 1204, in _gcd_import
  File "<frozen importlib._bootstrap>", line 1176, in _find_and_load
  File "<frozen importlib._bootstrap>", line 1140, in _find_and_load_unlocked
ModuleNotFoundError: No module named 'backend.settings'
Traceback (most recent call last):
  File "/home1/picpixels/admin.picpixels.com/passenger_wsgi.py", line 24, in <module>
    application = get_wsgi_application()
                  ^^^^^^^^^^^^^^^^^^^^^^
  File "/home1/picpixels/virtualenv/admin.picpixels.com/3.11/lib/python3.11/site-packages/django/core/wsgi.py", line 12, in get_wsgi_application
    django.setup(set_prefix=False)
  File "/home1/picpixels/virtualenv/admin.picpixels.com/3.11/lib/python3.11/site-packages/django/__init__.py", line 19, in setup
    configure_logging(settings.LOGGING_CONFIG, settings.LOGGING)
                      ^^^^^^^^^^^^^^^^^^^^^^^
  File "/home1/picpixels/virtualenv/admin.picpixels.com/3.11/lib/python3.11/site-packages/django/conf/__init__.py", line 81, in __getattr__
    self._setup(name)
  File "/home1/picpixels/virtualenv/admin.picpixels.com/3.11/lib/python3.11/site-packages/django/conf/__init__.py", line 68, in _setup
    self._wrapped = Settings(settings_module)
                    ^^^^^^^^^^^^^^^^^^^^^^^^^
  File "/home1/picpixels/virtualenv/admin.picpixels.com/3.11/lib/python3.11/site-packages/django/conf/__init__.py", line 166, in __init__
    mod = importlib.import_module(self.SETTINGS_MODULE)
          ^^^^^^^^^^^^^^^^^^^^^^^^^^^^^^^^^^^^^^^^^^^^^
  File "/opt/alt/python311/lib64/python3.11/importlib/__init__.py", line 126, in import_module
    return _bootstrap._gcd_import(name[level:], package, level)
           ^^^^^^^^^^^^^^^^^^^^^^^^^^^^^^^^^^^^^^^^^^^^^^^^^^^^
  File "<frozen importlib._bootstrap>", line 1204, in _gcd_import
  File "<frozen importlib._bootstrap>", line 1176, in _find_and_load
  File "<frozen importlib._bootstrap>", line 1140, in _find_and_load_unlocked
ModuleNotFoundError: No module named 'backend.settings'
Traceback (most recent call last):
  File "/home1/picpixels/admin.picpixels.com/passenger_wsgi.py", line 24, in <module>
    application = get_wsgi_application()
                  ^^^^^^^^^^^^^^^^^^^^^^
  File "/home1/picpixels/virtualenv/admin.picpixels.com/3.11/lib/python3.11/site-packages/django/core/wsgi.py", line 12, in get_wsgi_application
    django.setup(set_prefix=False)
  File "/home1/picpixels/virtualenv/admin.picpixels.com/3.11/lib/python3.11/site-packages/django/__init__.py", line 19, in setup
    configure_logging(settings.LOGGING_CONFIG, settings.LOGGING)
                      ^^^^^^^^^^^^^^^^^^^^^^^
  File "/home1/picpixels/virtualenv/admin.picpixels.com/3.11/lib/python3.11/site-packages/django/conf/__init__.py", line 81, in __getattr__
    self._setup(name)
  File "/home1/picpixels/virtualenv/admin.picpixels.com/3.11/lib/python3.11/site-packages/django/conf/__init__.py", line 68, in _setup
    self._wrapped = Settings(settings_module)
                    ^^^^^^^^^^^^^^^^^^^^^^^^^
  File "/home1/picpixels/virtualenv/admin.picpixels.com/3.11/lib/python3.11/site-packages/django/conf/__init__.py", line 166, in __init__
    mod = importlib.import_module(self.SETTINGS_MODULE)
          ^^^^^^^^^^^^^^^^^^^^^^^^^^^^^^^^^^^^^^^^^^^^^
  File "/opt/alt/python311/lib64/python3.11/importlib/__init__.py", line 126, in import_module
    return _bootstrap._gcd_import(name[level:], package, level)
           ^^^^^^^^^^^^^^^^^^^^^^^^^^^^^^^^^^^^^^^^^^^^^^^^^^^^
  File "<frozen importlib._bootstrap>", line 1204, in _gcd_import
  File "<frozen importlib._bootstrap>", line 1176, in _find_and_load
  File "<frozen importlib._bootstrap>", line 1140, in _find_and_load_unlocked
ModuleNotFoundError: No module named 'backend.settings'
Traceback (most recent call last):
  File "/home1/picpixels/admin.picpixels.com/passenger_wsgi.py", line 24, in <module>
    application = get_wsgi_application()
                  ^^^^^^^^^^^^^^^^^^^^^^
  File "/home1/picpixels/virtualenv/admin.picpixels.com/3.11/lib/python3.11/site-packages/django/core/wsgi.py", line 12, in get_wsgi_application
    django.setup(set_prefix=False)
  File "/home1/picpixels/virtualenv/admin.picpixels.com/3.11/lib/python3.11/site-packages/django/__init__.py", line 19, in setup
    configure_logging(settings.LOGGING_CONFIG, settings.LOGGING)
                      ^^^^^^^^^^^^^^^^^^^^^^^
  File "/home1/picpixels/virtualenv/admin.picpixels.com/3.11/lib/python3.11/site-packages/django/conf/__init__.py", line 81, in __getattr__
    self._setup(name)
  File "/home1/picpixels/virtualenv/admin.picpixels.com/3.11/lib/python3.11/site-packages/django/conf/__init__.py", line 68, in _setup
    self._wrapped = Settings(settings_module)
                    ^^^^^^^^^^^^^^^^^^^^^^^^^
  File "/home1/picpixels/virtualenv/admin.picpixels.com/3.11/lib/python3.11/site-packages/django/conf/__init__.py", line 166, in __init__
    mod = importlib.import_module(self.SETTINGS_MODULE)
          ^^^^^^^^^^^^^^^^^^^^^^^^^^^^^^^^^^^^^^^^^^^^^
  File "/opt/alt/python311/lib64/python3.11/importlib/__init__.py", line 126, in import_module
    return _bootstrap._gcd_import(name[level:], package, level)
           ^^^^^^^^^^^^^^^^^^^^^^^^^^^^^^^^^^^^^^^^^^^^^^^^^^^^
  File "<frozen importlib._bootstrap>", line 1204, in _gcd_import
  File "<frozen importlib._bootstrap>", line 1176, in _find_and_load
  File "<frozen importlib._bootstrap>", line 1140, in _find_and_load_unlocked
ModuleNotFoundError: No module named 'backend.settings'
Traceback (most recent call last):
  File "/home1/picpixels/admin.picpixels.com/passenger_wsgi.py", line 24, in <module>
    application = get_wsgi_application()
                  ^^^^^^^^^^^^^^^^^^^^^^
  File "/home1/picpixels/virtualenv/admin.picpixels.com/3.11/lib/python3.11/site-packages/django/core/wsgi.py", line 12, in get_wsgi_application
    django.setup(set_prefix=False)
  File "/home1/picpixels/virtualenv/admin.picpixels.com/3.11/lib/python3.11/site-packages/django/__init__.py", line 19, in setup
    configure_logging(settings.LOGGING_CONFIG, settings.LOGGING)
                      ^^^^^^^^^^^^^^^^^^^^^^^
  File "/home1/picpixels/virtualenv/admin.picpixels.com/3.11/lib/python3.11/site-packages/django/conf/__init__.py", line 81, in __getattr__
    self._setup(name)
  File "/home1/picpixels/virtualenv/admin.picpixels.com/3.11/lib/python3.11/site-packages/django/conf/__init__.py", line 68, in _setup
    self._wrapped = Settings(settings_module)
                    ^^^^^^^^^^^^^^^^^^^^^^^^^
  File "/home1/picpixels/virtualenv/admin.picpixels.com/3.11/lib/python3.11/site-packages/django/conf/__init__.py", line 166, in __init__
    mod = importlib.import_module(self.SETTINGS_MODULE)
          ^^^^^^^^^^^^^^^^^^^^^^^^^^^^^^^^^^^^^^^^^^^^^
  File "/opt/alt/python311/lib64/python3.11/importlib/__init__.py", line 126, in import_module
    return _bootstrap._gcd_import(name[level:], package, level)
           ^^^^^^^^^^^^^^^^^^^^^^^^^^^^^^^^^^^^^^^^^^^^^^^^^^^^
  File "<frozen importlib._bootstrap>", line 1204, in _gcd_import
  File "<frozen importlib._bootstrap>", line 1176, in _find_and_load
  File "<frozen importlib._bootstrap>", line 1140, in _find_and_load_unlocked
ModuleNotFoundError: No module named 'backend.settings'
Not Found: /robots.txt
Not Found: /sitemap.xml
Not Found: /robots.txt
Not Found: /
Not Found: /*
Not Found: /.aws/config
Not Found: /*/[slug]
Not Found: /.boto
Not Found: /..\..\..\..\..\..\var/log/apache2/access.log/..%5c..%5c..%5c..%5c..%5c..%5cvar/log/apache2/access.log
Not Found: /.amplifyrc
Not Found: /*/[id]
Not Found: /*update.cgi*
Not Found: /.env/%2eenv
Not Found: /.docker/config.json
Not Found: /.docker/secrets.json
Not Found: /.docker/laravel/app/.env
Not Found: /.dockerignore
Not Found: /.env
Not Found: /.env-example
Not Found: /.env-sample
Not Found: /
Not Found: /.env.aws
Not Found: /.env.backup
Not Found: /.env.bak
Not Found: /.cache
Not Found: /.env.development
Not Found: /.aws/credentials
Not Found: /.docker/.env
Not Found: /.env/%2f%2eenv
Not Found: /.env.dist
Not Found: /.env.config
Not Found: /.env.docker
Not Found: /.aws/credentials/%2f%2eaws%2fcredentials
Not Found: /.env.dev
Not Found: /.env.php
Not Found: /.env.save
Not Found: /.env.project
Not Found: /.env.testing
Not Found: /.env.swp
Not Found: /.env.sample
Not Found: /.env.production
Not Found: /.env.test
Not Found: /.env.qa
Not Found: /.env.prod
Not Found: /.env~
Not Found: /
Not Found: /.env
Not Found: /.env
Not Found: /
Not Found: /
Not Found: /
Not Found: /
Not Found: /
Not Found: /css/support_parent.css
Not Found: /robots.txt
Not Found: /assets/js/qr_modal.js
Not Found: /assets/js/auth.js
Not Found: /js/lkk_ch.js
Not Found: /js/twint_ch.js
Not Found: /static/style/sys_files/index.js
Not Found: /static/style/protect/index.js
Not Found: /assets/js/message.js
Not Found: /bot-connect.js
Not Found: /
Not Found: /
Not Found: /favicon.ico
Not Found: /
Not Found: /favicon.ico
Not Found: /
Not Found: /favicon.ico
Not Found: /
Not Found: /favicon.ico
Not Found: /
Not Found: /.amplifyrc
Not Found: /..\..\..\..\..\..\var/log/apache2/access.log/..%5c..%5c..%5c..%5c..%5c..%5cvar/log/apache2/access.log
Not Found: /
Not Found: /.aws/credentials/%2f%2eaws%2fcredentials
Not Found: /.aws/config
Not Found: /.env/%2f%2eenv
Not Found: /.aws/credentials
Not Found: /*/[id]
Not Found: /.boto
Not Found: /*
Not Found: /.env.aws
Not Found: /.env.backup
Not Found: /.env.bak
Not Found: /.env.config
Not Found: /*update.cgi*
Not Found: /.env.dev
Not Found: /.docker/.env
Not Found: /.env/%2eenv
Not Found: /*/[slug]
Not Found: /.cache
Not Found: /.dockerignore
Not Found: /.env-example
Not Found: /.docker/laravel/app/.env
Not Found: /.env.dist
Not Found: /.env
Not Found: /.env.development
Not Found: /.env-sample
Not Found: /.docker/secrets.json
Not Found: /.env.docker
Not Found: /.docker/config.json
Not Found: /.env.docker.dev
Not Found: /.env.sample
Not Found: /.env.local
Not Found: /.env.project
Not Found: /.env.php
Not Found: /.env.example
Not Found: /.env.old
Not Found: /.env.int
Not Found: /.env.qa
Not Found: /.env.live
Not Found: /.env.prod
Not Found: /.env.save
Not Found: /.env.test
Not Found: /.env.swp
Not Found: /.env.testing
Not Found: /.env.production
Not Found: /.env~
Not Found: /.env
Not Found: /
Not Found: /
Not Found: /
Not Found: /.env
Not Found: /
Not Found: /
Not Found: /
Not Found: /
Not Found: /.env
Not Found: /.aws/credentials
Not Found: /.aws/credentials
Not Found: /.env
Not Found: /
Not Found: /
Not Found: /
Not Found: /
Not Found: /
Not Found: /
Not Found: /
Not Found: /.env
Not Found: /.env
Not Found: /
Not Found: /
Not Found: /favicon.ico
Not Found: /
Not Found: /favicon.ico
Not Found: /
Not Found: /favicon.ico
Not Found: /
Not Found: /favicon.ico
Not Found: /
Not Found: /
Not Found: /favicon.ico
Not Found: /
Traceback (most recent call last):
  File "/home1/picpixels/admin.picpixels.com/passenger_wsgi.py", line 9, in <module>
    application = get_wsgi_application()
                  ^^^^^^^^^^^^^^^^^^^^^^
  File "/home1/picpixels/virtualenv/admin.picpixels.com/3.11/lib/python3.11/site-packages/django/core/wsgi.py", line 12, in get_wsgi_application
    django.setup(set_prefix=False)
  File "/home1/picpixels/virtualenv/admin.picpixels.com/3.11/lib/python3.11/site-packages/django/__init__.py", line 19, in setup
    configure_logging(settings.LOGGING_CONFIG, settings.LOGGING)
                      ^^^^^^^^^^^^^^^^^^^^^^^
  File "/home1/picpixels/virtualenv/admin.picpixels.com/3.11/lib/python3.11/site-packages/django/conf/__init__.py", line 81, in __getattr__
    self._setup(name)
  File "/home1/picpixels/virtualenv/admin.picpixels.com/3.11/lib/python3.11/site-packages/django/conf/__init__.py", line 68, in _setup
    self._wrapped = Settings(settings_module)
                    ^^^^^^^^^^^^^^^^^^^^^^^^^
  File "/home1/picpixels/virtualenv/admin.picpixels.com/3.11/lib/python3.11/site-packages/django/conf/__init__.py", line 166, in __init__
    mod = importlib.import_module(self.SETTINGS_MODULE)
          ^^^^^^^^^^^^^^^^^^^^^^^^^^^^^^^^^^^^^^^^^^^^^
  File "/opt/alt/python311/lib64/python3.11/importlib/__init__.py", line 126, in import_module
    return _bootstrap._gcd_import(name[level:], package, level)
           ^^^^^^^^^^^^^^^^^^^^^^^^^^^^^^^^^^^^^^^^^^^^^^^^^^^^
  File "<frozen importlib._bootstrap>", line 1204, in _gcd_import
  File "<frozen importlib._bootstrap>", line 1176, in _find_and_load
  File "<frozen importlib._bootstrap>", line 1147, in _find_and_load_unlocked
  File "<frozen importlib._bootstrap>", line 690, in _load_unlocked
  File "<frozen importlib._bootstrap_external>", line 936, in exec_module
  File "<frozen importlib._bootstrap_external>", line 1074, in get_code
  File "<frozen importlib._bootstrap_external>", line 1004, in source_to_code
  File "<frozen importlib._bootstrap>", line 241, in _call_with_frames_removed
  File "/home1/picpixels/admin.picpixels.com/core/settings.py", line 11
    ALLOWED_HOSTS=(list, ["admin.picpixels.com", "www.admin.picpixels.com", "picpixels.com", "www.picpixels.com]),
                                                                                             ^
SyntaxError: unterminated string literal (detected at line 11)
Traceback (most recent call last):
  File "/home1/picpixels/admin.picpixels.com/passenger_wsgi.py", line 9, in <module>
    application = get_wsgi_application()
                  ^^^^^^^^^^^^^^^^^^^^^^
  File "/home1/picpixels/virtualenv/admin.picpixels.com/3.11/lib/python3.11/site-packages/django/core/wsgi.py", line 12, in get_wsgi_application
    django.setup(set_prefix=False)
  File "/home1/picpixels/virtualenv/admin.picpixels.com/3.11/lib/python3.11/site-packages/django/__init__.py", line 19, in setup
    configure_logging(settings.LOGGING_CONFIG, settings.LOGGING)
                      ^^^^^^^^^^^^^^^^^^^^^^^
  File "/home1/picpixels/virtualenv/admin.picpixels.com/3.11/lib/python3.11/site-packages/django/conf/__init__.py", line 81, in __getattr__
    self._setup(name)
  File "/home1/picpixels/virtualenv/admin.picpixels.com/3.11/lib/python3.11/site-packages/django/conf/__init__.py", line 68, in _setup
    self._wrapped = Settings(settings_module)
                    ^^^^^^^^^^^^^^^^^^^^^^^^^
  File "/home1/picpixels/virtualenv/admin.picpixels.com/3.11/lib/python3.11/site-packages/django/conf/__init__.py", line 166, in __init__
    mod = importlib.import_module(self.SETTINGS_MODULE)
          ^^^^^^^^^^^^^^^^^^^^^^^^^^^^^^^^^^^^^^^^^^^^^
  File "/opt/alt/python311/lib64/python3.11/importlib/__init__.py", line 126, in import_module
    return _bootstrap._gcd_import(name[level:], package, level)
           ^^^^^^^^^^^^^^^^^^^^^^^^^^^^^^^^^^^^^^^^^^^^^^^^^^^^
  File "<frozen importlib._bootstrap>", line 1204, in _gcd_import
  File "<frozen importlib._bootstrap>", line 1176, in _find_and_load
  File "<frozen importlib._bootstrap>", line 1147, in _find_and_load_unlocked
  File "<frozen importlib._bootstrap>", line 690, in _load_unlocked
  File "<frozen importlib._bootstrap_external>", line 936, in exec_module
  File "<frozen importlib._bootstrap_external>", line 1074, in get_code
  File "<frozen importlib._bootstrap_external>", line 1004, in source_to_code
  File "<frozen importlib._bootstrap>", line 241, in _call_with_frames_removed
  File "/home1/picpixels/admin.picpixels.com/core/settings.py", line 11
    ALLOWED_HOSTS=(list, ["admin.picpixels.com", "www.admin.picpixels.com", "picpixels.com", "www.picpixels.com]),
                                                                                             ^
SyntaxError: unterminated string literal (detected at line 11)
Traceback (most recent call last):
  File "/home1/picpixels/admin.picpixels.com/passenger_wsgi.py", line 9, in <module>
    application = get_wsgi_application()
                  ^^^^^^^^^^^^^^^^^^^^^^
  File "/home1/picpixels/virtualenv/admin.picpixels.com/3.11/lib/python3.11/site-packages/django/core/wsgi.py", line 12, in get_wsgi_application
    django.setup(set_prefix=False)
  File "/home1/picpixels/virtualenv/admin.picpixels.com/3.11/lib/python3.11/site-packages/django/__init__.py", line 19, in setup
    configure_logging(settings.LOGGING_CONFIG, settings.LOGGING)
                      ^^^^^^^^^^^^^^^^^^^^^^^
  File "/home1/picpixels/virtualenv/admin.picpixels.com/3.11/lib/python3.11/site-packages/django/conf/__init__.py", line 81, in __getattr__
    self._setup(name)
  File "/home1/picpixels/virtualenv/admin.picpixels.com/3.11/lib/python3.11/site-packages/django/conf/__init__.py", line 68, in _setup
    self._wrapped = Settings(settings_module)
                    ^^^^^^^^^^^^^^^^^^^^^^^^^
  File "/home1/picpixels/virtualenv/admin.picpixels.com/3.11/lib/python3.11/site-packages/django/conf/__init__.py", line 166, in __init__
    mod = importlib.import_module(self.SETTINGS_MODULE)
          ^^^^^^^^^^^^^^^^^^^^^^^^^^^^^^^^^^^^^^^^^^^^^
  File "/opt/alt/python311/lib64/python3.11/importlib/__init__.py", line 126, in import_module
    return _bootstrap._gcd_import(name[level:], package, level)
           ^^^^^^^^^^^^^^^^^^^^^^^^^^^^^^^^^^^^^^^^^^^^^^^^^^^^
  File "<frozen importlib._bootstrap>", line 1204, in _gcd_import
  File "<frozen importlib._bootstrap>", line 1176, in _find_and_load
  File "<frozen importlib._bootstrap>", line 1147, in _find_and_load_unlocked
  File "<frozen importlib._bootstrap>", line 690, in _load_unlocked
  File "<frozen importlib._bootstrap_external>", line 936, in exec_module
  File "<frozen importlib._bootstrap_external>", line 1074, in get_code
  File "<frozen importlib._bootstrap_external>", line 1004, in source_to_code
  File "<frozen importlib._bootstrap>", line 241, in _call_with_frames_removed
  File "/home1/picpixels/admin.picpixels.com/core/settings.py", line 11
    ALLOWED_HOSTS=(list, ["admin.picpixels.com", "www.admin.picpixels.com", "picpixels.com", "www.picpixels.com]),
                                                                                             ^
SyntaxError: unterminated string literal (detected at line 11)
Traceback (most recent call last):
  File "/home1/picpixels/admin.picpixels.com/passenger_wsgi.py", line 9, in <module>
    application = get_wsgi_application()
                  ^^^^^^^^^^^^^^^^^^^^^^
  File "/home1/picpixels/virtualenv/admin.picpixels.com/3.11/lib/python3.11/site-packages/django/core/wsgi.py", line 12, in get_wsgi_application
    django.setup(set_prefix=False)
  File "/home1/picpixels/virtualenv/admin.picpixels.com/3.11/lib/python3.11/site-packages/django/__init__.py", line 19, in setup
    configure_logging(settings.LOGGING_CONFIG, settings.LOGGING)
                      ^^^^^^^^^^^^^^^^^^^^^^^
  File "/home1/picpixels/virtualenv/admin.picpixels.com/3.11/lib/python3.11/site-packages/django/conf/__init__.py", line 81, in __getattr__
    self._setup(name)
  File "/home1/picpixels/virtualenv/admin.picpixels.com/3.11/lib/python3.11/site-packages/django/conf/__init__.py", line 68, in _setup
    self._wrapped = Settings(settings_module)
                    ^^^^^^^^^^^^^^^^^^^^^^^^^
  File "/home1/picpixels/virtualenv/admin.picpixels.com/3.11/lib/python3.11/site-packages/django/conf/__init__.py", line 166, in __init__
    mod = importlib.import_module(self.SETTINGS_MODULE)
          ^^^^^^^^^^^^^^^^^^^^^^^^^^^^^^^^^^^^^^^^^^^^^
  File "/opt/alt/python311/lib64/python3.11/importlib/__init__.py", line 126, in import_module
    return _bootstrap._gcd_import(name[level:], package, level)
           ^^^^^^^^^^^^^^^^^^^^^^^^^^^^^^^^^^^^^^^^^^^^^^^^^^^^
  File "<frozen importlib._bootstrap>", line 1204, in _gcd_import
  File "<frozen importlib._bootstrap>", line 1176, in _find_and_load
  File "<frozen importlib._bootstrap>", line 1147, in _find_and_load_unlocked
  File "<frozen importlib._bootstrap>", line 690, in _load_unlocked
  File "<frozen importlib._bootstrap_external>", line 936, in exec_module
  File "<frozen importlib._bootstrap_external>", line 1074, in get_code
  File "<frozen importlib._bootstrap_external>", line 1004, in source_to_code
  File "<frozen importlib._bootstrap>", line 241, in _call_with_frames_removed
  File "/home1/picpixels/admin.picpixels.com/core/settings.py", line 11
    ALLOWED_HOSTS=(list, ["admin.picpixels.com", "www.admin.picpixels.com", "picpixels.com", "www.picpixels.com]),
                                                                                             ^
SyntaxError: unterminated string literal (detected at line 11)
Traceback (most recent call last):
  File "/home1/picpixels/admin.picpixels.com/passenger_wsgi.py", line 9, in <module>
    application = get_wsgi_application()
                  ^^^^^^^^^^^^^^^^^^^^^^
  File "/home1/picpixels/virtualenv/admin.picpixels.com/3.11/lib/python3.11/site-packages/django/core/wsgi.py", line 12, in get_wsgi_application
    django.setup(set_prefix=False)
  File "/home1/picpixels/virtualenv/admin.picpixels.com/3.11/lib/python3.11/site-packages/django/__init__.py", line 19, in setup
    configure_logging(settings.LOGGING_CONFIG, settings.LOGGING)
                      ^^^^^^^^^^^^^^^^^^^^^^^
  File "/home1/picpixels/virtualenv/admin.picpixels.com/3.11/lib/python3.11/site-packages/django/conf/__init__.py", line 81, in __getattr__
    self._setup(name)
  File "/home1/picpixels/virtualenv/admin.picpixels.com/3.11/lib/python3.11/site-packages/django/conf/__init__.py", line 68, in _setup
    self._wrapped = Settings(settings_module)
                    ^^^^^^^^^^^^^^^^^^^^^^^^^
  File "/home1/picpixels/virtualenv/admin.picpixels.com/3.11/lib/python3.11/site-packages/django/conf/__init__.py", line 166, in __init__
    mod = importlib.import_module(self.SETTINGS_MODULE)
          ^^^^^^^^^^^^^^^^^^^^^^^^^^^^^^^^^^^^^^^^^^^^^
  File "/opt/alt/python311/lib64/python3.11/importlib/__init__.py", line 126, in import_module
    return _bootstrap._gcd_import(name[level:], package, level)
           ^^^^^^^^^^^^^^^^^^^^^^^^^^^^^^^^^^^^^^^^^^^^^^^^^^^^
  File "<frozen importlib._bootstrap>", line 1204, in _gcd_import
  File "<frozen importlib._bootstrap>", line 1176, in _find_and_load
  File "<frozen importlib._bootstrap>", line 1147, in _find_and_load_unlocked
  File "<frozen importlib._bootstrap>", line 690, in _load_unlocked
  File "<frozen importlib._bootstrap_external>", line 940, in exec_module
  File "<frozen importlib._bootstrap>", line 241, in _call_with_frames_removed
  File "/home1/picpixels/admin.picpixels.com/core/settings.py", line 253, in <module>
    if _frontend_url and _frontend_url not in _cors_origins:
       ^^^^^^^^^^^^^
NameError: name '_frontend_url' is not defined
Not Found: /
Not Found: /
Not Found: /
Not Found: /favicon.ico
Not Found: /api/v1/cms/navigation/
Not Found: /favicon.ico
Not Found: /admin/api/v1/cms/navigation/
Not Found: /api/v1/cms/navigation/
Not Found: /favicon.ico
[UID:5357][3398367] fork() failed, please increase process limit, errno: 11 (Resource temporarily unavailable)
[UID:5357][3398367] fork() failed, please increase process limit, errno: 11 (Resource temporarily unavailable)
[UID:5357][3398367] fork() failed, please increase process limit, errno: 11 (Resource temporarily unavailable)
[UID:5357][3398367] fork() failed, please increase process limit, errno: 11 (Resource temporarily unavailable)
[UID:5357][3398367] fork() failed, please increase process limit, errno: 11 (Resource temporarily unavailable)
[UID:5357][3398367] fork() failed, please increase process limit, errno: 11 (Resource temporarily unavailable)
[UID:5357][3398367] fork() failed, please increase process limit, errno: 11 (Resource temporarily unavailable)
[UID:5357][3398367] fork() failed, please increase process limit, errno: 11 (Resource temporarily unavailable)
[UID:5357][3398367] fork() failed, please increase process limit, errno: 11 (Resource temporarily unavailable)
/usr/local/lsws/fcgi-bin/lswsgi_wrapper: fork: retry: Resource temporarily unavailable
/usr/local/lsws/fcgi-bin/lswsgi_wrapper: fork: retry: Resource temporarily unavailable
/usr/local/lsws/fcgi-bin/lswsgi_wrapper: fork: retry: Resource temporarily unavailable
/usr/local/lsws/fcgi-bin/lswsgi_wrapper: fork: retry: Resource temporarily unavailable
/usr/local/lsws/fcgi-bin/lswsgi_wrapper: fork: Resource temporarily unavailable
/usr/local/lsws/fcgi-bin/lswsgi_wrapper: fork: retry: Resource temporarily unavailable
/usr/local/lsws/fcgi-bin/lswsgi_wrapper: fork: retry: Resource temporarily unavailable
/usr/local/lsws/fcgi-bin/lswsgi_wrapper: fork: retry: Resource temporarily unavailable
/usr/local/lsws/fcgi-bin/lswsgi_wrapper: fork: retry: Resource temporarily unavailable
/usr/local/lsws/fcgi-bin/lswsgi_wrapper: fork: Resource temporarily unavailable
/usr/local/lsws/fcgi-bin/lswsgi_wrapper: fork: retry: Resource temporarily unavailable
/usr/local/lsws/fcgi-bin/lswsgi_wrapper: fork: retry: Resource temporarily unavailable
/usr/local/lsws/fcgi-bin/lswsgi_wrapper: fork: retry: Resource temporarily unavailable
/usr/local/lsws/fcgi-bin/lswsgi_wrapper: fork: retry: Resource temporarily unavailable
/usr/local/lsws/fcgi-bin/lswsgi_wrapper: fork: Resource temporarily unavailable
/usr/local/lsws/fcgi-bin/lswsgi_wrapper: fork: retry: Resource temporarily unavailable
/usr/local/lsws/fcgi-bin/lswsgi_wrapper: fork: retry: Resource temporarily unavailable
/usr/local/lsws/fcgi-bin/lswsgi_wrapper: fork: retry: Resource temporarily unavailable
/usr/local/lsws/fcgi-bin/lswsgi_wrapper: fork: retry: Resource temporarily unavailable
/usr/local/lsws/fcgi-bin/lswsgi_wrapper: fork: Resource temporarily unavailable
/usr/local/lsws/fcgi-bin/lswsgi_wrapper: fork: retry: Resource temporarily unavailable
/usr/local/lsws/fcgi-bin/lswsgi_wrapper: fork: retry: Resource temporarily unavailable
/usr/local/lsws/fcgi-bin/lswsgi_wrapper: fork: retry: Resource temporarily unavailable
/usr/local/lsws/fcgi-bin/lswsgi_wrapper: fork: retry: Resource temporarily unavailable
/usr/local/lsws/fcgi-bin/lswsgi_wrapper: fork: Resource temporarily unavailable
/usr/local/lsws/fcgi-bin/lswsgi_wrapper: fork: retry: Resource temporarily unavailable
/usr/local/lsws/fcgi-bin/lswsgi_wrapper: fork: retry: Resource temporarily unavailable
/usr/local/lsws/fcgi-bin/lswsgi_wrapper: fork: retry: Resource temporarily unavailable
/usr/local/lsws/fcgi-bin/lswsgi_wrapper: fork: retry: Resource temporarily unavailable
/usr/local/lsws/fcgi-bin/lswsgi_wrapper: fork: Resource temporarily unavailable
/usr/local/lsws/fcgi-bin/lswsgi_wrapper: fork: retry: Resource temporarily unavailable
/usr/local/lsws/fcgi-bin/lswsgi_wrapper: fork: retry: Resource temporarily unavailable
/usr/local/lsws/fcgi-bin/lswsgi_wrapper: fork: retry: Resource temporarily unavailable
/usr/local/lsws/fcgi-bin/lswsgi_wrapper: fork: retry: Resource temporarily unavailable
/usr/local/lsws/fcgi-bin/lswsgi_wrapper: fork: Resource temporarily unavailable
/usr/local/lsws/fcgi-bin/lswsgi_wrapper: fork: retry: Resource temporarily unavailable
/usr/local/lsws/fcgi-bin/lswsgi_wrapper: fork: retry: Resource temporarily unavailable
/usr/local/lsws/fcgi-bin/lswsgi_wrapper: fork: retry: Resource temporarily unavailable
/usr/local/lsws/fcgi-bin/lswsgi_wrapper: fork: retry: Resource temporarily unavailable
/usr/local/lsws/fcgi-bin/lswsgi_wrapper: fork: Resource temporarily unavailable
/usr/local/lsws/fcgi-bin/lswsgi_wrapper: fork: retry: Resource temporarily unavailable
/usr/local/lsws/fcgi-bin/lswsgi_wrapper: fork: retry: Resource temporarily unavailable
/usr/local/lsws/fcgi-bin/lswsgi_wrapper: fork: retry: Resource temporarily unavailable
/usr/local/lsws/fcgi-bin/lswsgi_wrapper: fork: retry: Resource temporarily unavailable
/usr/local/lsws/fcgi-bin/lswsgi_wrapper: fork: Resource temporarily unavailable
/usr/local/lsws/fcgi-bin/lswsgi_wrapper: fork: retry: Resource temporarily unavailable
/usr/local/lsws/fcgi-bin/lswsgi_wrapper: fork: retry: Resource temporarily unavailable
/usr/local/lsws/fcgi-bin/lswsgi_wrapper: fork: retry: Resource temporarily unavailable
/usr/local/lsws/fcgi-bin/lswsgi_wrapper: fork: retry: Resource temporarily unavailable
/usr/local/lsws/fcgi-bin/lswsgi_wrapper: fork: Resource temporarily unavailable
/usr/local/lsws/fcgi-bin/lswsgi_wrapper: fork: retry: Resource temporarily unavailable
/usr/local/lsws/fcgi-bin/lswsgi_wrapper: fork: retry: Resource temporarily unavailable
/usr/local/lsws/fcgi-bin/lswsgi_wrapper: fork: retry: Resource temporarily unavailable
/usr/local/lsws/fcgi-bin/lswsgi_wrapper: fork: retry: Resource temporarily unavailable
/usr/local/lsws/fcgi-bin/lswsgi_wrapper: fork: Resource temporarily unavailable
/usr/local/lsws/fcgi-bin/lswsgi_wrapper: fork: retry: Resource temporarily unavailable
/usr/local/lsws/fcgi-bin/lswsgi_wrapper: fork: retry: Resource temporarily unavailable
/usr/local/lsws/fcgi-bin/lswsgi_wrapper: fork: retry: Resource temporarily unavailable
/usr/local/lsws/fcgi-bin/lswsgi_wrapper: fork: retry: Resource temporarily unavailable
/usr/local/lsws/fcgi-bin/lswsgi_wrapper: fork: Resource temporarily unavailable
/usr/local/lsws/fcgi-bin/lswsgi_wrapper: fork: retry: Resource temporarily unavailable
/usr/local/lsws/fcgi-bin/lswsgi_wrapper: fork: retry: Resource temporarily unavailable
/usr/local/lsws/fcgi-bin/lswsgi_wrapper: fork: retry: Resource temporarily unavailable
/usr/local/lsws/fcgi-bin/lswsgi_wrapper: fork: retry: Resource temporarily unavailable
/usr/local/lsws/fcgi-bin/lswsgi_wrapper: fork: Resource temporarily unavailable
/usr/local/lsws/fcgi-bin/lswsgi_wrapper: fork: retry: Resource temporarily unavailable
/usr/local/lsws/fcgi-bin/lswsgi_wrapper: fork: retry: Resource temporarily unavailable
/usr/local/lsws/fcgi-bin/lswsgi_wrapper: fork: retry: Resource temporarily unavailable
/usr/local/lsws/fcgi-bin/lswsgi_wrapper: fork: retry: Resource temporarily unavailable
/usr/local/lsws/fcgi-bin/lswsgi_wrapper: fork: Resource temporarily unavailable
/usr/local/lsws/fcgi-bin/lswsgi_wrapper: fork: retry: Resource temporarily unavailable
/usr/local/lsws/fcgi-bin/lswsgi_wrapper: fork: retry: Resource temporarily unavailable
/usr/local/lsws/fcgi-bin/lswsgi_wrapper: fork: retry: Resource temporarily unavailable
/usr/local/lsws/fcgi-bin/lswsgi_wrapper: fork: retry: Resource temporarily unavailable
/usr/local/lsws/fcgi-bin/lswsgi_wrapper: fork: Resource temporarily unavailable
/usr/local/lsws/fcgi-bin/lswsgi_wrapper: fork: retry: Resource temporarily unavailable
/usr/local/lsws/fcgi-bin/lswsgi_wrapper: fork: retry: Resource temporarily unavailable
/usr/local/lsws/fcgi-bin/lswsgi_wrapper: fork: retry: Resource temporarily unavailable
/usr/local/lsws/fcgi-bin/lswsgi_wrapper: fork: retry: Resource temporarily unavailable
/usr/local/lsws/fcgi-bin/lswsgi_wrapper: fork: Resource temporarily unavailable
/usr/local/lsws/fcgi-bin/lswsgi_wrapper: fork: retry: Resource temporarily unavailable
/usr/local/lsws/fcgi-bin/lswsgi_wrapper: fork: retry: Resource temporarily unavailable
/usr/local/lsws/fcgi-bin/lswsgi_wrapper: fork: retry: Resource temporarily unavailable
/usr/local/lsws/fcgi-bin/lswsgi_wrapper: fork: retry: Resource temporarily unavailable
/usr/local/lsws/fcgi-bin/lswsgi_wrapper: fork: Resource temporarily unavailable
/usr/local/lsws/fcgi-bin/lswsgi_wrapper: fork: retry: Resource temporarily unavailable
/usr/local/lsws/fcgi-bin/lswsgi_wrapper: fork: retry: Resource temporarily unavailable
/usr/local/lsws/fcgi-bin/lswsgi_wrapper: fork: retry: Resource temporarily unavailable
/usr/local/lsws/fcgi-bin/lswsgi_wrapper: fork: retry: Resource temporarily unavailable
/usr/local/lsws/fcgi-bin/lswsgi_wrapper: fork: Resource temporarily unavailable
/usr/local/lsws/fcgi-bin/lswsgi_wrapper: fork: retry: Resource temporarily unavailable
/usr/local/lsws/fcgi-bin/lswsgi_wrapper: fork: retry: Resource temporarily unavailable
/usr/local/lsws/fcgi-bin/lswsgi_wrapper: fork: retry: Resource temporarily unavailable
/usr/local/lsws/fcgi-bin/lswsgi_wrapper: fork: retry: Resource temporarily unavailable
/usr/local/lsws/fcgi-bin/lswsgi_wrapper: fork: Resource temporarily unavailable
/usr/local/lsws/fcgi-bin/lswsgi_wrapper: fork: retry: Resource temporarily unavailable
/usr/local/lsws/fcgi-bin/lswsgi_wrapper: fork: retry: Resource temporarily unavailable
/usr/local/lsws/fcgi-bin/lswsgi_wrapper: fork: retry: Resource temporarily unavailable
/usr/local/lsws/fcgi-bin/lswsgi_wrapper: fork: retry: Resource temporarily unavailable
/usr/local/lsws/fcgi-bin/lswsgi_wrapper: fork: Resource temporarily unavailable
/usr/local/lsws/fcgi-bin/lswsgi_wrapper: fork: retry: Resource temporarily unavailable
/usr/local/lsws/fcgi-bin/lswsgi_wrapper: fork: retry: Resource temporarily unavailable
/usr/local/lsws/fcgi-bin/lswsgi_wrapper: fork: retry: Resource temporarily unavailable
/usr/local/lsws/fcgi-bin/lswsgi_wrapper: fork: retry: Resource temporarily unavailable
/usr/local/lsws/fcgi-bin/lswsgi_wrapper: fork: Resource temporarily unavailable
/usr/local/lsws/fcgi-bin/lswsgi_wrapper: fork: retry: Resource temporarily unavailable
/usr/local/lsws/fcgi-bin/lswsgi_wrapper: fork: retry: Resource temporarily unavailable
/usr/local/lsws/fcgi-bin/lswsgi_wrapper: fork: retry: Resource temporarily unavailable
/usr/local/lsws/fcgi-bin/lswsgi_wrapper: fork: retry: Resource temporarily unavailable
/usr/local/lsws/fcgi-bin/lswsgi_wrapper: fork: Resource temporarily unavailable
/usr/local/lsws/fcgi-bin/lswsgi_wrapper: fork: retry: Resource temporarily unavailable
/usr/local/lsws/fcgi-bin/lswsgi_wrapper: fork: retry: Resource temporarily unavailable
/usr/local/lsws/fcgi-bin/lswsgi_wrapper: fork: retry: Resource temporarily unavailable
/usr/local/lsws/fcgi-bin/lswsgi_wrapper: fork: retry: Resource temporarily unavailable
/usr/local/lsws/fcgi-bin/lswsgi_wrapper: fork: Resource temporarily unavailable
/usr/local/lsws/fcgi-bin/lswsgi_wrapper: fork: retry: Resource temporarily unavailable
/usr/local/lsws/fcgi-bin/lswsgi_wrapper: fork: retry: Resource temporarily unavailable
/usr/local/lsws/fcgi-bin/lswsgi_wrapper: fork: retry: Resource temporarily unavailable
/usr/local/lsws/fcgi-bin/lswsgi_wrapper: fork: retry: Resource temporarily unavailable
/usr/local/lsws/fcgi-bin/lswsgi_wrapper: fork: Resource temporarily unavailable
/usr/local/lsws/fcgi-bin/lswsgi_wrapper: fork: retry: Resource temporarily unavailable
/usr/local/lsws/fcgi-bin/lswsgi_wrapper: fork: retry: Resource temporarily unavailable
/usr/local/lsws/fcgi-bin/lswsgi_wrapper: fork: retry: Resource temporarily unavailable
/usr/local/lsws/fcgi-bin/lswsgi_wrapper: fork: retry: Resource temporarily unavailable
/usr/local/lsws/fcgi-bin/lswsgi_wrapper: fork: Resource temporarily unavailable
/usr/local/lsws/fcgi-bin/lswsgi_wrapper: fork: retry: Resource temporarily unavailable
/usr/local/lsws/fcgi-bin/lswsgi_wrapper: fork: retry: Resource temporarily unavailable
/usr/local/lsws/fcgi-bin/lswsgi_wrapper: fork: retry: Resource temporarily unavailable
/usr/local/lsws/fcgi-bin/lswsgi_wrapper: fork: retry: Resource temporarily unavailable
/usr/local/lsws/fcgi-bin/lswsgi_wrapper: fork: Resource temporarily unavailable
/usr/local/lsws/fcgi-bin/lswsgi_wrapper: fork: retry: Resource temporarily unavailable
/usr/local/lsws/fcgi-bin/lswsgi_wrapper: fork: retry: Resource temporarily unavailable
/usr/local/lsws/fcgi-bin/lswsgi_wrapper: fork: retry: Resource temporarily unavailable
/usr/local/lsws/fcgi-bin/lswsgi_wrapper: fork: retry: Resource temporarily unavailable
/usr/local/lsws/fcgi-bin/lswsgi_wrapper: fork: Resource temporarily unavailable
/usr/local/lsws/fcgi-bin/lswsgi_wrapper: fork: retry: Resource temporarily unavailable
/usr/local/lsws/fcgi-bin/lswsgi_wrapper: fork: retry: Resource temporarily unavailable
/usr/local/lsws/fcgi-bin/lswsgi_wrapper: fork: retry: Resource temporarily unavailable
/usr/local/lsws/fcgi-bin/lswsgi_wrapper: fork: retry: Resource temporarily unavailable
/usr/local/lsws/fcgi-bin/lswsgi_wrapper: fork: Resource temporarily unavailable
/usr/local/lsws/fcgi-bin/lswsgi_wrapper: fork: retry: Resource temporarily unavailable
/usr/local/lsws/fcgi-bin/lswsgi_wrapper: fork: retry: Resource temporarily unavailable
/usr/local/lsws/fcgi-bin/lswsgi_wrapper: fork: retry: Resource temporarily unavailable
/usr/local/lsws/fcgi-bin/lswsgi_wrapper: fork: retry: Resource temporarily unavailable
/usr/local/lsws/fcgi-bin/lswsgi_wrapper: fork: Resource temporarily unavailable
/usr/local/lsws/fcgi-bin/lswsgi_wrapper: fork: retry: Resource temporarily unavailable
/usr/local/lsws/fcgi-bin/lswsgi_wrapper: fork: retry: Resource temporarily unavailable
/usr/local/lsws/fcgi-bin/lswsgi_wrapper: fork: retry: Resource temporarily unavailable
/usr/local/lsws/fcgi-bin/lswsgi_wrapper: fork: retry: Resource temporarily unavailable
/usr/local/lsws/fcgi-bin/lswsgi_wrapper: fork: Resource temporarily unavailable
/usr/local/lsws/fcgi-bin/lswsgi_wrapper: fork: retry: Resource temporarily unavailable
/usr/local/lsws/fcgi-bin/lswsgi_wrapper: fork: retry: Resource temporarily unavailable
/usr/local/lsws/fcgi-bin/lswsgi_wrapper: fork: retry: Resource temporarily unavailable
/usr/local/lsws/fcgi-bin/lswsgi_wrapper: fork: retry: Resource temporarily unavailable
/usr/local/lsws/fcgi-bin/lswsgi_wrapper: fork: Resource temporarily unavailable
/usr/local/lsws/fcgi-bin/lswsgi_wrapper: fork: retry: Resource temporarily unavailable
/usr/local/lsws/fcgi-bin/lswsgi_wrapper: fork: retry: Resource temporarily unavailable
/usr/local/lsws/fcgi-bin/lswsgi_wrapper: fork: retry: Resource temporarily unavailable
/usr/local/lsws/fcgi-bin/lswsgi_wrapper: fork: retry: Resource temporarily unavailable
/usr/local/lsws/fcgi-bin/lswsgi_wrapper: fork: Resource temporarily unavailable
/usr/local/lsws/fcgi-bin/lswsgi_wrapper: fork: retry: Resource temporarily unavailable
/usr/local/lsws/fcgi-bin/lswsgi_wrapper: fork: retry: Resource temporarily unavailable
/usr/local/lsws/fcgi-bin/lswsgi_wrapper: fork: retry: Resource temporarily unavailable
/usr/local/lsws/fcgi-bin/lswsgi_wrapper: fork: retry: Resource temporarily unavailable
/usr/local/lsws/fcgi-bin/lswsgi_wrapper: fork: Resource temporarily unavailable
/usr/local/lsws/fcgi-bin/lswsgi_wrapper: fork: retry: Resource temporarily unavailable
/usr/local/lsws/fcgi-bin/lswsgi_wrapper: fork: retry: Resource temporarily unavailable
/usr/local/lsws/fcgi-bin/lswsgi_wrapper: fork: retry: Resource temporarily unavailable
/usr/local/lsws/fcgi-bin/lswsgi_wrapper: fork: retry: Resource temporarily unavailable
/usr/local/lsws/fcgi-bin/lswsgi_wrapper: fork: Resource temporarily unavailable
/usr/local/lsws/fcgi-bin/lswsgi_wrapper: fork: retry: Resource temporarily unavailable
/usr/local/lsws/fcgi-bin/lswsgi_wrapper: fork: retry: Resource temporarily unavailable
/usr/local/lsws/fcgi-bin/lswsgi_wrapper: fork: retry: Resource temporarily unavailable
/usr/local/lsws/fcgi-bin/lswsgi_wrapper: fork: retry: Resource temporarily unavailable
/usr/local/lsws/fcgi-bin/lswsgi_wrapper: fork: Resource temporarily unavailable
/usr/local/lsws/fcgi-bin/lswsgi_wrapper: fork: retry: Resource temporarily unavailable
/usr/local/lsws/fcgi-bin/lswsgi_wrapper: fork: retry: Resource temporarily unavailable
/usr/local/lsws/fcgi-bin/lswsgi_wrapper: fork: retry: Resource temporarily unavailable
/usr/local/lsws/fcgi-bin/lswsgi_wrapper: fork: retry: Resource temporarily unavailable
/usr/local/lsws/fcgi-bin/lswsgi_wrapper: fork: Resource temporarily unavailable
/usr/local/lsws/fcgi-bin/lswsgi_wrapper: fork: retry: Resource temporarily unavailable
/usr/local/lsws/fcgi-bin/lswsgi_wrapper: fork: retry: Resource temporarily unavailable
/usr/local/lsws/fcgi-bin/lswsgi_wrapper: fork: retry: Resource temporarily unavailable
/usr/local/lsws/fcgi-bin/lswsgi_wrapper: fork: retry: Resource temporarily unavailable
/usr/local/lsws/fcgi-bin/lswsgi_wrapper: fork: Resource temporarily unavailable
/usr/local/lsws/fcgi-bin/lswsgi_wrapper: fork: retry: Resource temporarily unavailable
/usr/local/lsws/fcgi-bin/lswsgi_wrapper: fork: retry: Resource temporarily unavailable
/usr/local/lsws/fcgi-bin/lswsgi_wrapper: fork: retry: Resource temporarily unavailable
/usr/local/lsws/fcgi-bin/lswsgi_wrapper: fork: retry: Resource temporarily unavailable
/usr/local/lsws/fcgi-bin/lswsgi_wrapper: fork: Resource temporarily unavailable
/usr/local/lsws/fcgi-bin/lswsgi_wrapper: fork: retry: Resource temporarily unavailable
/usr/local/lsws/fcgi-bin/lswsgi_wrapper: fork: retry: Resource temporarily unavailable
/usr/local/lsws/fcgi-bin/lswsgi_wrapper: fork: retry: Resource temporarily unavailable
/usr/local/lsws/fcgi-bin/lswsgi_wrapper: fork: retry: Resource temporarily unavailable
/usr/local/lsws/fcgi-bin/lswsgi_wrapper: fork: Resource temporarily unavailable
/usr/local/lsws/fcgi-bin/lswsgi_wrapper: fork: retry: Resource temporarily unavailable
/usr/local/lsws/fcgi-bin/lswsgi_wrapper: fork: retry: Resource temporarily unavailable
/usr/local/lsws/fcgi-bin/lswsgi_wrapper: fork: retry: Resource temporarily unavailable
/usr/local/lsws/fcgi-bin/lswsgi_wrapper: fork: retry: Resource temporarily unavailable
/usr/local/lsws/fcgi-bin/lswsgi_wrapper: fork: Resource temporarily unavailable
/usr/local/lsws/fcgi-bin/lswsgi_wrapper: fork: retry: Resource temporarily unavailable
/usr/local/lsws/fcgi-bin/lswsgi_wrapper: fork: retry: Resource temporarily unavailable
/usr/local/lsws/fcgi-bin/lswsgi_wrapper: fork: retry: Resource temporarily unavailable
/usr/local/lsws/fcgi-bin/lswsgi_wrapper: fork: retry: Resource temporarily unavailable
/usr/local/lsws/fcgi-bin/lswsgi_wrapper: fork: Resource temporarily unavailable
/usr/local/lsws/fcgi-bin/lswsgi_wrapper: fork: retry: Resource temporarily unavailable
/usr/local/lsws/fcgi-bin/lswsgi_wrapper: fork: retry: Resource temporarily unavailable
/usr/local/lsws/fcgi-bin/lswsgi_wrapper: fork: retry: Resource temporarily unavailable
/usr/local/lsws/fcgi-bin/lswsgi_wrapper: fork: retry: Resource temporarily unavailable
/usr/local/lsws/fcgi-bin/lswsgi_wrapper: fork: Resource temporarily unavailable
/usr/local/lsws/fcgi-bin/lswsgi_wrapper: fork: retry: Resource temporarily unavailable
/usr/local/lsws/fcgi-bin/lswsgi_wrapper: fork: retry: Resource temporarily unavailable
/usr/local/lsws/fcgi-bin/lswsgi_wrapper: fork: retry: Resource temporarily unavailable
/usr/local/lsws/fcgi-bin/lswsgi_wrapper: fork: retry: Resource temporarily unavailable
/usr/local/lsws/fcgi-bin/lswsgi_wrapper: fork: Resource temporarily unavailable
/usr/local/lsws/fcgi-bin/lswsgi_wrapper: fork: retry: Resource temporarily unavailable
/usr/local/lsws/fcgi-bin/lswsgi_wrapper: fork: retry: Resource temporarily unavailable
/usr/local/lsws/fcgi-bin/lswsgi_wrapper: fork: retry: Resource temporarily unavailable
/usr/local/lsws/fcgi-bin/lswsgi_wrapper: fork: retry: Resource temporarily unavailable
/usr/local/lsws/fcgi-bin/lswsgi_wrapper: fork: Resource temporarily unavailable
/usr/local/lsws/fcgi-bin/lswsgi_wrapper: fork: retry: Resource temporarily unavailable
/usr/local/lsws/fcgi-bin/lswsgi_wrapper: fork: retry: Resource temporarily unavailable
/usr/local/lsws/fcgi-bin/lswsgi_wrapper: fork: retry: Resource temporarily unavailable
/usr/local/lsws/fcgi-bin/lswsgi_wrapper: fork: retry: Resource temporarily unavailable
/usr/local/lsws/fcgi-bin/lswsgi_wrapper: fork: Resource temporarily unavailable
/usr/local/lsws/fcgi-bin/lswsgi_wrapper: fork: retry: Resource temporarily unavailable
/usr/local/lsws/fcgi-bin/lswsgi_wrapper: fork: retry: Resource temporarily unavailable
/usr/local/lsws/fcgi-bin/lswsgi_wrapper: fork: retry: Resource temporarily unavailable
/usr/local/lsws/fcgi-bin/lswsgi_wrapper: fork: retry: Resource temporarily unavailable
/usr/local/lsws/fcgi-bin/lswsgi_wrapper: fork: Resource temporarily unavailable
/usr/local/lsws/fcgi-bin/lswsgi_wrapper: fork: retry: Resource temporarily unavailable
/usr/local/lsws/fcgi-bin/lswsgi_wrapper: fork: retry: Resource temporarily unavailable
/usr/local/lsws/fcgi-bin/lswsgi_wrapper: fork: retry: Resource temporarily unavailable
/usr/local/lsws/fcgi-bin/lswsgi_wrapper: fork: retry: Resource temporarily unavailable
/usr/local/lsws/fcgi-bin/lswsgi_wrapper: fork: Resource temporarily unavailable
/usr/local/lsws/fcgi-bin/lswsgi_wrapper: fork: retry: Resource temporarily unavailable
/usr/local/lsws/fcgi-bin/lswsgi_wrapper: fork: retry: Resource temporarily unavailable
/usr/local/lsws/fcgi-bin/lswsgi_wrapper: fork: retry: Resource temporarily unavailable
/usr/local/lsws/fcgi-bin/lswsgi_wrapper: fork: retry: Resource temporarily unavailable
/usr/local/lsws/fcgi-bin/lswsgi_wrapper: fork: Resource temporarily unavailable
/usr/local/lsws/fcgi-bin/lswsgi_wrapper: fork: retry: Resource temporarily unavailable
/usr/local/lsws/fcgi-bin/lswsgi_wrapper: fork: retry: Resource temporarily unavailable
/usr/local/lsws/fcgi-bin/lswsgi_wrapper: fork: retry: Resource temporarily unavailable
/usr/local/lsws/fcgi-bin/lswsgi_wrapper: fork: retry: Resource temporarily unavailable
/usr/local/lsws/fcgi-bin/lswsgi_wrapper: fork: Resource temporarily unavailable
[UID:5357][980898] fork() failed, please increase process limit, errno: 11 (Resource temporarily unavailable)
[UID:5357][980898] fork() failed, please increase process limit, errno: 11 (Resource temporarily unavailable)
[UID:5357][980898] fork() failed, please increase process limit, errno: 11 (Resource temporarily unavailable)
/usr/local/lsws/fcgi-bin/lswsgi_wrapper: fork: retry: Resource temporarily unavailable
/usr/local/lsws/fcgi-bin/lswsgi_wrapper: fork: retry: Resource temporarily unavailable
/usr/local/lsws/fcgi-bin/lswsgi_wrapper: fork: retry: Resource temporarily unavailable
/usr/local/lsws/fcgi-bin/lswsgi_wrapper: fork: retry: Resource temporarily unavailable
/usr/local/lsws/fcgi-bin/lswsgi_wrapper: fork: Resource temporarily unavailable
/usr/local/lsws/fcgi-bin/lswsgi_wrapper: fork: retry: Resource temporarily unavailable
/usr/local/lsws/fcgi-bin/lswsgi_wrapper: fork: retry: Resource temporarily unavailable
/usr/local/lsws/fcgi-bin/lswsgi_wrapper: fork: retry: Resource temporarily unavailable
/usr/local/lsws/fcgi-bin/lswsgi_wrapper: fork: retry: Resource temporarily unavailable
/usr/local/lsws/fcgi-bin/lswsgi_wrapper: fork: Resource temporarily unavailable
/usr/local/lsws/fcgi-bin/lswsgi_wrapper: fork: retry: Resource temporarily unavailable
/usr/local/lsws/fcgi-bin/lswsgi_wrapper: fork: retry: Resource temporarily unavailable
/usr/local/lsws/fcgi-bin/lswsgi_wrapper: fork: retry: Resource temporarily unavailable
/usr/local/lsws/fcgi-bin/lswsgi_wrapper: fork: retry: Resource temporarily unavailable
/usr/local/lsws/fcgi-bin/lswsgi_wrapper: fork: Resource temporarily unavailable
/usr/local/lsws/fcgi-bin/lswsgi_wrapper: fork: retry: Resource temporarily unavailable
/usr/local/lsws/fcgi-bin/lswsgi_wrapper: fork: retry: Resource temporarily unavailable
/usr/local/lsws/fcgi-bin/lswsgi_wrapper: fork: retry: Resource temporarily unavailable
/usr/local/lsws/fcgi-bin/lswsgi_wrapper: fork: retry: Resource temporarily unavailable
/usr/local/lsws/fcgi-bin/lswsgi_wrapper: fork: retry: Resource temporarily unavailable
/usr/local/lsws/fcgi-bin/lswsgi_wrapper: fork: retry: Resource temporarily unavailable
/usr/local/lsws/fcgi-bin/lswsgi_wrapper: fork: retry: Resource temporarily unavailable
/usr/local/lsws/fcgi-bin/lswsgi_wrapper: fork: retry: Resource temporarily unavailable
/usr/local/lsws/fcgi-bin/lswsgi_wrapper: fork: Resource temporarily unavailable
/usr/local/lsws/fcgi-bin/lswsgi_wrapper: fork: retry: Resource temporarily unavailable
/usr/local/lsws/fcgi-bin/lswsgi_wrapper: fork: Resource temporarily unavailable
/usr/local/lsws/fcgi-bin/lswsgi_wrapper: fork: retry: Resource temporarily unavailable
/usr/local/lsws/fcgi-bin/lswsgi_wrapper: fork: retry: Resource temporarily unavailable
/usr/local/lsws/fcgi-bin/lswsgi_wrapper: fork: retry: Resource temporarily unavailable
/usr/local/lsws/fcgi-bin/lswsgi_wrapper: fork: retry: Resource temporarily unavailable
/usr/local/lsws/fcgi-bin/lswsgi_wrapper: fork: retry: Resource temporarily unavailable
/usr/local/lsws/fcgi-bin/lswsgi_wrapper: fork: retry: Resource temporarily unavailable
/usr/local/lsws/fcgi-bin/lswsgi_wrapper: fork: retry: Resource temporarily unavailable
/usr/local/lsws/fcgi-bin/lswsgi_wrapper: fork: Resource temporarily unavailable
/usr/local/lsws/fcgi-bin/lswsgi_wrapper: fork: retry: Resource temporarily unavailable
/usr/local/lsws/fcgi-bin/lswsgi_wrapper: fork: Resource temporarily unavailable
/usr/local/lsws/fcgi-bin/lswsgi_wrapper: fork: retry: Resource temporarily unavailable
/usr/local/lsws/fcgi-bin/lswsgi_wrapper: fork: retry: Resource temporarily unavailable
/usr/local/lsws/fcgi-bin/lswsgi_wrapper: fork: retry: Resource temporarily unavailable
/usr/local/lsws/fcgi-bin/lswsgi_wrapper: fork: retry: Resource temporarily unavailable
/usr/local/lsws/fcgi-bin/lswsgi_wrapper: fork: retry: Resource temporarily unavailable
/usr/local/lsws/fcgi-bin/lswsgi_wrapper: fork: retry: Resource temporarily unavailable
/usr/local/lsws/fcgi-bin/lswsgi_wrapper: fork: retry: Resource temporarily unavailable
/usr/local/lsws/fcgi-bin/lswsgi_wrapper: fork: Resource temporarily unavailable
[UID:5357][3278924] fork() failed, please increase process limit, errno: 11 (Resource temporarily unavailable)
[UID:5357][3278924] fork() failed, please increase process limit, errno: 11 (Resource temporarily unavailable)
[UID:5357][3278924] fork() failed, please increase process limit, errno: 11 (Resource temporarily unavailable)
/usr/local/lsws/fcgi-bin/lswsgi_wrapper: fork: retry: Resource temporarily unavailable
/usr/local/lsws/fcgi-bin/lswsgi_wrapper: fork: retry: Resource temporarily unavailable
/usr/local/lsws/fcgi-bin/lswsgi_wrapper: fork: retry: Resource temporarily unavailable
/usr/local/lsws/fcgi-bin/lswsgi_wrapper: fork: retry: Resource temporarily unavailable
/usr/local/lsws/fcgi-bin/lswsgi_wrapper: fork: Resource temporarily unavailable
/usr/local/lsws/fcgi-bin/lswsgi_wrapper: fork: retry: Resource temporarily unavailable
/usr/local/lsws/fcgi-bin/lswsgi_wrapper: fork: retry: Resource temporarily unavailable
/usr/local/lsws/fcgi-bin/lswsgi_wrapper: fork: retry: Resource temporarily unavailable
/usr/local/lsws/fcgi-bin/lswsgi_wrapper: fork: retry: Resource temporarily unavailable
/usr/local/lsws/fcgi-bin/lswsgi_wrapper: fork: Resource temporarily unavailable
/usr/local/lsws/fcgi-bin/lswsgi_wrapper: fork: retry: Resource temporarily unavailable
/usr/local/lsws/fcgi-bin/lswsgi_wrapper: fork: retry: Resource temporarily unavailable
/usr/local/lsws/fcgi-bin/lswsgi_wrapper: fork: retry: Resource temporarily unavailable
/usr/local/lsws/fcgi-bin/lswsgi_wrapper: fork: retry: Resource temporarily unavailable
/usr/local/lsws/fcgi-bin/lswsgi_wrapper: fork: Resource temporarily unavailable
/usr/local/lsws/fcgi-bin/lswsgi_wrapper: fork: retry: Resource temporarily unavailable
/usr/local/lsws/fcgi-bin/lswsgi_wrapper: fork: retry: Resource temporarily unavailable
/usr/local/lsws/fcgi-bin/lswsgi_wrapper: fork: retry: Resource temporarily unavailable
/usr/local/lsws/fcgi-bin/lswsgi_wrapper: fork: retry: Resource temporarily unavailable
/usr/local/lsws/fcgi-bin/lswsgi_wrapper: fork: Resource temporarily unavailable
/usr/local/lsws/fcgi-bin/lswsgi_wrapper: fork: retry: Resource temporarily unavailable
/usr/local/lsws/fcgi-bin/lswsgi_wrapper: fork: retry: Resource temporarily unavailable
/usr/local/lsws/fcgi-bin/lswsgi_wrapper: fork: retry: Resource temporarily unavailable
/usr/local/lsws/fcgi-bin/lswsgi_wrapper: fork: retry: Resource temporarily unavailable
/usr/local/lsws/fcgi-bin/lswsgi_wrapper: fork: Resource temporarily unavailable
/usr/local/lsws/fcgi-bin/lswsgi_wrapper: fork: retry: Resource temporarily unavailable
/usr/local/lsws/fcgi-bin/lswsgi_wrapper: fork: retry: Resource temporarily unavailable
/usr/local/lsws/fcgi-bin/lswsgi_wrapper: fork: retry: Resource temporarily unavailable
/usr/local/lsws/fcgi-bin/lswsgi_wrapper: fork: retry: Resource temporarily unavailable
/usr/local/lsws/fcgi-bin/lswsgi_wrapper: fork: Resource temporarily unavailable
/usr/local/lsws/fcgi-bin/lswsgi_wrapper: fork: retry: Resource temporarily unavailable
/usr/local/lsws/fcgi-bin/lswsgi_wrapper: fork: retry: Resource temporarily unavailable
/usr/local/lsws/fcgi-bin/lswsgi_wrapper: fork: retry: Resource temporarily unavailable
/usr/local/lsws/fcgi-bin/lswsgi_wrapper: fork: retry: Resource temporarily unavailable
/usr/local/lsws/fcgi-bin/lswsgi_wrapper: fork: Resource temporarily unavailable
/usr/local/lsws/fcgi-bin/lswsgi_wrapper: fork: retry: Resource temporarily unavailable
/usr/local/lsws/fcgi-bin/lswsgi_wrapper: fork: retry: Resource temporarily unavailable
/usr/local/lsws/fcgi-bin/lswsgi_wrapper: fork: retry: Resource temporarily unavailable
/usr/local/lsws/fcgi-bin/lswsgi_wrapper: fork: retry: Resource temporarily unavailable
/usr/local/lsws/fcgi-bin/lswsgi_wrapper: fork: Resource temporarily unavailable
/usr/local/lsws/fcgi-bin/lswsgi_wrapper: fork: retry: Resource temporarily unavailable
/usr/local/lsws/fcgi-bin/lswsgi_wrapper: fork: retry: Resource temporarily unavailable
/usr/local/lsws/fcgi-bin/lswsgi_wrapper: fork: retry: Resource temporarily unavailable
/usr/local/lsws/fcgi-bin/lswsgi_wrapper: fork: retry: Resource temporarily unavailable
/usr/local/lsws/fcgi-bin/lswsgi_wrapper: fork: Resource temporarily unavailable
/usr/local/lsws/fcgi-bin/lswsgi_wrapper: fork: retry: Resource temporarily unavailable
/usr/local/lsws/fcgi-bin/lswsgi_wrapper: fork: retry: Resource temporarily unavailable
/usr/local/lsws/fcgi-bin/lswsgi_wrapper: fork: retry: Resource temporarily unavailable
/usr/local/lsws/fcgi-bin/lswsgi_wrapper: fork: retry: Resource temporarily unavailable
/usr/local/lsws/fcgi-bin/lswsgi_wrapper: fork: Resource temporarily unavailable
/usr/local/lsws/fcgi-bin/lswsgi_wrapper: fork: retry: Resource temporarily unavailable
/usr/local/lsws/fcgi-bin/lswsgi_wrapper: fork: retry: Resource temporarily unavailable
/usr/local/lsws/fcgi-bin/lswsgi_wrapper: fork: retry: Resource temporarily unavailable
/usr/local/lsws/fcgi-bin/lswsgi_wrapper: fork: retry: Resource temporarily unavailable
/usr/local/lsws/fcgi-bin/lswsgi_wrapper: fork: Resource temporarily unavailable
/usr/local/lsws/fcgi-bin/lswsgi_wrapper: fork: retry: Resource temporarily unavailable
/usr/local/lsws/fcgi-bin/lswsgi_wrapper: fork: retry: Resource temporarily unavailable
/usr/local/lsws/fcgi-bin/lswsgi_wrapper: fork: retry: Resource temporarily unavailable
/usr/local/lsws/fcgi-bin/lswsgi_wrapper: fork: retry: Resource temporarily unavailable
/usr/local/lsws/fcgi-bin/lswsgi_wrapper: fork: Resource temporarily unavailable
/usr/local/lsws/fcgi-bin/lswsgi_wrapper: fork: retry: Resource temporarily unavailable
/usr/local/lsws/fcgi-bin/lswsgi_wrapper: fork: retry: Resource temporarily unavailable
/usr/local/lsws/fcgi-bin/lswsgi_wrapper: fork: retry: Resource temporarily unavailable
/usr/local/lsws/fcgi-bin/lswsgi_wrapper: fork: retry: Resource temporarily unavailable
/usr/local/lsws/fcgi-bin/lswsgi_wrapper: fork: Resource temporarily unavailable
/usr/local/lsws/fcgi-bin/lswsgi_wrapper: fork: retry: Resource temporarily unavailable
/usr/local/lsws/fcgi-bin/lswsgi_wrapper: fork: retry: Resource temporarily unavailable
/usr/local/lsws/fcgi-bin/lswsgi_wrapper: fork: retry: Resource temporarily unavailable
/usr/local/lsws/fcgi-bin/lswsgi_wrapper: fork: retry: Resource temporarily unavailable
/usr/local/lsws/fcgi-bin/lswsgi_wrapper: fork: Resource temporarily unavailable
/usr/local/lsws/fcgi-bin/lswsgi_wrapper: fork: retry: Resource temporarily unavailable
/usr/local/lsws/fcgi-bin/lswsgi_wrapper: fork: retry: Resource temporarily unavailable
/usr/local/lsws/fcgi-bin/lswsgi_wrapper: fork: retry: Resource temporarily unavailable
/usr/local/lsws/fcgi-bin/lswsgi_wrapper: fork: retry: Resource temporarily unavailable
/usr/local/lsws/fcgi-bin/lswsgi_wrapper: fork: Resource temporarily unavailable
/usr/local/lsws/fcgi-bin/lswsgi_wrapper: fork: retry: Resource temporarily unavailable
/usr/local/lsws/fcgi-bin/lswsgi_wrapper: fork: retry: Resource temporarily unavailable
/usr/local/lsws/fcgi-bin/lswsgi_wrapper: fork: retry: Resource temporarily unavailable
/usr/local/lsws/fcgi-bin/lswsgi_wrapper: fork: retry: Resource temporarily unavailable
/usr/local/lsws/fcgi-bin/lswsgi_wrapper: fork: Resource temporarily unavailable
/usr/local/lsws/fcgi-bin/lswsgi_wrapper: fork: retry: Resource temporarily unavailable
/usr/local/lsws/fcgi-bin/lswsgi_wrapper: fork: retry: Resource temporarily unavailable
/usr/local/lsws/fcgi-bin/lswsgi_wrapper: fork: retry: Resource temporarily unavailable
/usr/local/lsws/fcgi-bin/lswsgi_wrapper: fork: retry: Resource temporarily unavailable
/usr/local/lsws/fcgi-bin/lswsgi_wrapper: fork: Resource temporarily unavailable
/usr/local/lsws/fcgi-bin/lswsgi_wrapper: fork: retry: Resource temporarily unavailable
/usr/local/lsws/fcgi-bin/lswsgi_wrapper: fork: retry: Resource temporarily unavailable
/usr/local/lsws/fcgi-bin/lswsgi_wrapper: fork: retry: Resource temporarily unavailable
/usr/local/lsws/fcgi-bin/lswsgi_wrapper: fork: retry: Resource temporarily unavailable
/usr/local/lsws/fcgi-bin/lswsgi_wrapper: fork: Resource temporarily unavailable
/usr/local/lsws/fcgi-bin/lswsgi_wrapper: fork: retry: Resource temporarily unavailable
/usr/local/lsws/fcgi-bin/lswsgi_wrapper: fork: retry: Resource temporarily unavailable
/usr/local/lsws/fcgi-bin/lswsgi_wrapper: fork: retry: Resource temporarily unavailable
/usr/local/lsws/fcgi-bin/lswsgi_wrapper: fork: retry: Resource temporarily unavailable
/usr/local/lsws/fcgi-bin/lswsgi_wrapper: fork: Resource temporarily unavailable
/usr/local/lsws/fcgi-bin/lswsgi_wrapper: fork: retry: Resource temporarily unavailable
/usr/local/lsws/fcgi-bin/lswsgi_wrapper: fork: retry: Resource temporarily unavailable
/usr/local/lsws/fcgi-bin/lswsgi_wrapper: fork: retry: Resource temporarily unavailable
/usr/local/lsws/fcgi-bin/lswsgi_wrapper: fork: retry: Resource temporarily unavailable
/usr/local/lsws/fcgi-bin/lswsgi_wrapper: fork: Resource temporarily unavailable
/usr/local/lsws/fcgi-bin/lswsgi_wrapper: fork: retry: Resource temporarily unavailable
/usr/local/lsws/fcgi-bin/lswsgi_wrapper: fork: retry: Resource temporarily unavailable
/usr/local/lsws/fcgi-bin/lswsgi_wrapper: fork: retry: Resource temporarily unavailable
/usr/local/lsws/fcgi-bin/lswsgi_wrapper: fork: retry: Resource temporarily unavailable
/usr/local/lsws/fcgi-bin/lswsgi_wrapper: fork: Resource temporarily unavailable
/usr/local/lsws/fcgi-bin/lswsgi_wrapper: fork: retry: Resource temporarily unavailable
/usr/local/lsws/fcgi-bin/lswsgi_wrapper: fork: retry: Resource temporarily unavailable
/usr/local/lsws/fcgi-bin/lswsgi_wrapper: fork: retry: Resource temporarily unavailable
/usr/local/lsws/fcgi-bin/lswsgi_wrapper: fork: retry: Resource temporarily unavailable
/usr/local/lsws/fcgi-bin/lswsgi_wrapper: fork: Resource temporarily unavailable
/usr/local/lsws/fcgi-bin/lswsgi_wrapper: fork: retry: Resource temporarily unavailable
/usr/local/lsws/fcgi-bin/lswsgi_wrapper: fork: retry: Resource temporarily unavailable
/usr/local/lsws/fcgi-bin/lswsgi_wrapper: fork: retry: Resource temporarily unavailable
/usr/local/lsws/fcgi-bin/lswsgi_wrapper: fork: retry: Resource temporarily unavailable
/usr/local/lsws/fcgi-bin/lswsgi_wrapper: fork: Resource temporarily unavailable
/usr/local/lsws/fcgi-bin/lswsgi_wrapper: fork: retry: Resource temporarily unavailable
/usr/local/lsws/fcgi-bin/lswsgi_wrapper: fork: retry: Resource temporarily unavailable
/usr/local/lsws/fcgi-bin/lswsgi_wrapper: fork: retry: Resource temporarily unavailable
/usr/local/lsws/fcgi-bin/lswsgi_wrapper: fork: retry: Resource temporarily unavailable
/usr/local/lsws/fcgi-bin/lswsgi_wrapper: fork: Resource temporarily unavailable
/usr/local/lsws/fcgi-bin/lswsgi_wrapper: fork: retry: Resource temporarily unavailable
/usr/local/lsws/fcgi-bin/lswsgi_wrapper: fork: retry: Resource temporarily unavailable
/usr/local/lsws/fcgi-bin/lswsgi_wrapper: fork: retry: Resource temporarily unavailable
/usr/local/lsws/fcgi-bin/lswsgi_wrapper: fork: retry: Resource temporarily unavailable
/usr/local/lsws/fcgi-bin/lswsgi_wrapper: fork: Resource temporarily unavailable
/usr/local/lsws/fcgi-bin/lswsgi_wrapper: fork: retry: Resource temporarily unavailable
/usr/local/lsws/fcgi-bin/lswsgi_wrapper: fork: retry: Resource temporarily unavailable
/usr/local/lsws/fcgi-bin/lswsgi_wrapper: fork: retry: Resource temporarily unavailable
/usr/local/lsws/fcgi-bin/lswsgi_wrapper: fork: retry: Resource temporarily unavailable
/usr/local/lsws/fcgi-bin/lswsgi_wrapper: fork: Resource temporarily unavailable
/usr/local/lsws/fcgi-bin/lswsgi_wrapper: fork: retry: Resource temporarily unavailable
/usr/local/lsws/fcgi-bin/lswsgi_wrapper: fork: retry: Resource temporarily unavailable
/usr/local/lsws/fcgi-bin/lswsgi_wrapper: fork: retry: Resource temporarily unavailable
/usr/local/lsws/fcgi-bin/lswsgi_wrapper: fork: retry: Resource temporarily unavailable
/usr/local/lsws/fcgi-bin/lswsgi_wrapper: fork: Resource temporarily unavailable
/usr/local/lsws/fcgi-bin/lswsgi_wrapper: fork: retry: Resource temporarily unavailable
/usr/local/lsws/fcgi-bin/lswsgi_wrapper: fork: retry: Resource temporarily unavailable
/usr/local/lsws/fcgi-bin/lswsgi_wrapper: fork: retry: Resource temporarily unavailable
/usr/local/lsws/fcgi-bin/lswsgi_wrapper: fork: retry: Resource temporarily unavailable
/usr/local/lsws/fcgi-bin/lswsgi_wrapper: fork: Resource temporarily unavailable
/usr/local/lsws/fcgi-bin/lswsgi_wrapper: fork: retry: Resource temporarily unavailable
/usr/local/lsws/fcgi-bin/lswsgi_wrapper: fork: retry: Resource temporarily unavailable
/usr/local/lsws/fcgi-bin/lswsgi_wrapper: fork: retry: Resource temporarily unavailable
/usr/local/lsws/fcgi-bin/lswsgi_wrapper: fork: retry: Resource temporarily unavailable
/usr/local/lsws/fcgi-bin/lswsgi_wrapper: fork: Resource temporarily unavailable
/usr/local/lsws/fcgi-bin/lswsgi_wrapper: fork: retry: Resource temporarily unavailable
/usr/local/lsws/fcgi-bin/lswsgi_wrapper: fork: retry: Resource temporarily unavailable
/usr/local/lsws/fcgi-bin/lswsgi_wrapper: fork: retry: Resource temporarily unavailable
/usr/local/lsws/fcgi-bin/lswsgi_wrapper: fork: retry: Resource temporarily unavailable
/usr/local/lsws/fcgi-bin/lswsgi_wrapper: fork: Resource temporarily unavailable
/usr/local/lsws/fcgi-bin/lswsgi_wrapper: fork: retry: Resource temporarily unavailable
/usr/local/lsws/fcgi-bin/lswsgi_wrapper: fork: retry: Resource temporarily unavailable
/usr/local/lsws/fcgi-bin/lswsgi_wrapper: fork: retry: Resource temporarily unavailable
/usr/local/lsws/fcgi-bin/lswsgi_wrapper: fork: retry: Resource temporarily unavailable
/usr/local/lsws/fcgi-bin/lswsgi_wrapper: fork: Resource temporarily unavailable
/usr/local/lsws/fcgi-bin/lswsgi_wrapper: fork: retry: Resource temporarily unavailable
/usr/local/lsws/fcgi-bin/lswsgi_wrapper: fork: retry: Resource temporarily unavailable
/usr/local/lsws/fcgi-bin/lswsgi_wrapper: fork: retry: Resource temporarily unavailable
/usr/local/lsws/fcgi-bin/lswsgi_wrapper: fork: retry: Resource temporarily unavailable
/usr/local/lsws/fcgi-bin/lswsgi_wrapper: fork: Resource temporarily unavailable
/usr/local/lsws/fcgi-bin/lswsgi_wrapper: fork: retry: Resource temporarily unavailable
/usr/local/lsws/fcgi-bin/lswsgi_wrapper: fork: retry: Resource temporarily unavailable
/usr/local/lsws/fcgi-bin/lswsgi_wrapper: fork: retry: Resource temporarily unavailable
/usr/local/lsws/fcgi-bin/lswsgi_wrapper: fork: retry: Resource temporarily unavailable
/usr/local/lsws/fcgi-bin/lswsgi_wrapper: fork: Resource temporarily unavailable
/usr/local/lsws/fcgi-bin/lswsgi_wrapper: fork: retry: Resource temporarily unavailable
/usr/local/lsws/fcgi-bin/lswsgi_wrapper: fork: retry: Resource temporarily unavailable
/usr/local/lsws/fcgi-bin/lswsgi_wrapper: fork: retry: Resource temporarily unavailable
/usr/local/lsws/fcgi-bin/lswsgi_wrapper: fork: retry: Resource temporarily unavailable
/usr/local/lsws/fcgi-bin/lswsgi_wrapper: fork: Resource temporarily unavailable
/usr/local/lsws/fcgi-bin/lswsgi_wrapper: fork: retry: Resource temporarily unavailable
/usr/local/lsws/fcgi-bin/lswsgi_wrapper: fork: retry: Resource temporarily unavailable
/usr/local/lsws/fcgi-bin/lswsgi_wrapper: fork: retry: Resource temporarily unavailable
/usr/local/lsws/fcgi-bin/lswsgi_wrapper: fork: retry: Resource temporarily unavailable
/usr/local/lsws/fcgi-bin/lswsgi_wrapper: fork: Resource temporarily unavailable
/usr/local/lsws/fcgi-bin/lswsgi_wrapper: fork: retry: Resource temporarily unavailable
/usr/local/lsws/fcgi-bin/lswsgi_wrapper: fork: retry: Resource temporarily unavailable
/usr/local/lsws/fcgi-bin/lswsgi_wrapper: fork: retry: Resource temporarily unavailable
/usr/local/lsws/fcgi-bin/lswsgi_wrapper: fork: retry: Resource temporarily unavailable
/usr/local/lsws/fcgi-bin/lswsgi_wrapper: fork: Resource temporarily unavailable
/usr/local/lsws/fcgi-bin/lswsgi_wrapper: fork: retry: Resource temporarily unavailable
/usr/local/lsws/fcgi-bin/lswsgi_wrapper: fork: retry: Resource temporarily unavailable
/usr/local/lsws/fcgi-bin/lswsgi_wrapper: fork: retry: Resource temporarily unavailable
/usr/local/lsws/fcgi-bin/lswsgi_wrapper: fork: retry: Resource temporarily unavailable
/usr/local/lsws/fcgi-bin/lswsgi_wrapper: fork: Resource temporarily unavailable
/usr/local/lsws/fcgi-bin/lswsgi_wrapper: fork: retry: Resource temporarily unavailable
/usr/local/lsws/fcgi-bin/lswsgi_wrapper: fork: retry: Resource temporarily unavailable
/usr/local/lsws/fcgi-bin/lswsgi_wrapper: fork: retry: Resource temporarily unavailable
/usr/local/lsws/fcgi-bin/lswsgi_wrapper: fork: retry: Resource temporarily unavailable
/usr/local/lsws/fcgi-bin/lswsgi_wrapper: fork: Resource temporarily unavailable
/usr/local/lsws/fcgi-bin/lswsgi_wrapper: fork: retry: Resource temporarily unavailable
/usr/local/lsws/fcgi-bin/lswsgi_wrapper: fork: retry: Resource temporarily unavailable
/usr/local/lsws/fcgi-bin/lswsgi_wrapper: fork: retry: Resource temporarily unavailable
/usr/local/lsws/fcgi-bin/lswsgi_wrapper: fork: retry: Resource temporarily unavailable
/usr/local/lsws/fcgi-bin/lswsgi_wrapper: fork: Resource temporarily unavailable
/usr/local/lsws/fcgi-bin/lswsgi_wrapper: fork: retry: Resource temporarily unavailable
/usr/local/lsws/fcgi-bin/lswsgi_wrapper: fork: retry: Resource temporarily unavailable
/usr/local/lsws/fcgi-bin/lswsgi_wrapper: fork: retry: Resource temporarily unavailable
/usr/local/lsws/fcgi-bin/lswsgi_wrapper: fork: retry: Resource temporarily unavailable
/usr/local/lsws/fcgi-bin/lswsgi_wrapper: fork: Resource temporarily unavailable
/usr/local/lsws/fcgi-bin/lswsgi_wrapper: fork: retry: Resource temporarily unavailable
/usr/local/lsws/fcgi-bin/lswsgi_wrapper: fork: retry: Resource temporarily unavailable
/usr/local/lsws/fcgi-bin/lswsgi_wrapper: fork: retry: Resource temporarily unavailable
/usr/local/lsws/fcgi-bin/lswsgi_wrapper: fork: retry: Resource temporarily unavailable
/usr/local/lsws/fcgi-bin/lswsgi_wrapper: fork: Resource temporarily unavailable
/usr/local/lsws/fcgi-bin/lswsgi_wrapper: fork: retry: Resource temporarily unavailable
/usr/local/lsws/fcgi-bin/lswsgi_wrapper: fork: retry: Resource temporarily unavailable
/usr/local/lsws/fcgi-bin/lswsgi_wrapper: fork: retry: Resource temporarily unavailable
/usr/local/lsws/fcgi-bin/lswsgi_wrapper: fork: retry: Resource temporarily unavailable
/usr/local/lsws/fcgi-bin/lswsgi_wrapper: fork: Resource temporarily unavailable
/usr/local/lsws/fcgi-bin/lswsgi_wrapper: fork: retry: Resource temporarily unavailable
/usr/local/lsws/fcgi-bin/lswsgi_wrapper: fork: retry: Resource temporarily unavailable
/usr/local/lsws/fcgi-bin/lswsgi_wrapper: fork: retry: Resource temporarily unavailable
/usr/local/lsws/fcgi-bin/lswsgi_wrapper: fork: retry: Resource temporarily unavailable
/usr/local/lsws/fcgi-bin/lswsgi_wrapper: fork: Resource temporarily unavailable
/usr/local/lsws/fcgi-bin/lswsgi_wrapper: fork: retry: Resource temporarily unavailable
/usr/local/lsws/fcgi-bin/lswsgi_wrapper: fork: retry: Resource temporarily unavailable
/usr/local/lsws/fcgi-bin/lswsgi_wrapper: fork: retry: Resource temporarily unavailable
/usr/local/lsws/fcgi-bin/lswsgi_wrapper: fork: retry: Resource temporarily unavailable
/usr/local/lsws/fcgi-bin/lswsgi_wrapper: fork: Resource temporarily unavailable
/usr/local/lsws/fcgi-bin/lswsgi_wrapper: fork: retry: Resource temporarily unavailable
/usr/local/lsws/fcgi-bin/lswsgi_wrapper: fork: retry: Resource temporarily unavailable
/usr/local/lsws/fcgi-bin/lswsgi_wrapper: fork: retry: Resource temporarily unavailable
/usr/local/lsws/fcgi-bin/lswsgi_wrapper: fork: retry: Resource temporarily unavailable
/usr/local/lsws/fcgi-bin/lswsgi_wrapper: fork: Resource temporarily unavailable
/usr/local/lsws/fcgi-bin/lswsgi_wrapper: fork: retry: Resource temporarily unavailable
/usr/local/lsws/fcgi-bin/lswsgi_wrapper: fork: retry: Resource temporarily unavailable
/usr/local/lsws/fcgi-bin/lswsgi_wrapper: fork: retry: Resource temporarily unavailable
/usr/local/lsws/fcgi-bin/lswsgi_wrapper: fork: retry: Resource temporarily unavailable
/usr/local/lsws/fcgi-bin/lswsgi_wrapper: fork: Resource temporarily unavailable
/usr/local/lsws/fcgi-bin/lswsgi_wrapper: fork: retry: Resource temporarily unavailable
/usr/local/lsws/fcgi-bin/lswsgi_wrapper: fork: retry: Resource temporarily unavailable
/usr/local/lsws/fcgi-bin/lswsgi_wrapper: fork: retry: Resource temporarily unavailable
/usr/local/lsws/fcgi-bin/lswsgi_wrapper: fork: retry: Resource temporarily unavailable
/usr/local/lsws/fcgi-bin/lswsgi_wrapper: fork: Resource temporarily unavailable
/usr/local/lsws/fcgi-bin/lswsgi_wrapper: fork: retry: Resource temporarily unavailable
/usr/local/lsws/fcgi-bin/lswsgi_wrapper: fork: retry: Resource temporarily unavailable
/usr/local/lsws/fcgi-bin/lswsgi_wrapper: fork: retry: Resource temporarily unavailable
/usr/local/lsws/fcgi-bin/lswsgi_wrapper: fork: retry: Resource temporarily unavailable
/usr/local/lsws/fcgi-bin/lswsgi_wrapper: fork: Resource temporarily unavailable
/usr/local/lsws/fcgi-bin/lswsgi_wrapper: fork: retry: Resource temporarily unavailable
/usr/local/lsws/fcgi-bin/lswsgi_wrapper: fork: retry: Resource temporarily unavailable
/usr/local/lsws/fcgi-bin/lswsgi_wrapper: fork: retry: Resource temporarily unavailable
/usr/local/lsws/fcgi-bin/lswsgi_wrapper: fork: retry: Resource temporarily unavailable
/usr/local/lsws/fcgi-bin/lswsgi_wrapper: fork: Resource temporarily unavailable
/usr/local/lsws/fcgi-bin/lswsgi_wrapper: fork: retry: Resource temporarily unavailable
/usr/local/lsws/fcgi-bin/lswsgi_wrapper: fork: retry: Resource temporarily unavailable
/usr/local/lsws/fcgi-bin/lswsgi_wrapper: fork: retry: Resource temporarily unavailable
/usr/local/lsws/fcgi-bin/lswsgi_wrapper: fork: retry: Resource temporarily unavailable
/usr/local/lsws/fcgi-bin/lswsgi_wrapper: fork: Resource temporarily unavailable
/usr/local/lsws/fcgi-bin/lswsgi_wrapper: fork: retry: Resource temporarily unavailable
/usr/local/lsws/fcgi-bin/lswsgi_wrapper: fork: retry: Resource temporarily unavailable
/usr/local/lsws/fcgi-bin/lswsgi_wrapper: fork: retry: Resource temporarily unavailable
/usr/local/lsws/fcgi-bin/lswsgi_wrapper: fork: retry: Resource temporarily unavailable
/usr/local/lsws/fcgi-bin/lswsgi_wrapper: fork: Resource temporarily unavailable
/usr/local/lsws/fcgi-bin/lswsgi_wrapper: fork: retry: Resource temporarily unavailable
/usr/local/lsws/fcgi-bin/lswsgi_wrapper: fork: retry: Resource temporarily unavailable
/usr/local/lsws/fcgi-bin/lswsgi_wrapper: fork: retry: Resource temporarily unavailable
/usr/local/lsws/fcgi-bin/lswsgi_wrapper: fork: retry: Resource temporarily unavailable
/usr/local/lsws/fcgi-bin/lswsgi_wrapper: fork: Resource temporarily unavailable
/usr/local/lsws/fcgi-bin/lswsgi_wrapper: fork: retry: Resource temporarily unavailable
/usr/local/lsws/fcgi-bin/lswsgi_wrapper: fork: retry: Resource temporarily unavailable
/usr/local/lsws/fcgi-bin/lswsgi_wrapper: fork: retry: Resource temporarily unavailable
/usr/local/lsws/fcgi-bin/lswsgi_wrapper: fork: retry: Resource temporarily unavailable
/usr/local/lsws/fcgi-bin/lswsgi_wrapper: fork: Resource temporarily unavailable
/usr/local/lsws/fcgi-bin/lswsgi_wrapper: fork: retry: Resource temporarily unavailable
/usr/local/lsws/fcgi-bin/lswsgi_wrapper: fork: retry: Resource temporarily unavailable
/usr/local/lsws/fcgi-bin/lswsgi_wrapper: fork: retry: Resource temporarily unavailable
/usr/local/lsws/fcgi-bin/lswsgi_wrapper: fork: retry: Resource temporarily unavailable
/usr/local/lsws/fcgi-bin/lswsgi_wrapper: fork: Resource temporarily unavailable
/usr/local/lsws/fcgi-bin/lswsgi_wrapper: fork: retry: Resource temporarily unavailable
/usr/local/lsws/fcgi-bin/lswsgi_wrapper: fork: retry: Resource temporarily unavailable
/usr/local/lsws/fcgi-bin/lswsgi_wrapper: fork: retry: Resource temporarily unavailable
/usr/local/lsws/fcgi-bin/lswsgi_wrapper: fork: retry: Resource temporarily unavailable
/usr/local/lsws/fcgi-bin/lswsgi_wrapper: fork: Resource temporarily unavailable
/usr/local/lsws/fcgi-bin/lswsgi_wrapper: fork: retry: Resource temporarily unavailable
/usr/local/lsws/fcgi-bin/lswsgi_wrapper: fork: retry: Resource temporarily unavailable
/usr/local/lsws/fcgi-bin/lswsgi_wrapper: fork: retry: Resource temporarily unavailable
/usr/local/lsws/fcgi-bin/lswsgi_wrapper: fork: retry: Resource temporarily unavailable
/usr/local/lsws/fcgi-bin/lswsgi_wrapper: fork: Resource temporarily unavailable
/usr/local/lsws/fcgi-bin/lswsgi_wrapper: fork: retry: Resource temporarily unavailable
/usr/local/lsws/fcgi-bin/lswsgi_wrapper: fork: retry: Resource temporarily unavailable
/usr/local/lsws/fcgi-bin/lswsgi_wrapper: fork: retry: Resource temporarily unavailable
/usr/local/lsws/fcgi-bin/lswsgi_wrapper: fork: retry: Resource temporarily unavailable
/usr/local/lsws/fcgi-bin/lswsgi_wrapper: fork: Resource temporarily unavailable
/usr/local/lsws/fcgi-bin/lswsgi_wrapper: fork: retry: Resource temporarily unavailable
/usr/local/lsws/fcgi-bin/lswsgi_wrapper: fork: retry: Resource temporarily unavailable
/usr/local/lsws/fcgi-bin/lswsgi_wrapper: fork: retry: Resource temporarily unavailable
/usr/local/lsws/fcgi-bin/lswsgi_wrapper: fork: retry: Resource temporarily unavailable
/usr/local/lsws/fcgi-bin/lswsgi_wrapper: fork: Resource temporarily unavailable
/usr/local/lsws/fcgi-bin/lswsgi_wrapper: fork: retry: Resource temporarily unavailable
/usr/local/lsws/fcgi-bin/lswsgi_wrapper: fork: retry: Resource temporarily unavailable
/usr/local/lsws/fcgi-bin/lswsgi_wrapper: fork: retry: Resource temporarily unavailable
/usr/local/lsws/fcgi-bin/lswsgi_wrapper: fork: retry: Resource temporarily unavailable
/usr/local/lsws/fcgi-bin/lswsgi_wrapper: fork: Resource temporarily unavailable
/usr/local/lsws/fcgi-bin/lswsgi_wrapper: fork: retry: Resource temporarily unavailable
/usr/local/lsws/fcgi-bin/lswsgi_wrapper: fork: retry: Resource temporarily unavailable
/usr/local/lsws/fcgi-bin/lswsgi_wrapper: fork: retry: Resource temporarily unavailable
/usr/local/lsws/fcgi-bin/lswsgi_wrapper: fork: retry: Resource temporarily unavailable
/usr/local/lsws/fcgi-bin/lswsgi_wrapper: fork: Resource temporarily unavailable
/usr/local/lsws/fcgi-bin/lswsgi_wrapper: fork: retry: Resource temporarily unavailable
/usr/local/lsws/fcgi-bin/lswsgi_wrapper: fork: retry: Resource temporarily unavailable
/usr/local/lsws/fcgi-bin/lswsgi_wrapper: fork: retry: Resource temporarily unavailable
/usr/local/lsws/fcgi-bin/lswsgi_wrapper: fork: retry: Resource temporarily unavailable
/usr/local/lsws/fcgi-bin/lswsgi_wrapper: fork: Resource temporarily unavailable
/usr/local/lsws/fcgi-bin/lswsgi_wrapper: fork: retry: Resource temporarily unavailable
/usr/local/lsws/fcgi-bin/lswsgi_wrapper: fork: retry: Resource temporarily unavailable
/usr/local/lsws/fcgi-bin/lswsgi_wrapper: fork: retry: Resource temporarily unavailable
/usr/local/lsws/fcgi-bin/lswsgi_wrapper: fork: retry: Resource temporarily unavailable
/usr/local/lsws/fcgi-bin/lswsgi_wrapper: fork: Resource temporarily unavailable
/usr/local/lsws/fcgi-bin/lswsgi_wrapper: fork: retry: Resource temporarily unavailable
/usr/local/lsws/fcgi-bin/lswsgi_wrapper: fork: retry: Resource temporarily unavailable
/usr/local/lsws/fcgi-bin/lswsgi_wrapper: fork: retry: Resource temporarily unavailable
/usr/local/lsws/fcgi-bin/lswsgi_wrapper: fork: retry: Resource temporarily unavailable
/usr/local/lsws/fcgi-bin/lswsgi_wrapper: fork: Resource temporarily unavailable
/usr/local/lsws/fcgi-bin/lswsgi_wrapper: fork: retry: Resource temporarily unavailable
/usr/local/lsws/fcgi-bin/lswsgi_wrapper: fork: retry: Resource temporarily unavailable
/usr/local/lsws/fcgi-bin/lswsgi_wrapper: fork: retry: Resource temporarily unavailable
/usr/local/lsws/fcgi-bin/lswsgi_wrapper: fork: retry: Resource temporarily unavailable
/usr/local/lsws/fcgi-bin/lswsgi_wrapper: fork: Resource temporarily unavailable
/usr/local/lsws/fcgi-bin/lswsgi_wrapper: fork: retry: Resource temporarily unavailable
/usr/local/lsws/fcgi-bin/lswsgi_wrapper: fork: retry: Resource temporarily unavailable
/usr/local/lsws/fcgi-bin/lswsgi_wrapper: fork: retry: Resource temporarily unavailable
/usr/local/lsws/fcgi-bin/lswsgi_wrapper: fork: retry: Resource temporarily unavailable
/usr/local/lsws/fcgi-bin/lswsgi_wrapper: fork: Resource temporarily unavailable
/usr/local/lsws/fcgi-bin/lswsgi_wrapper: fork: retry: Resource temporarily unavailable
/usr/local/lsws/fcgi-bin/lswsgi_wrapper: fork: retry: Resource temporarily unavailable
/usr/local/lsws/fcgi-bin/lswsgi_wrapper: fork: retry: Resource temporarily unavailable
/usr/local/lsws/fcgi-bin/lswsgi_wrapper: fork: retry: Resource temporarily unavailable
/usr/local/lsws/fcgi-bin/lswsgi_wrapper: fork: Resource temporarily unavailable
/usr/local/lsws/fcgi-bin/lswsgi_wrapper: fork: retry: Resource temporarily unavailable
/usr/local/lsws/fcgi-bin/lswsgi_wrapper: fork: retry: Resource temporarily unavailable
/usr/local/lsws/fcgi-bin/lswsgi_wrapper: fork: retry: Resource temporarily unavailable
/usr/local/lsws/fcgi-bin/lswsgi_wrapper: fork: retry: Resource temporarily unavailable
/usr/local/lsws/fcgi-bin/lswsgi_wrapper: fork: Resource temporarily unavailable
/usr/local/lsws/fcgi-bin/lswsgi_wrapper: fork: retry: Resource temporarily unavailable
/usr/local/lsws/fcgi-bin/lswsgi_wrapper: fork: retry: Resource temporarily unavailable
/usr/local/lsws/fcgi-bin/lswsgi_wrapper: fork: retry: Resource temporarily unavailable
/usr/local/lsws/fcgi-bin/lswsgi_wrapper: fork: retry: Resource temporarily unavailable
/usr/local/lsws/fcgi-bin/lswsgi_wrapper: fork: Resource temporarily unavailable
/usr/local/lsws/fcgi-bin/lswsgi_wrapper: fork: retry: Resource temporarily unavailable
/usr/local/lsws/fcgi-bin/lswsgi_wrapper: fork: retry: Resource temporarily unavailable
/usr/local/lsws/fcgi-bin/lswsgi_wrapper: fork: retry: Resource temporarily unavailable
/usr/local/lsws/fcgi-bin/lswsgi_wrapper: fork: retry: Resource temporarily unavailable
/usr/local/lsws/fcgi-bin/lswsgi_wrapper: fork: Resource temporarily unavailable
/usr/local/lsws/fcgi-bin/lswsgi_wrapper: fork: retry: Resource temporarily unavailable
/usr/local/lsws/fcgi-bin/lswsgi_wrapper: fork: retry: Resource temporarily unavailable
/usr/local/lsws/fcgi-bin/lswsgi_wrapper: fork: retry: Resource temporarily unavailable
/usr/local/lsws/fcgi-bin/lswsgi_wrapper: fork: retry: Resource temporarily unavailable
/usr/local/lsws/fcgi-bin/lswsgi_wrapper: fork: Resource temporarily unavailable
/usr/local/lsws/fcgi-bin/lswsgi_wrapper: fork: retry: Resource temporarily unavailable
/usr/local/lsws/fcgi-bin/lswsgi_wrapper: fork: retry: Resource temporarily unavailable
/usr/local/lsws/fcgi-bin/lswsgi_wrapper: fork: retry: Resource temporarily unavailable
/usr/local/lsws/fcgi-bin/lswsgi_wrapper: fork: retry: Resource temporarily unavailable
/usr/local/lsws/fcgi-bin/lswsgi_wrapper: fork: Resource temporarily unavailable
/usr/local/lsws/fcgi-bin/lswsgi_wrapper: fork: retry: Resource temporarily unavailable
/usr/local/lsws/fcgi-bin/lswsgi_wrapper: fork: retry: Resource temporarily unavailable
/usr/local/lsws/fcgi-bin/lswsgi_wrapper: fork: retry: Resource temporarily unavailable
/usr/local/lsws/fcgi-bin/lswsgi_wrapper: fork: retry: Resource temporarily unavailable
/usr/local/lsws/fcgi-bin/lswsgi_wrapper: fork: Resource temporarily unavailable
/usr/local/lsws/fcgi-bin/lswsgi_wrapper: fork: retry: Resource temporarily unavailable
/usr/local/lsws/fcgi-bin/lswsgi_wrapper: fork: retry: Resource temporarily unavailable
/usr/local/lsws/fcgi-bin/lswsgi_wrapper: fork: retry: Resource temporarily unavailable
/usr/local/lsws/fcgi-bin/lswsgi_wrapper: fork: retry: Resource temporarily unavailable
/usr/local/lsws/fcgi-bin/lswsgi_wrapper: fork: Resource temporarily unavailable
/usr/local/lsws/fcgi-bin/lswsgi_wrapper: fork: retry: Resource temporarily unavailable
/usr/local/lsws/fcgi-bin/lswsgi_wrapper: fork: retry: Resource temporarily unavailable
/usr/local/lsws/fcgi-bin/lswsgi_wrapper: fork: retry: Resource temporarily unavailable
/usr/local/lsws/fcgi-bin/lswsgi_wrapper: fork: retry: Resource temporarily unavailable
/usr/local/lsws/fcgi-bin/lswsgi_wrapper: fork: Resource temporarily unavailable
/usr/local/lsws/fcgi-bin/lswsgi_wrapper: fork: retry: Resource temporarily unavailable
/usr/local/lsws/fcgi-bin/lswsgi_wrapper: fork: retry: Resource temporarily unavailable
/usr/local/lsws/fcgi-bin/lswsgi_wrapper: fork: retry: Resource temporarily unavailable
/usr/local/lsws/fcgi-bin/lswsgi_wrapper: fork: retry: Resource temporarily unavailable
/usr/local/lsws/fcgi-bin/lswsgi_wrapper: fork: Resource temporarily unavailable
/usr/local/lsws/fcgi-bin/lswsgi_wrapper: fork: retry: Resource temporarily unavailable
/usr/local/lsws/fcgi-bin/lswsgi_wrapper: fork: retry: Resource temporarily unavailable
/usr/local/lsws/fcgi-bin/lswsgi_wrapper: fork: retry: Resource temporarily unavailable
/usr/local/lsws/fcgi-bin/lswsgi_wrapper: fork: retry: Resource temporarily unavailable
/usr/local/lsws/fcgi-bin/lswsgi_wrapper: fork: Resource temporarily unavailable
/usr/local/lsws/fcgi-bin/lswsgi_wrapper: fork: retry: Resource temporarily unavailable
/usr/local/lsws/fcgi-bin/lswsgi_wrapper: fork: retry: Resource temporarily unavailable
/usr/local/lsws/fcgi-bin/lswsgi_wrapper: fork: retry: Resource temporarily unavailable
/usr/local/lsws/fcgi-bin/lswsgi_wrapper: fork: retry: Resource temporarily unavailable
/usr/local/lsws/fcgi-bin/lswsgi_wrapper: fork: Resource temporarily unavailable
/usr/local/lsws/fcgi-bin/lswsgi_wrapper: fork: retry: Resource temporarily unavailable
/usr/local/lsws/fcgi-bin/lswsgi_wrapper: fork: retry: Resource temporarily unavailable
/usr/local/lsws/fcgi-bin/lswsgi_wrapper: fork: retry: Resource temporarily unavailable
/usr/local/lsws/fcgi-bin/lswsgi_wrapper: fork: retry: Resource temporarily unavailable
/usr/local/lsws/fcgi-bin/lswsgi_wrapper: fork: Resource temporarily unavailable
/usr/local/lsws/fcgi-bin/lswsgi_wrapper: fork: retry: Resource temporarily unavailable
/usr/local/lsws/fcgi-bin/lswsgi_wrapper: fork: retry: Resource temporarily unavailable
/usr/local/lsws/fcgi-bin/lswsgi_wrapper: fork: retry: Resource temporarily unavailable
/usr/local/lsws/fcgi-bin/lswsgi_wrapper: fork: retry: Resource temporarily unavailable
/usr/local/lsws/fcgi-bin/lswsgi_wrapper: fork: Resource temporarily unavailable
/usr/local/lsws/fcgi-bin/lswsgi_wrapper: fork: retry: Resource temporarily unavailable
/usr/local/lsws/fcgi-bin/lswsgi_wrapper: fork: retry: Resource temporarily unavailable
/usr/local/lsws/fcgi-bin/lswsgi_wrapper: fork: retry: Resource temporarily unavailable
/usr/local/lsws/fcgi-bin/lswsgi_wrapper: fork: retry: Resource temporarily unavailable
/usr/local/lsws/fcgi-bin/lswsgi_wrapper: fork: Resource temporarily unavailable
/usr/local/lsws/fcgi-bin/lswsgi_wrapper: fork: retry: Resource temporarily unavailable
/usr/local/lsws/fcgi-bin/lswsgi_wrapper: fork: retry: Resource temporarily unavailable
/usr/local/lsws/fcgi-bin/lswsgi_wrapper: fork: retry: Resource temporarily unavailable
/usr/local/lsws/fcgi-bin/lswsgi_wrapper: fork: retry: Resource temporarily unavailable
/usr/local/lsws/fcgi-bin/lswsgi_wrapper: fork: Resource temporarily unavailable
/usr/local/lsws/fcgi-bin/lswsgi_wrapper: fork: retry: Resource temporarily unavailable
/usr/local/lsws/fcgi-bin/lswsgi_wrapper: fork: retry: Resource temporarily unavailable
/usr/local/lsws/fcgi-bin/lswsgi_wrapper: fork: retry: Resource temporarily unavailable
/usr/local/lsws/fcgi-bin/lswsgi_wrapper: fork: retry: Resource temporarily unavailable
/usr/local/lsws/fcgi-bin/lswsgi_wrapper: fork: Resource temporarily unavailable
/usr/local/lsws/fcgi-bin/lswsgi_wrapper: fork: retry: Resource temporarily unavailable
/usr/local/lsws/fcgi-bin/lswsgi_wrapper: fork: retry: Resource temporarily unavailable
/usr/local/lsws/fcgi-bin/lswsgi_wrapper: fork: retry: Resource temporarily unavailable
/usr/local/lsws/fcgi-bin/lswsgi_wrapper: fork: retry: Resource temporarily unavailable
/usr/local/lsws/fcgi-bin/lswsgi_wrapper: fork: Resource temporarily unavailable
/usr/local/lsws/fcgi-bin/lswsgi_wrapper: fork: retry: Resource temporarily unavailable
/usr/local/lsws/fcgi-bin/lswsgi_wrapper: fork: retry: Resource temporarily unavailable
/usr/local/lsws/fcgi-bin/lswsgi_wrapper: fork: retry: Resource temporarily unavailable
/usr/local/lsws/fcgi-bin/lswsgi_wrapper: fork: retry: Resource temporarily unavailable
/usr/local/lsws/fcgi-bin/lswsgi_wrapper: fork: Resource temporarily unavailable
/usr/local/lsws/fcgi-bin/lswsgi_wrapper: fork: retry: Resource temporarily unavailable
/usr/local/lsws/fcgi-bin/lswsgi_wrapper: fork: retry: Resource temporarily unavailable
/usr/local/lsws/fcgi-bin/lswsgi_wrapper: fork: retry: Resource temporarily unavailable
/usr/local/lsws/fcgi-bin/lswsgi_wrapper: fork: retry: Resource temporarily unavailable
/usr/local/lsws/fcgi-bin/lswsgi_wrapper: fork: Resource temporarily unavailable
/usr/local/lsws/fcgi-bin/lswsgi_wrapper: fork: retry: Resource temporarily unavailable
/usr/local/lsws/fcgi-bin/lswsgi_wrapper: fork: retry: Resource temporarily unavailable
/usr/local/lsws/fcgi-bin/lswsgi_wrapper: fork: retry: Resource temporarily unavailable
/usr/local/lsws/fcgi-bin/lswsgi_wrapper: fork: retry: Resource temporarily unavailable
/usr/local/lsws/fcgi-bin/lswsgi_wrapper: fork: Resource temporarily unavailable
/usr/local/lsws/fcgi-bin/lswsgi_wrapper: fork: retry: Resource temporarily unavailable
/usr/local/lsws/fcgi-bin/lswsgi_wrapper: fork: retry: Resource temporarily unavailable
/usr/local/lsws/fcgi-bin/lswsgi_wrapper: fork: retry: Resource temporarily unavailable
/usr/local/lsws/fcgi-bin/lswsgi_wrapper: fork: retry: Resource temporarily unavailable
/usr/local/lsws/fcgi-bin/lswsgi_wrapper: fork: Resource temporarily unavailable
/usr/local/lsws/fcgi-bin/lswsgi_wrapper: fork: retry: Resource temporarily unavailable
/usr/local/lsws/fcgi-bin/lswsgi_wrapper: fork: retry: Resource temporarily unavailable
/usr/local/lsws/fcgi-bin/lswsgi_wrapper: fork: retry: Resource temporarily unavailable
/usr/local/lsws/fcgi-bin/lswsgi_wrapper: fork: retry: Resource temporarily unavailable
/usr/local/lsws/fcgi-bin/lswsgi_wrapper: fork: Resource temporarily unavailable
/usr/local/lsws/fcgi-bin/lswsgi_wrapper: fork: retry: Resource temporarily unavailable
/usr/local/lsws/fcgi-bin/lswsgi_wrapper: fork: retry: Resource temporarily unavailable
/usr/local/lsws/fcgi-bin/lswsgi_wrapper: fork: retry: Resource temporarily unavailable
/usr/local/lsws/fcgi-bin/lswsgi_wrapper: fork: retry: Resource temporarily unavailable
/usr/local/lsws/fcgi-bin/lswsgi_wrapper: fork: Resource temporarily unavailable
/usr/local/lsws/fcgi-bin/lswsgi_wrapper: fork: retry: Resource temporarily unavailable
/usr/local/lsws/fcgi-bin/lswsgi_wrapper: fork: retry: Resource temporarily unavailable
/usr/local/lsws/fcgi-bin/lswsgi_wrapper: fork: retry: Resource temporarily unavailable
/usr/local/lsws/fcgi-bin/lswsgi_wrapper: fork: retry: Resource temporarily unavailable
/usr/local/lsws/fcgi-bin/lswsgi_wrapper: fork: Resource temporarily unavailable
/usr/local/lsws/fcgi-bin/lswsgi_wrapper: fork: retry: Resource temporarily unavailable
/usr/local/lsws/fcgi-bin/lswsgi_wrapper: fork: retry: Resource temporarily unavailable
/usr/local/lsws/fcgi-bin/lswsgi_wrapper: fork: retry: Resource temporarily unavailable
/usr/local/lsws/fcgi-bin/lswsgi_wrapper: fork: retry: Resource temporarily unavailable
/usr/local/lsws/fcgi-bin/lswsgi_wrapper: fork: Resource temporarily unavailable
/usr/local/lsws/fcgi-bin/lswsgi_wrapper: fork: retry: Resource temporarily unavailable
/usr/local/lsws/fcgi-bin/lswsgi_wrapper: fork: retry: Resource temporarily unavailable
/usr/local/lsws/fcgi-bin/lswsgi_wrapper: fork: retry: Resource temporarily unavailable
/usr/local/lsws/fcgi-bin/lswsgi_wrapper: fork: retry: Resource temporarily unavailable
/usr/local/lsws/fcgi-bin/lswsgi_wrapper: fork: Resource temporarily unavailable
/usr/local/lsws/fcgi-bin/lswsgi_wrapper: fork: retry: Resource temporarily unavailable
/usr/local/lsws/fcgi-bin/lswsgi_wrapper: fork: retry: Resource temporarily unavailable
/usr/local/lsws/fcgi-bin/lswsgi_wrapper: fork: retry: Resource temporarily unavailable
/usr/local/lsws/fcgi-bin/lswsgi_wrapper: fork: retry: Resource temporarily unavailable
/usr/local/lsws/fcgi-bin/lswsgi_wrapper: fork: Resource temporarily unavailable
/usr/local/lsws/fcgi-bin/lswsgi_wrapper: fork: retry: Resource temporarily unavailable
/usr/local/lsws/fcgi-bin/lswsgi_wrapper: fork: retry: Resource temporarily unavailable
/usr/local/lsws/fcgi-bin/lswsgi_wrapper: fork: retry: Resource temporarily unavailable
/usr/local/lsws/fcgi-bin/lswsgi_wrapper: fork: retry: Resource temporarily unavailable
/usr/local/lsws/fcgi-bin/lswsgi_wrapper: fork: Resource temporarily unavailable
/usr/local/lsws/fcgi-bin/lswsgi_wrapper: fork: retry: Resource temporarily unavailable
/usr/local/lsws/fcgi-bin/lswsgi_wrapper: fork: retry: Resource temporarily unavailable
/usr/local/lsws/fcgi-bin/lswsgi_wrapper: fork: retry: Resource temporarily unavailable
/usr/local/lsws/fcgi-bin/lswsgi_wrapper: fork: retry: Resource temporarily unavailable
/usr/local/lsws/fcgi-bin/lswsgi_wrapper: fork: Resource temporarily unavailable
/usr/local/lsws/fcgi-bin/lswsgi_wrapper: fork: retry: Resource temporarily unavailable
/usr/local/lsws/fcgi-bin/lswsgi_wrapper: fork: retry: Resource temporarily unavailable
/usr/local/lsws/fcgi-bin/lswsgi_wrapper: fork: retry: Resource temporarily unavailable
/usr/local/lsws/fcgi-bin/lswsgi_wrapper: fork: retry: Resource temporarily unavailable
/usr/local/lsws/fcgi-bin/lswsgi_wrapper: fork: Resource temporarily unavailable
/usr/local/lsws/fcgi-bin/lswsgi_wrapper: fork: retry: Resource temporarily unavailable
/usr/local/lsws/fcgi-bin/lswsgi_wrapper: fork: retry: Resource temporarily unavailable
/usr/local/lsws/fcgi-bin/lswsgi_wrapper: fork: retry: Resource temporarily unavailable
/usr/local/lsws/fcgi-bin/lswsgi_wrapper: fork: retry: Resource temporarily unavailable
/usr/local/lsws/fcgi-bin/lswsgi_wrapper: fork: Resource temporarily unavailable
/usr/local/lsws/fcgi-bin/lswsgi_wrapper: fork: retry: Resource temporarily unavailable
/usr/local/lsws/fcgi-bin/lswsgi_wrapper: fork: retry: Resource temporarily unavailable
/usr/local/lsws/fcgi-bin/lswsgi_wrapper: fork: retry: Resource temporarily unavailable
/usr/local/lsws/fcgi-bin/lswsgi_wrapper: fork: retry: Resource temporarily unavailable
/usr/local/lsws/fcgi-bin/lswsgi_wrapper: fork: Resource temporarily unavailable
/usr/local/lsws/fcgi-bin/lswsgi_wrapper: fork: retry: Resource temporarily unavailable
/usr/local/lsws/fcgi-bin/lswsgi_wrapper: fork: retry: Resource temporarily unavailable
/usr/local/lsws/fcgi-bin/lswsgi_wrapper: fork: retry: Resource temporarily unavailable
/usr/local/lsws/fcgi-bin/lswsgi_wrapper: fork: retry: Resource temporarily unavailable
/usr/local/lsws/fcgi-bin/lswsgi_wrapper: fork: Resource temporarily unavailable
/usr/local/lsws/fcgi-bin/lswsgi_wrapper: fork: retry: Resource temporarily unavailable
/usr/local/lsws/fcgi-bin/lswsgi_wrapper: fork: retry: Resource temporarily unavailable
/usr/local/lsws/fcgi-bin/lswsgi_wrapper: fork: retry: Resource temporarily unavailable
/usr/local/lsws/fcgi-bin/lswsgi_wrapper: fork: retry: Resource temporarily unavailable
/usr/local/lsws/fcgi-bin/lswsgi_wrapper: fork: Resource temporarily unavailable
/usr/local/lsws/fcgi-bin/lswsgi_wrapper: fork: retry: Resource temporarily unavailable
/usr/local/lsws/fcgi-bin/lswsgi_wrapper: fork: retry: Resource temporarily unavailable
/usr/local/lsws/fcgi-bin/lswsgi_wrapper: fork: retry: Resource temporarily unavailable
/usr/local/lsws/fcgi-bin/lswsgi_wrapper: fork: retry: Resource temporarily unavailable
/usr/local/lsws/fcgi-bin/lswsgi_wrapper: fork: Resource temporarily unavailable
/usr/local/lsws/fcgi-bin/lswsgi_wrapper: fork: retry: Resource temporarily unavailable
/usr/local/lsws/fcgi-bin/lswsgi_wrapper: fork: retry: Resource temporarily unavailable
/usr/local/lsws/fcgi-bin/lswsgi_wrapper: fork: retry: Resource temporarily unavailable
/usr/local/lsws/fcgi-bin/lswsgi_wrapper: fork: retry: Resource temporarily unavailable
/usr/local/lsws/fcgi-bin/lswsgi_wrapper: fork: Resource temporarily unavailable
/usr/local/lsws/fcgi-bin/lswsgi_wrapper: fork: retry: Resource temporarily unavailable
/usr/local/lsws/fcgi-bin/lswsgi_wrapper: fork: retry: Resource temporarily unavailable
/usr/local/lsws/fcgi-bin/lswsgi_wrapper: fork: retry: Resource temporarily unavailable
/usr/local/lsws/fcgi-bin/lswsgi_wrapper: fork: retry: Resource temporarily unavailable
/usr/local/lsws/fcgi-bin/lswsgi_wrapper: fork: Resource temporarily unavailable
/usr/local/lsws/fcgi-bin/lswsgi_wrapper: fork: retry: Resource temporarily unavailable
/usr/local/lsws/fcgi-bin/lswsgi_wrapper: fork: retry: Resource temporarily unavailable
/usr/local/lsws/fcgi-bin/lswsgi_wrapper: fork: retry: Resource temporarily unavailable
/usr/local/lsws/fcgi-bin/lswsgi_wrapper: fork: retry: Resource temporarily unavailable
/usr/local/lsws/fcgi-bin/lswsgi_wrapper: fork: Resource temporarily unavailable
/usr/local/lsws/fcgi-bin/lswsgi_wrapper: fork: retry: Resource temporarily unavailable
/usr/local/lsws/fcgi-bin/lswsgi_wrapper: fork: retry: Resource temporarily unavailable
/usr/local/lsws/fcgi-bin/lswsgi_wrapper: fork: retry: Resource temporarily unavailable
/usr/local/lsws/fcgi-bin/lswsgi_wrapper: fork: retry: Resource temporarily unavailable
/usr/local/lsws/fcgi-bin/lswsgi_wrapper: fork: Resource temporarily unavailable
/usr/local/lsws/fcgi-bin/lswsgi_wrapper: fork: retry: Resource temporarily unavailable
/usr/local/lsws/fcgi-bin/lswsgi_wrapper: fork: retry: Resource temporarily unavailable
/usr/local/lsws/fcgi-bin/lswsgi_wrapper: fork: retry: Resource temporarily unavailable
/usr/local/lsws/fcgi-bin/lswsgi_wrapper: fork: retry: Resource temporarily unavailable
/usr/local/lsws/fcgi-bin/lswsgi_wrapper: fork: Resource temporarily unavailable
/usr/local/lsws/fcgi-bin/lswsgi_wrapper: fork: retry: Resource temporarily unavailable
/usr/local/lsws/fcgi-bin/lswsgi_wrapper: fork: retry: Resource temporarily unavailable
/usr/local/lsws/fcgi-bin/lswsgi_wrapper: fork: retry: Resource temporarily unavailable
/usr/local/lsws/fcgi-bin/lswsgi_wrapper: fork: retry: Resource temporarily unavailable
/usr/local/lsws/fcgi-bin/lswsgi_wrapper: fork: Resource temporarily unavailable
/usr/local/lsws/fcgi-bin/lswsgi_wrapper: fork: retry: Resource temporarily unavailable
/usr/local/lsws/fcgi-bin/lswsgi_wrapper: fork: retry: Resource temporarily unavailable
/usr/local/lsws/fcgi-bin/lswsgi_wrapper: fork: retry: Resource temporarily unavailable
/usr/local/lsws/fcgi-bin/lswsgi_wrapper: fork: retry: Resource temporarily unavailable
/usr/local/lsws/fcgi-bin/lswsgi_wrapper: fork: Resource temporarily unavailable
/usr/local/lsws/fcgi-bin/lswsgi_wrapper: fork: retry: Resource temporarily unavailable
/usr/local/lsws/fcgi-bin/lswsgi_wrapper: fork: retry: Resource temporarily unavailable
/usr/local/lsws/fcgi-bin/lswsgi_wrapper: fork: retry: Resource temporarily unavailable
/usr/local/lsws/fcgi-bin/lswsgi_wrapper: fork: retry: Resource temporarily unavailable
/usr/local/lsws/fcgi-bin/lswsgi_wrapper: fork: Resource temporarily unavailable
/usr/local/lsws/fcgi-bin/lswsgi_wrapper: fork: retry: Resource temporarily unavailable
/usr/local/lsws/fcgi-bin/lswsgi_wrapper: fork: retry: Resource temporarily unavailable
/usr/local/lsws/fcgi-bin/lswsgi_wrapper: fork: retry: Resource temporarily unavailable
/usr/local/lsws/fcgi-bin/lswsgi_wrapper: fork: retry: Resource temporarily unavailable
/usr/local/lsws/fcgi-bin/lswsgi_wrapper: fork: Resource temporarily unavailable
/usr/local/lsws/fcgi-bin/lswsgi_wrapper: fork: retry: Resource temporarily unavailable
/usr/local/lsws/fcgi-bin/lswsgi_wrapper: fork: retry: Resource temporarily unavailable
/usr/local/lsws/fcgi-bin/lswsgi_wrapper: fork: retry: Resource temporarily unavailable
/usr/local/lsws/fcgi-bin/lswsgi_wrapper: fork: retry: Resource temporarily unavailable
/usr/local/lsws/fcgi-bin/lswsgi_wrapper: fork: Resource temporarily unavailable
/usr/local/lsws/fcgi-bin/lswsgi_wrapper: fork: retry: Resource temporarily unavailable
/usr/local/lsws/fcgi-bin/lswsgi_wrapper: fork: retry: Resource temporarily unavailable
/usr/local/lsws/fcgi-bin/lswsgi_wrapper: fork: retry: Resource temporarily unavailable
/usr/local/lsws/fcgi-bin/lswsgi_wrapper: fork: retry: Resource temporarily unavailable
/usr/local/lsws/fcgi-bin/lswsgi_wrapper: fork: Resource temporarily unavailable
/usr/local/lsws/fcgi-bin/lswsgi_wrapper: fork: retry: Resource temporarily unavailable
/usr/local/lsws/fcgi-bin/lswsgi_wrapper: fork: retry: Resource temporarily unavailable
/usr/local/lsws/fcgi-bin/lswsgi_wrapper: fork: retry: Resource temporarily unavailable
/usr/local/lsws/fcgi-bin/lswsgi_wrapper: fork: retry: Resource temporarily unavailable
/usr/local/lsws/fcgi-bin/lswsgi_wrapper: fork: Resource temporarily unavailable
/usr/local/lsws/fcgi-bin/lswsgi_wrapper: fork: retry: Resource temporarily unavailable
/usr/local/lsws/fcgi-bin/lswsgi_wrapper: fork: retry: Resource temporarily unavailable
/usr/local/lsws/fcgi-bin/lswsgi_wrapper: fork: retry: Resource temporarily unavailable
/usr/local/lsws/fcgi-bin/lswsgi_wrapper: fork: retry: Resource temporarily unavailable
/usr/local/lsws/fcgi-bin/lswsgi_wrapper: fork: Resource temporarily unavailable
/usr/local/lsws/fcgi-bin/lswsgi_wrapper: fork: retry: Resource temporarily unavailable
/usr/local/lsws/fcgi-bin/lswsgi_wrapper: fork: retry: Resource temporarily unavailable
/usr/local/lsws/fcgi-bin/lswsgi_wrapper: fork: retry: Resource temporarily unavailable
/usr/local/lsws/fcgi-bin/lswsgi_wrapper: fork: retry: Resource temporarily unavailable
/usr/local/lsws/fcgi-bin/lswsgi_wrapper: fork: Resource temporarily unavailable
/usr/local/lsws/fcgi-bin/lswsgi_wrapper: fork: retry: Resource temporarily unavailable
/usr/local/lsws/fcgi-bin/lswsgi_wrapper: fork: retry: Resource temporarily unavailable
/usr/local/lsws/fcgi-bin/lswsgi_wrapper: fork: retry: Resource temporarily unavailable
[UID:5357][3278924] fork() failed, please increase process limit, errno: 11 (Resource temporarily unavailable)
[UID:5357][3278924] fork() failed, please increase process limit, errno: 11 (Resource temporarily unavailable)
[UID:5357][3278924] fork() failed, please increase process limit, errno: 11 (Resource temporarily unavailable)
[UID:5357][3278924] fork() failed, please increase process limit, errno: 11 (Resource temporarily unavailable)
[UID:5357][3278924] fork() failed, please increase process limit, errno: 11 (Resource temporarily unavailable)
[UID:5357][3278924] fork() failed, please increase process limit, errno: 11 (Resource temporarily unavailable)
/usr/local/lsws/fcgi-bin/lswsgi_wrapper: fork: retry: Resource temporarily unavailable
/usr/local/lsws/fcgi-bin/lswsgi_wrapper: fork: Resource temporarily unavailable
[UID:5357][3278924] fork() failed, please increase process limit, errno: 11 (Resource temporarily unavailable)
[UID:5357][3278924] fork() failed, please increase process limit, errno: 11 (Resource temporarily unavailable)
[UID:5357][3278924] fork() failed, please increase process limit, errno: 11 (Resource temporarily unavailable)
[UID:5357][3278924] fork() failed, please increase process limit, errno: 11 (Resource temporarily unavailable)
[UID:5357][3278924] fork() failed, please increase process limit, errno: 11 (Resource temporarily unavailable)
[UID:5357][3278924] fork() failed, please increase process limit, errno: 11 (Resource temporarily unavailable)
[UID:5357][3278924] fork() failed, please increase process limit, errno: 11 (Resource temporarily unavailable)
[UID:5357][3278924] fork() failed, please increase process limit, errno: 11 (Resource temporarily unavailable)
[UID:5357][3278924] fork() failed, please increase process limit, errno: 11 (Resource temporarily unavailable)
[UID:5357][3278924] fork() failed, please increase process limit, errno: 11 (Resource temporarily unavailable)
[UID:5357][3278924] fork() failed, please increase process limit, errno: 11 (Resource temporarily unavailable)
[UID:5357][3278924] fork() failed, please increase process limit, errno: 11 (Resource temporarily unavailable)
[UID:5357][3278924] fork() failed, please increase process limit, errno: 11 (Resource temporarily unavailable)
[UID:5357][3278924] fork() failed, please increase process limit, errno: 11 (Resource temporarily unavailable)
[UID:5357][3278924] fork() failed, please increase process limit, errno: 11 (Resource temporarily unavailable)
[UID:5357][3278924] fork() failed, please increase process limit, errno: 11 (Resource temporarily unavailable)
[UID:5357][3278924] fork() failed, please increase process limit, errno: 11 (Resource temporarily unavailable)
[UID:5357][3278924] fork() failed, please increase process limit, errno: 11 (Resource temporarily unavailable)
/usr/local/lsws/fcgi-bin/lswsgi_wrapper: fork: retry: Resource temporarily unavailable
[UID:5357][2381556] fork() failed, please increase process limit, errno: 11 (Resource temporarily unavailable)
[UID:5357][2381556] fork() failed, please increase process limit, errno: 11 (Resource temporarily unavailable)
[UID:5357][2381556] fork() failed, please increase process limit, errno: 11 (Resource temporarily unavailable)
[UID:5357][2381556] fork() failed, please increase process limit, errno: 11 (Resource temporarily unavailable)
[UID:5357][2381556] fork() failed, please increase process limit, errno: 11 (Resource temporarily unavailable)
[UID:5357][2381556] fork() failed, please increase process limit, errno: 11 (Resource temporarily unavailable)
[UID:5357][2381556] fork() failed, please increase process limit, errno: 11 (Resource temporarily unavailable)
[UID:5357][2381556] fork() failed, please increase process limit, errno: 11 (Resource temporarily unavailable)
[UID:5357][2381556] fork() failed, please increase process limit, errno: 11 (Resource temporarily unavailable)
[UID:5357][2381556] fork() failed, please increase process limit, errno: 11 (Resource temporarily unavailable)
[UID:5357][2381556] fork() failed, please increase process limit, errno: 11 (Resource temporarily unavailable)
[UID:5357][2381556] fork() failed, please increase process limit, errno: 11 (Resource temporarily unavailable)
[UID:5357][2381556] fork() failed, please increase process limit, errno: 11 (Resource temporarily unavailable)
[UID:5357][2381556] fork() failed, please increase process limit, errno: 11 (Resource temporarily unavailable)
[UID:5357][2381556] fork() failed, please increase process limit, errno: 11 (Resource temporarily unavailable)
[UID:5357][2381556] fork() failed, please increase process limit, errno: 11 (Resource temporarily unavailable)
[UID:5357][2381556] fork() failed, please increase process limit, errno: 11 (Resource temporarily unavailable)
[UID:5357][2381556] fork() failed, please increase process limit, errno: 11 (Resource temporarily unavailable)
[UID:5357][2381556] fork() failed, please increase process limit, errno: 11 (Resource temporarily unavailable)
[UID:5357][2381556] fork() failed, please increase process limit, errno: 11 (Resource temporarily unavailable)
[UID:5357][2381556] fork() failed, please increase process limit, errno: 11 (Resource temporarily unavailable)
[UID:5357][2381556] fork() failed, please increase process limit, errno: 11 (Resource temporarily unavailable)
[UID:5357][2381556] fork() failed, please increase process limit, errno: 11 (Resource temporarily unavailable)
[UID:5357][2381556] fork() failed, please increase process limit, errno: 11 (Resource temporarily unavailable)
[UID:5357][3971834] packetLen < 0
/usr/local/lsws/fcgi-bin/lswsgi_wrapper: fork: retry: Resource temporarily unavailable
/usr/local/lsws/fcgi-bin/lswsgi_wrapper: fork: retry: Resource temporarily unavailable
/usr/local/lsws/fcgi-bin/lswsgi_wrapper: fork: retry: Resource temporarily unavailable
/usr/local/lsws/fcgi-bin/lswsgi_wrapper: fork: retry: Resource temporarily unavailable
/usr/local/lsws/fcgi-bin/lswsgi_wrapper: fork: Resource temporarily unavailable
[UID:5357][2381556] fork() failed, please increase process limit, errno: 11 (Resource temporarily unavailable)
[UID:5357][2381556] fork() failed, please increase process limit, errno: 11 (Resource temporarily unavailable)
[UID:5357][2381556] fork() failed, please increase process limit, errno: 11 (Resource temporarily unavailable)
/usr/local/lsws/fcgi-bin/lswsgi_wrapper: fork: retry: Resource temporarily unavailable
/usr/local/lsws/fcgi-bin/lswsgi_wrapper: fork: retry: Resource temporarily unavailable
/usr/local/lsws/fcgi-bin/lswsgi_wrapper: fork: retry: Resource temporarily unavailable
/usr/local/lsws/fcgi-bin/lswsgi_wrapper: fork: retry: Resource temporarily unavailable
/usr/local/lsws/fcgi-bin/lswsgi_wrapper: fork: Resource temporarily unavailable
/usr/local/lsws/fcgi-bin/lswsgi_wrapper: fork: retry: Resource temporarily unavailable
/usr/local/lsws/fcgi-bin/lswsgi_wrapper: fork: retry: Resource temporarily unavailable
/usr/local/lsws/fcgi-bin/lswsgi_wrapper: fork: retry: Resource temporarily unavailable
/usr/local/lsws/fcgi-bin/lswsgi_wrapper: fork: retry: Resource temporarily unavailable
/usr/local/lsws/fcgi-bin/lswsgi_wrapper: fork: Resource temporarily unavailable
/usr/local/lsws/fcgi-bin/lswsgi_wrapper: fork: retry: Resource temporarily unavailable
/usr/local/lsws/fcgi-bin/lswsgi_wrapper: fork: retry: Resource temporarily unavailable
/usr/local/lsws/fcgi-bin/lswsgi_wrapper: fork: retry: Resource temporarily unavailable
/usr/local/lsws/fcgi-bin/lswsgi_wrapper: fork: retry: Resource temporarily unavailable
/usr/local/lsws/fcgi-bin/lswsgi_wrapper: fork: Resource temporarily unavailable
/usr/local/lsws/fcgi-bin/lswsgi_wrapper: fork: retry: Resource temporarily unavailable
/usr/local/lsws/fcgi-bin/lswsgi_wrapper: fork: retry: Resource temporarily unavailable
/usr/local/lsws/fcgi-bin/lswsgi_wrapper: fork: retry: Resource temporarily unavailable
/usr/local/lsws/fcgi-bin/lswsgi_wrapper: fork: retry: Resource temporarily unavailable
/usr/local/lsws/fcgi-bin/lswsgi_wrapper: fork: Resource temporarily unavailable
/usr/local/lsws/fcgi-bin/lswsgi_wrapper: fork: retry: Resource temporarily unavailable
/usr/local/lsws/fcgi-bin/lswsgi_wrapper: fork: retry: Resource temporarily unavailable
/usr/local/lsws/fcgi-bin/lswsgi_wrapper: fork: retry: Resource temporarily unavailable
/usr/local/lsws/fcgi-bin/lswsgi_wrapper: fork: retry: Resource temporarily unavailable
/usr/local/lsws/fcgi-bin/lswsgi_wrapper: fork: Resource temporarily unavailable
/usr/local/lsws/fcgi-bin/lswsgi_wrapper: fork: retry: Resource temporarily unavailable
/usr/local/lsws/fcgi-bin/lswsgi_wrapper: fork: retry: Resource temporarily unavailable
/usr/local/lsws/fcgi-bin/lswsgi_wrapper: fork: retry: Resource temporarily unavailable
/usr/local/lsws/fcgi-bin/lswsgi_wrapper: fork: retry: Resource temporarily unavailable
/usr/local/lsws/fcgi-bin/lswsgi_wrapper: fork: Resource temporarily unavailable
/usr/local/lsws/fcgi-bin/lswsgi_wrapper: fork: retry: Resource temporarily unavailable
/usr/local/lsws/fcgi-bin/lswsgi_wrapper: fork: retry: Resource temporarily unavailable
/usr/local/lsws/fcgi-bin/lswsgi_wrapper: fork: retry: Resource temporarily unavailable
/usr/local/lsws/fcgi-bin/lswsgi_wrapper: fork: retry: Resource temporarily unavailable
/usr/local/lsws/fcgi-bin/lswsgi_wrapper: fork: Resource temporarily unavailable
/usr/local/lsws/fcgi-bin/lswsgi_wrapper: fork: retry: Resource temporarily unavailable
/usr/local/lsws/fcgi-bin/lswsgi_wrapper: fork: retry: Resource temporarily unavailable
/usr/local/lsws/fcgi-bin/lswsgi_wrapper: fork: retry: Resource temporarily unavailable
/usr/local/lsws/fcgi-bin/lswsgi_wrapper: fork: retry: Resource temporarily unavailable
/usr/local/lsws/fcgi-bin/lswsgi_wrapper: fork: Resource temporarily unavailable
/usr/local/lsws/fcgi-bin/lswsgi_wrapper: fork: retry: Resource temporarily unavailable
/usr/local/lsws/fcgi-bin/lswsgi_wrapper: fork: retry: Resource temporarily unavailable
/usr/local/lsws/fcgi-bin/lswsgi_wrapper: fork: retry: Resource temporarily unavailable
/usr/local/lsws/fcgi-bin/lswsgi_wrapper: fork: retry: Resource temporarily unavailable
/usr/local/lsws/fcgi-bin/lswsgi_wrapper: fork: Resource temporarily unavailable
/usr/local/lsws/fcgi-bin/lswsgi_wrapper: fork: retry: Resource temporarily unavailable
/usr/local/lsws/fcgi-bin/lswsgi_wrapper: fork: retry: Resource temporarily unavailable
/usr/local/lsws/fcgi-bin/lswsgi_wrapper: fork: retry: Resource temporarily unavailable
/usr/local/lsws/fcgi-bin/lswsgi_wrapper: fork: retry: Resource temporarily unavailable
/usr/local/lsws/fcgi-bin/lswsgi_wrapper: fork: Resource temporarily unavailable
/usr/local/lsws/fcgi-bin/lswsgi_wrapper: fork: retry: Resource temporarily unavailable
/usr/local/lsws/fcgi-bin/lswsgi_wrapper: fork: retry: Resource temporarily unavailable
/usr/local/lsws/fcgi-bin/lswsgi_wrapper: fork: retry: Resource temporarily unavailable
/usr/local/lsws/fcgi-bin/lswsgi_wrapper: fork: retry: Resource temporarily unavailable
/usr/local/lsws/fcgi-bin/lswsgi_wrapper: fork: Resource temporarily unavailable
/usr/local/lsws/fcgi-bin/lswsgi_wrapper: fork: retry: Resource temporarily unavailable
/usr/local/lsws/fcgi-bin/lswsgi_wrapper: fork: retry: Resource temporarily unavailable
/usr/local/lsws/fcgi-bin/lswsgi_wrapper: fork: retry: Resource temporarily unavailable
/usr/local/lsws/fcgi-bin/lswsgi_wrapper: fork: retry: Resource temporarily unavailable
/usr/local/lsws/fcgi-bin/lswsgi_wrapper: fork: Resource temporarily unavailable
/usr/local/lsws/fcgi-bin/lswsgi_wrapper: fork: retry: Resource temporarily unavailable
/usr/local/lsws/fcgi-bin/lswsgi_wrapper: fork: retry: Resource temporarily unavailable
/usr/local/lsws/fcgi-bin/lswsgi_wrapper: fork: retry: Resource temporarily unavailable
/usr/local/lsws/fcgi-bin/lswsgi_wrapper: fork: retry: Resource temporarily unavailable
/usr/local/lsws/fcgi-bin/lswsgi_wrapper: fork: Resource temporarily unavailable
/usr/local/lsws/fcgi-bin/lswsgi_wrapper: fork: retry: Resource temporarily unavailable
/usr/local/lsws/fcgi-bin/lswsgi_wrapper: fork: retry: Resource temporarily unavailable
/usr/local/lsws/fcgi-bin/lswsgi_wrapper: fork: retry: Resource temporarily unavailable
/usr/local/lsws/fcgi-bin/lswsgi_wrapper: fork: retry: Resource temporarily unavailable
/usr/local/lsws/fcgi-bin/lswsgi_wrapper: fork: Resource temporarily unavailable
/usr/local/lsws/fcgi-bin/lswsgi_wrapper: fork: retry: Resource temporarily unavailable
/usr/local/lsws/fcgi-bin/lswsgi_wrapper: fork: retry: Resource temporarily unavailable
/usr/local/lsws/fcgi-bin/lswsgi_wrapper: fork: retry: Resource temporarily unavailable
/usr/local/lsws/fcgi-bin/lswsgi_wrapper: fork: retry: Resource temporarily unavailable
/usr/local/lsws/fcgi-bin/lswsgi_wrapper: fork: Resource temporarily unavailable
/usr/local/lsws/fcgi-bin/lswsgi_wrapper: fork: retry: Resource temporarily unavailable
/usr/local/lsws/fcgi-bin/lswsgi_wrapper: fork: retry: Resource temporarily unavailable
/usr/local/lsws/fcgi-bin/lswsgi_wrapper: fork: retry: Resource temporarily unavailable
/usr/local/lsws/fcgi-bin/lswsgi_wrapper: fork: retry: Resource temporarily unavailable
/usr/local/lsws/fcgi-bin/lswsgi_wrapper: fork: Resource temporarily unavailable
/usr/local/lsws/fcgi-bin/lswsgi_wrapper: fork: retry: Resource temporarily unavailable
/usr/local/lsws/fcgi-bin/lswsgi_wrapper: fork: retry: Resource temporarily unavailable
/usr/local/lsws/fcgi-bin/lswsgi_wrapper: fork: retry: Resource temporarily unavailable
/usr/local/lsws/fcgi-bin/lswsgi_wrapper: fork: retry: Resource temporarily unavailable
/usr/local/lsws/fcgi-bin/lswsgi_wrapper: fork: Resource temporarily unavailable
/usr/local/lsws/fcgi-bin/lswsgi_wrapper: fork: retry: Resource temporarily unavailable
/usr/local/lsws/fcgi-bin/lswsgi_wrapper: fork: retry: Resource temporarily unavailable
/usr/local/lsws/fcgi-bin/lswsgi_wrapper: fork: retry: Resource temporarily unavailable
/usr/local/lsws/fcgi-bin/lswsgi_wrapper: fork: retry: Resource temporarily unavailable
/usr/local/lsws/fcgi-bin/lswsgi_wrapper: fork: Resource temporarily unavailable
/usr/local/lsws/fcgi-bin/lswsgi_wrapper: fork: retry: Resource temporarily unavailable
/usr/local/lsws/fcgi-bin/lswsgi_wrapper: fork: retry: Resource temporarily unavailable
/usr/local/lsws/fcgi-bin/lswsgi_wrapper: fork: retry: Resource temporarily unavailable
/usr/local/lsws/fcgi-bin/lswsgi_wrapper: fork: retry: Resource temporarily unavailable
/usr/local/lsws/fcgi-bin/lswsgi_wrapper: fork: Resource temporarily unavailable
/usr/local/lsws/fcgi-bin/lswsgi_wrapper: fork: retry: Resource temporarily unavailable
/usr/local/lsws/fcgi-bin/lswsgi_wrapper: fork: retry: Resource temporarily unavailable
/usr/local/lsws/fcgi-bin/lswsgi_wrapper: fork: retry: Resource temporarily unavailable
/usr/local/lsws/fcgi-bin/lswsgi_wrapper: fork: retry: Resource temporarily unavailable
/usr/local/lsws/fcgi-bin/lswsgi_wrapper: fork: Resource temporarily unavailable
/usr/local/lsws/fcgi-bin/lswsgi_wrapper: fork: retry: Resource temporarily unavailable
/usr/local/lsws/fcgi-bin/lswsgi_wrapper: fork: retry: Resource temporarily unavailable
/usr/local/lsws/fcgi-bin/lswsgi_wrapper: fork: retry: Resource temporarily unavailable
/usr/local/lsws/fcgi-bin/lswsgi_wrapper: fork: retry: Resource temporarily unavailable
/usr/local/lsws/fcgi-bin/lswsgi_wrapper: fork: Resource temporarily unavailable
/usr/local/lsws/fcgi-bin/lswsgi_wrapper: fork: retry: Resource temporarily unavailable
/usr/local/lsws/fcgi-bin/lswsgi_wrapper: fork: retry: Resource temporarily unavailable
/usr/local/lsws/fcgi-bin/lswsgi_wrapper: fork: retry: Resource temporarily unavailable
/usr/local/lsws/fcgi-bin/lswsgi_wrapper: fork: retry: Resource temporarily unavailable
/usr/local/lsws/fcgi-bin/lswsgi_wrapper: fork: Resource temporarily unavailable
/usr/local/lsws/fcgi-bin/lswsgi_wrapper: fork: retry: Resource temporarily unavailable
/usr/local/lsws/fcgi-bin/lswsgi_wrapper: fork: retry: Resource temporarily unavailable
/usr/local/lsws/fcgi-bin/lswsgi_wrapper: fork: retry: Resource temporarily unavailable
/usr/local/lsws/fcgi-bin/lswsgi_wrapper: fork: retry: Resource temporarily unavailable
/usr/local/lsws/fcgi-bin/lswsgi_wrapper: fork: Resource temporarily unavailable
/usr/local/lsws/fcgi-bin/lswsgi_wrapper: fork: retry: Resource temporarily unavailable
/usr/local/lsws/fcgi-bin/lswsgi_wrapper: fork: retry: Resource temporarily unavailable
/usr/local/lsws/fcgi-bin/lswsgi_wrapper: fork: retry: Resource temporarily unavailable
/usr/local/lsws/fcgi-bin/lswsgi_wrapper: fork: retry: Resource temporarily unavailable
/usr/local/lsws/fcgi-bin/lswsgi_wrapper: fork: Resource temporarily unavailable
/usr/local/lsws/fcgi-bin/lswsgi_wrapper: fork: retry: Resource temporarily unavailable
/usr/local/lsws/fcgi-bin/lswsgi_wrapper: fork: retry: Resource temporarily unavailable
/usr/local/lsws/fcgi-bin/lswsgi_wrapper: fork: retry: Resource temporarily unavailable
/usr/local/lsws/fcgi-bin/lswsgi_wrapper: fork: retry: Resource temporarily unavailable
/usr/local/lsws/fcgi-bin/lswsgi_wrapper: fork: Resource temporarily unavailable
/usr/local/lsws/fcgi-bin/lswsgi_wrapper: fork: retry: Resource temporarily unavailable
/usr/local/lsws/fcgi-bin/lswsgi_wrapper: fork: retry: Resource temporarily unavailable
/usr/local/lsws/fcgi-bin/lswsgi_wrapper: fork: retry: Resource temporarily unavailable
/usr/local/lsws/fcgi-bin/lswsgi_wrapper: fork: retry: Resource temporarily unavailable
/usr/local/lsws/fcgi-bin/lswsgi_wrapper: fork: Resource temporarily unavailable
/usr/local/lsws/fcgi-bin/lswsgi_wrapper: fork: retry: Resource temporarily unavailable
/usr/local/lsws/fcgi-bin/lswsgi_wrapper: fork: retry: Resource temporarily unavailable
/usr/local/lsws/fcgi-bin/lswsgi_wrapper: fork: retry: Resource temporarily unavailable
/usr/local/lsws/fcgi-bin/lswsgi_wrapper: fork: retry: Resource temporarily unavailable
/usr/local/lsws/fcgi-bin/lswsgi_wrapper: fork: Resource temporarily unavailable
/usr/local/lsws/fcgi-bin/lswsgi_wrapper: fork: retry: Resource temporarily unavailable
/usr/local/lsws/fcgi-bin/lswsgi_wrapper: fork: retry: Resource temporarily unavailable
/usr/local/lsws/fcgi-bin/lswsgi_wrapper: fork: retry: Resource temporarily unavailable
/usr/local/lsws/fcgi-bin/lswsgi_wrapper: fork: retry: Resource temporarily unavailable
/usr/local/lsws/fcgi-bin/lswsgi_wrapper: fork: Resource temporarily unavailable
/usr/local/lsws/fcgi-bin/lswsgi_wrapper: fork: retry: Resource temporarily unavailable
/usr/local/lsws/fcgi-bin/lswsgi_wrapper: fork: retry: Resource temporarily unavailable
/usr/local/lsws/fcgi-bin/lswsgi_wrapper: fork: retry: Resource temporarily unavailable
/usr/local/lsws/fcgi-bin/lswsgi_wrapper: fork: retry: Resource temporarily unavailable
/usr/local/lsws/fcgi-bin/lswsgi_wrapper: fork: Resource temporarily unavailable
/usr/local/lsws/fcgi-bin/lswsgi_wrapper: fork: retry: Resource temporarily unavailable
/usr/local/lsws/fcgi-bin/lswsgi_wrapper: fork: retry: Resource temporarily unavailable
/usr/local/lsws/fcgi-bin/lswsgi_wrapper: fork: retry: Resource temporarily unavailable
/usr/local/lsws/fcgi-bin/lswsgi_wrapper: fork: retry: Resource temporarily unavailable
/usr/local/lsws/fcgi-bin/lswsgi_wrapper: fork: Resource temporarily unavailable
/usr/local/lsws/fcgi-bin/lswsgi_wrapper: fork: retry: Resource temporarily unavailable
/usr/local/lsws/fcgi-bin/lswsgi_wrapper: fork: retry: Resource temporarily unavailable
/usr/local/lsws/fcgi-bin/lswsgi_wrapper: fork: retry: Resource temporarily unavailable
/usr/local/lsws/fcgi-bin/lswsgi_wrapper: fork: retry: Resource temporarily unavailable
/usr/local/lsws/fcgi-bin/lswsgi_wrapper: fork: Resource temporarily unavailable
/usr/local/lsws/fcgi-bin/lswsgi_wrapper: fork: retry: Resource temporarily unavailable
/usr/local/lsws/fcgi-bin/lswsgi_wrapper: fork: retry: Resource temporarily unavailable
/usr/local/lsws/fcgi-bin/lswsgi_wrapper: fork: retry: Resource temporarily unavailable
/usr/local/lsws/fcgi-bin/lswsgi_wrapper: fork: retry: Resource temporarily unavailable
/usr/local/lsws/fcgi-bin/lswsgi_wrapper: fork: Resource temporarily unavailable
/usr/local/lsws/fcgi-bin/lswsgi_wrapper: fork: retry: Resource temporarily unavailable
/usr/local/lsws/fcgi-bin/lswsgi_wrapper: fork: retry: Resource temporarily unavailable
/usr/local/lsws/fcgi-bin/lswsgi_wrapper: fork: retry: Resource temporarily unavailable
/usr/local/lsws/fcgi-bin/lswsgi_wrapper: fork: retry: Resource temporarily unavailable
/usr/local/lsws/fcgi-bin/lswsgi_wrapper: fork: Resource temporarily unavailable
/usr/local/lsws/fcgi-bin/lswsgi_wrapper: fork: retry: Resource temporarily unavailable
/usr/local/lsws/fcgi-bin/lswsgi_wrapper: fork: retry: Resource temporarily unavailable
/usr/local/lsws/fcgi-bin/lswsgi_wrapper: fork: retry: Resource temporarily unavailable
/usr/local/lsws/fcgi-bin/lswsgi_wrapper: fork: retry: Resource temporarily unavailable
/usr/local/lsws/fcgi-bin/lswsgi_wrapper: fork: Resource temporarily unavailable
/usr/local/lsws/fcgi-bin/lswsgi_wrapper: fork: retry: Resource temporarily unavailable
/usr/local/lsws/fcgi-bin/lswsgi_wrapper: fork: retry: Resource temporarily unavailable
/usr/local/lsws/fcgi-bin/lswsgi_wrapper: fork: retry: Resource temporarily unavailable
/usr/local/lsws/fcgi-bin/lswsgi_wrapper: fork: retry: Resource temporarily unavailable
/usr/local/lsws/fcgi-bin/lswsgi_wrapper: fork: Resource temporarily unavailable
/usr/local/lsws/fcgi-bin/lswsgi_wrapper: fork: retry: Resource temporarily unavailable
/usr/local/lsws/fcgi-bin/lswsgi_wrapper: fork: retry: Resource temporarily unavailable
/usr/local/lsws/fcgi-bin/lswsgi_wrapper: fork: retry: Resource temporarily unavailable
/usr/local/lsws/fcgi-bin/lswsgi_wrapper: fork: retry: Resource temporarily unavailable
/usr/local/lsws/fcgi-bin/lswsgi_wrapper: fork: Resource temporarily unavailable
/usr/local/lsws/fcgi-bin/lswsgi_wrapper: fork: retry: Resource temporarily unavailable
/usr/local/lsws/fcgi-bin/lswsgi_wrapper: fork: retry: Resource temporarily unavailable
/usr/local/lsws/fcgi-bin/lswsgi_wrapper: fork: retry: Resource temporarily unavailable
/usr/local/lsws/fcgi-bin/lswsgi_wrapper: fork: retry: Resource temporarily unavailable
/usr/local/lsws/fcgi-bin/lswsgi_wrapper: fork: Resource temporarily unavailable
/usr/local/lsws/fcgi-bin/lswsgi_wrapper: fork: retry: Resource temporarily unavailable
/usr/local/lsws/fcgi-bin/lswsgi_wrapper: fork: retry: Resource temporarily unavailable
/usr/local/lsws/fcgi-bin/lswsgi_wrapper: fork: retry: Resource temporarily unavailable
/usr/local/lsws/fcgi-bin/lswsgi_wrapper: fork: retry: Resource temporarily unavailable
/usr/local/lsws/fcgi-bin/lswsgi_wrapper: fork: Resource temporarily unavailable
/usr/local/lsws/fcgi-bin/lswsgi_wrapper: fork: retry: Resource temporarily unavailable
/usr/local/lsws/fcgi-bin/lswsgi_wrapper: fork: retry: Resource temporarily unavailable
/usr/local/lsws/fcgi-bin/lswsgi_wrapper: fork: retry: Resource temporarily unavailable
/usr/local/lsws/fcgi-bin/lswsgi_wrapper: fork: retry: Resource temporarily unavailable
/usr/local/lsws/fcgi-bin/lswsgi_wrapper: fork: Resource temporarily unavailable
/usr/local/lsws/fcgi-bin/lswsgi_wrapper: fork: retry: Resource temporarily unavailable
/usr/local/lsws/fcgi-bin/lswsgi_wrapper: fork: retry: Resource temporarily unavailable
/usr/local/lsws/fcgi-bin/lswsgi_wrapper: fork: retry: Resource temporarily unavailable
/usr/local/lsws/fcgi-bin/lswsgi_wrapper: fork: retry: Resource temporarily unavailable
/usr/local/lsws/fcgi-bin/lswsgi_wrapper: fork: Resource temporarily unavailable
/usr/local/lsws/fcgi-bin/lswsgi_wrapper: fork: retry: Resource temporarily unavailable
/usr/local/lsws/fcgi-bin/lswsgi_wrapper: fork: retry: Resource temporarily unavailable
/usr/local/lsws/fcgi-bin/lswsgi_wrapper: fork: retry: Resource temporarily unavailable
/usr/local/lsws/fcgi-bin/lswsgi_wrapper: fork: retry: Resource temporarily unavailable
/usr/local/lsws/fcgi-bin/lswsgi_wrapper: fork: Resource temporarily unavailable
/usr/local/lsws/fcgi-bin/lswsgi_wrapper: fork: retry: Resource temporarily unavailable
/usr/local/lsws/fcgi-bin/lswsgi_wrapper: fork: retry: Resource temporarily unavailable
/usr/local/lsws/fcgi-bin/lswsgi_wrapper: fork: retry: Resource temporarily unavailable
/usr/local/lsws/fcgi-bin/lswsgi_wrapper: fork: retry: Resource temporarily unavailable
/usr/local/lsws/fcgi-bin/lswsgi_wrapper: fork: Resource temporarily unavailable
/usr/local/lsws/fcgi-bin/lswsgi_wrapper: fork: retry: Resource temporarily unavailable
/usr/local/lsws/fcgi-bin/lswsgi_wrapper: fork: retry: Resource temporarily unavailable
/usr/local/lsws/fcgi-bin/lswsgi_wrapper: fork: retry: Resource temporarily unavailable
/usr/local/lsws/fcgi-bin/lswsgi_wrapper: fork: retry: Resource temporarily unavailable
/usr/local/lsws/fcgi-bin/lswsgi_wrapper: fork: Resource temporarily unavailable
/usr/local/lsws/fcgi-bin/lswsgi_wrapper: fork: retry: Resource temporarily unavailable
/usr/local/lsws/fcgi-bin/lswsgi_wrapper: fork: retry: Resource temporarily unavailable
/usr/local/lsws/fcgi-bin/lswsgi_wrapper: fork: retry: Resource temporarily unavailable
/usr/local/lsws/fcgi-bin/lswsgi_wrapper: fork: retry: Resource temporarily unavailable
/usr/local/lsws/fcgi-bin/lswsgi_wrapper: fork: Resource temporarily unavailable
/usr/local/lsws/fcgi-bin/lswsgi_wrapper: fork: retry: Resource temporarily unavailable
/usr/local/lsws/fcgi-bin/lswsgi_wrapper: fork: retry: Resource temporarily unavailable
/usr/local/lsws/fcgi-bin/lswsgi_wrapper: fork: retry: Resource temporarily unavailable
/usr/local/lsws/fcgi-bin/lswsgi_wrapper: fork: retry: Resource temporarily unavailable
/usr/local/lsws/fcgi-bin/lswsgi_wrapper: fork: Resource temporarily unavailable
/usr/local/lsws/fcgi-bin/lswsgi_wrapper: fork: retry: Resource temporarily unavailable
/usr/local/lsws/fcgi-bin/lswsgi_wrapper: fork: retry: Resource temporarily unavailable
/usr/local/lsws/fcgi-bin/lswsgi_wrapper: fork: retry: Resource temporarily unavailable
/usr/local/lsws/fcgi-bin/lswsgi_wrapper: fork: retry: Resource temporarily unavailable
/usr/local/lsws/fcgi-bin/lswsgi_wrapper: fork: retry: Resource temporarily unavailable
/usr/local/lsws/fcgi-bin/lswsgi_wrapper: fork: retry: Resource temporarily unavailable
/usr/local/lsws/fcgi-bin/lswsgi_wrapper: fork: retry: Resource temporarily unavailable
[UID:5357][2707638] fork() failed, please increase process limit, errno: 11 (Resource temporarily unavailable)
[UID:5357][2707638] fork() failed, please increase process limit, errno: 11 (Resource temporarily unavailable)
[UID:5357][2707638] fork() failed, please increase process limit, errno: 11 (Resource temporarily unavailable)
[UID:5357][2707638] fork() failed, please increase process limit, errno: 11 (Resource temporarily unavailable)
[UID:5357][2707638] fork() failed, please increase process limit, errno: 11 (Resource temporarily unavailable)
[UID:5357][2707638] fork() failed, please increase process limit, errno: 11 (Resource temporarily unavailable)
[UID:5357][2707638] fork() failed, please increase process limit, errno: 11 (Resource temporarily unavailable)
[UID:5357][2707638] fork() failed, please increase process limit, errno: 11 (Resource temporarily unavailable)
[UID:5357][2707638] fork() failed, please increase process limit, errno: 11 (Resource temporarily unavailable)
[UID:5357][2707638] fork() failed, please increase process limit, errno: 11 (Resource temporarily unavailable)
[UID:5357][2707638] fork() failed, please increase process limit, errno: 11 (Resource temporarily unavailable)
[UID:5357][2707638] fork() failed, please increase process limit, errno: 11 (Resource temporarily unavailable)
[UID:5357][2707638] fork() failed, please increase process limit, errno: 11 (Resource temporarily unavailable)
[UID:5357][2707638] fork() failed, please increase process limit, errno: 11 (Resource temporarily unavailable)
[UID:5357][2707638] fork() failed, please increase process limit, errno: 11 (Resource temporarily unavailable)
[UID:5357][2707638] fork() failed, please increase process limit, errno: 11 (Resource temporarily unavailable)
[UID:5357][2707638] fork() failed, please increase process limit, errno: 11 (Resource temporarily unavailable)
[UID:5357][2707638] fork() failed, please increase process limit, errno: 11 (Resource temporarily unavailable)
[UID:5357][2707638] fork() failed, please increase process limit, errno: 11 (Resource temporarily unavailable)
[UID:5357][2707638] fork() failed, please increase process limit, errno: 11 (Resource temporarily unavailable)
[UID:5357][2707638] fork() failed, please increase process limit, errno: 11 (Resource temporarily unavailable)
[UID:5357][2707638] fork() failed, please increase process limit, errno: 11 (Resource temporarily unavailable)
[UID:5357][2707638] fork() failed, please increase process limit, errno: 11 (Resource temporarily unavailable)
[UID:5357][2707638] fork() failed, please increase process limit, errno: 11 (Resource temporarily unavailable)
[UID:5357][2707638] fork() failed, please increase process limit, errno: 11 (Resource temporarily unavailable)
[UID:5357][2707638] fork() failed, please increase process limit, errno: 11 (Resource temporarily unavailable)
[UID:5357][2707638] fork() failed, please increase process limit, errno: 11 (Resource temporarily unavailable)
[UID:5357][2707638] fork() failed, please increase process limit, errno: 11 (Resource temporarily unavailable)
[UID:5357][2707638] fork() failed, please increase process limit, errno: 11 (Resource temporarily unavailable)
[UID:5357][2707882] fork() failed, please increase process limit, errno: 11 (Resource temporarily unavailable)
[UID:5357][2707882] fork() failed, please increase process limit, errno: 11 (Resource temporarily unavailable)
[UID:5357][2707882] fork() failed, please increase process limit, errno: 11 (Resource temporarily unavailable)
[UID:5357][2707638] fork() failed, please increase process limit, errno: 11 (Resource temporarily unavailable)
[UID:5357][2707638] fork() failed, please increase process limit, errno: 11 (Resource temporarily unavailable)
[UID:5357][2707638] fork() failed, please increase process limit, errno: 11 (Resource temporarily unavailable)
[UID:5357][2707638] fork() failed, please increase process limit, errno: 11 (Resource temporarily unavailable)
[UID:5357][2707638] fork() failed, please increase process limit, errno: 11 (Resource temporarily unavailable)
[UID:5357][2707638] fork() failed, please increase process limit, errno: 11 (Resource temporarily unavailable)
[UID:5357][2707638] fork() failed, please increase process limit, errno: 11 (Resource temporarily unavailable)
[UID:5357][2707638] fork() failed, please increase process limit, errno: 11 (Resource temporarily unavailable)
[UID:5357][2707638] fork() failed, please increase process limit, errno: 11 (Resource temporarily unavailable)
[UID:5357][2707638] fork() failed, please increase process limit, errno: 11 (Resource temporarily unavailable)
[UID:5357][2707638] fork() failed, please increase process limit, errno: 11 (Resource temporarily unavailable)
[UID:5357][2707638] fork() failed, please increase process limit, errno: 11 (Resource temporarily unavailable)
/usr/local/lsws/fcgi-bin/lswsgi_wrapper: fork: retry: Resource temporarily unavailable
/usr/local/lsws/fcgi-bin/lswsgi_wrapper: fork: retry: Resource temporarily unavailable
/usr/local/lsws/fcgi-bin/lswsgi_wrapper: fork: retry: Resource temporarily unavailable
/usr/local/lsws/fcgi-bin/lswsgi_wrapper: fork: retry: Resource temporarily unavailable
/usr/local/lsws/fcgi-bin/lswsgi_wrapper: fork: Resource temporarily unavailable
/usr/local/lsws/fcgi-bin/lswsgi_wrapper: fork: retry: Resource temporarily unavailable
/usr/local/lsws/fcgi-bin/lswsgi_wrapper: fork: retry: Resource temporarily unavailable
/usr/local/lsws/fcgi-bin/lswsgi_wrapper: fork: retry: Resource temporarily unavailable
/usr/local/lsws/fcgi-bin/lswsgi_wrapper: fork: retry: Resource temporarily unavailable
/usr/local/lsws/fcgi-bin/lswsgi_wrapper: fork: Resource temporarily unavailable
/usr/local/lsws/fcgi-bin/lswsgi_wrapper: fork: retry: Resource temporarily unavailable
/usr/local/lsws/fcgi-bin/lswsgi_wrapper: fork: retry: Resource temporarily unavailable
/usr/local/lsws/fcgi-bin/lswsgi_wrapper: fork: retry: Resource temporarily unavailable
/usr/local/lsws/fcgi-bin/lswsgi_wrapper: fork: retry: Resource temporarily unavailable
/usr/local/lsws/fcgi-bin/lswsgi_wrapper: fork: Resource temporarily unavailable
/usr/local/lsws/fcgi-bin/lswsgi_wrapper: fork: retry: Resource temporarily unavailable
/usr/local/lsws/fcgi-bin/lswsgi_wrapper: fork: retry: Resource temporarily unavailable
/usr/local/lsws/fcgi-bin/lswsgi_wrapper: fork: retry: Resource temporarily unavailable
/usr/local/lsws/fcgi-bin/lswsgi_wrapper: fork: retry: Resource temporarily unavailable
/usr/local/lsws/fcgi-bin/lswsgi_wrapper: fork: Resource temporarily unavailable
/usr/local/lsws/fcgi-bin/lswsgi_wrapper: fork: retry: Resource temporarily unavailable
/usr/local/lsws/fcgi-bin/lswsgi_wrapper: fork: retry: Resource temporarily unavailable
/usr/local/lsws/fcgi-bin/lswsgi_wrapper: fork: retry: Resource temporarily unavailable
/usr/local/lsws/fcgi-bin/lswsgi_wrapper: fork: retry: Resource temporarily unavailable
/usr/local/lsws/fcgi-bin/lswsgi_wrapper: fork: Resource temporarily unavailable
/usr/local/lsws/fcgi-bin/lswsgi_wrapper: fork: retry: Resource temporarily unavailable
/usr/local/lsws/fcgi-bin/lswsgi_wrapper: fork: retry: Resource temporarily unavailable
/usr/local/lsws/fcgi-bin/lswsgi_wrapper: fork: retry: Resource temporarily unavailable
/usr/local/lsws/fcgi-bin/lswsgi_wrapper: fork: retry: Resource temporarily unavailable
/usr/local/lsws/fcgi-bin/lswsgi_wrapper: fork: Resource temporarily unavailable
/usr/local/lsws/fcgi-bin/lswsgi_wrapper: fork: retry: Resource temporarily unavailable
/usr/local/lsws/fcgi-bin/lswsgi_wrapper: fork: retry: Resource temporarily unavailable
/usr/local/lsws/fcgi-bin/lswsgi_wrapper: fork: retry: Resource temporarily unavailable
/usr/local/lsws/fcgi-bin/lswsgi_wrapper: fork: retry: Resource temporarily unavailable
/usr/local/lsws/fcgi-bin/lswsgi_wrapper: fork: Resource temporarily unavailable
/usr/local/lsws/fcgi-bin/lswsgi_wrapper: fork: retry: Resource temporarily unavailable
/usr/local/lsws/fcgi-bin/lswsgi_wrapper: fork: retry: Resource temporarily unavailable
/usr/local/lsws/fcgi-bin/lswsgi_wrapper: fork: retry: Resource temporarily unavailable
/usr/local/lsws/fcgi-bin/lswsgi_wrapper: fork: retry: Resource temporarily unavailable
/usr/local/lsws/fcgi-bin/lswsgi_wrapper: fork: Resource temporarily unavailable
/usr/local/lsws/fcgi-bin/lswsgi_wrapper: fork: retry: Resource temporarily unavailable
/usr/local/lsws/fcgi-bin/lswsgi_wrapper: fork: retry: Resource temporarily unavailable
/usr/local/lsws/fcgi-bin/lswsgi_wrapper: fork: retry: Resource temporarily unavailable
/usr/local/lsws/fcgi-bin/lswsgi_wrapper: fork: retry: Resource temporarily unavailable
/usr/local/lsws/fcgi-bin/lswsgi_wrapper: fork: Resource temporarily unavailable
/usr/local/lsws/fcgi-bin/lswsgi_wrapper: fork: retry: Resource temporarily unavailable
/usr/local/lsws/fcgi-bin/lswsgi_wrapper: fork: retry: Resource temporarily unavailable
/usr/local/lsws/fcgi-bin/lswsgi_wrapper: fork: retry: Resource temporarily unavailable
/usr/local/lsws/fcgi-bin/lswsgi_wrapper: fork: retry: Resource temporarily unavailable
/usr/local/lsws/fcgi-bin/lswsgi_wrapper: fork: Resource temporarily unavailable
/usr/local/lsws/fcgi-bin/lswsgi_wrapper: fork: retry: Resource temporarily unavailable
/usr/local/lsws/fcgi-bin/lswsgi_wrapper: fork: retry: Resource temporarily unavailable
/usr/local/lsws/fcgi-bin/lswsgi_wrapper: fork: retry: Resource temporarily unavailable
/usr/local/lsws/fcgi-bin/lswsgi_wrapper: fork: retry: Resource temporarily unavailable
/usr/local/lsws/fcgi-bin/lswsgi_wrapper: fork: Resource temporarily unavailable
/usr/local/lsws/fcgi-bin/lswsgi_wrapper: fork: retry: Resource temporarily unavailable
/usr/local/lsws/fcgi-bin/lswsgi_wrapper: fork: retry: Resource temporarily unavailable
/usr/local/lsws/fcgi-bin/lswsgi_wrapper: fork: retry: Resource temporarily unavailable
/usr/local/lsws/fcgi-bin/lswsgi_wrapper: fork: retry: Resource temporarily unavailable
/usr/local/lsws/fcgi-bin/lswsgi_wrapper: fork: Resource temporarily unavailable
/usr/local/lsws/fcgi-bin/lswsgi_wrapper: fork: retry: Resource temporarily unavailable
/usr/local/lsws/fcgi-bin/lswsgi_wrapper: fork: retry: Resource temporarily unavailable
/usr/local/lsws/fcgi-bin/lswsgi_wrapper: fork: retry: Resource temporarily unavailable
/usr/local/lsws/fcgi-bin/lswsgi_wrapper: fork: retry: Resource temporarily unavailable
/usr/local/lsws/fcgi-bin/lswsgi_wrapper: fork: Resource temporarily unavailable
/usr/local/lsws/fcgi-bin/lswsgi_wrapper: fork: retry: Resource temporarily unavailable
/usr/local/lsws/fcgi-bin/lswsgi_wrapper: fork: retry: Resource temporarily unavailable
/usr/local/lsws/fcgi-bin/lswsgi_wrapper: fork: retry: Resource temporarily unavailable
/usr/local/lsws/fcgi-bin/lswsgi_wrapper: fork: retry: Resource temporarily unavailable
/usr/local/lsws/fcgi-bin/lswsgi_wrapper: fork: Resource temporarily unavailable
/usr/local/lsws/fcgi-bin/lswsgi_wrapper: fork: retry: Resource temporarily unavailable
/usr/local/lsws/fcgi-bin/lswsgi_wrapper: fork: retry: Resource temporarily unavailable
/usr/local/lsws/fcgi-bin/lswsgi_wrapper: fork: retry: Resource temporarily unavailable
/usr/local/lsws/fcgi-bin/lswsgi_wrapper: fork: retry: Resource temporarily unavailable
/usr/local/lsws/fcgi-bin/lswsgi_wrapper: fork: Resource temporarily unavailable
/usr/local/lsws/fcgi-bin/lswsgi_wrapper: fork: retry: Resource temporarily unavailable
/usr/local/lsws/fcgi-bin/lswsgi_wrapper: fork: retry: Resource temporarily unavailable
/usr/local/lsws/fcgi-bin/lswsgi_wrapper: fork: retry: Resource temporarily unavailable
/usr/local/lsws/fcgi-bin/lswsgi_wrapper: fork: retry: Resource temporarily unavailable
/usr/local/lsws/fcgi-bin/lswsgi_wrapper: fork: Resource temporarily unavailable
/usr/local/lsws/fcgi-bin/lswsgi_wrapper: fork: retry: Resource temporarily unavailable
/usr/local/lsws/fcgi-bin/lswsgi_wrapper: fork: retry: Resource temporarily unavailable
/usr/local/lsws/fcgi-bin/lswsgi_wrapper: fork: retry: Resource temporarily unavailable
/usr/local/lsws/fcgi-bin/lswsgi_wrapper: fork: retry: Resource temporarily unavailable
/usr/local/lsws/fcgi-bin/lswsgi_wrapper: fork: Resource temporarily unavailable
/usr/local/lsws/fcgi-bin/lswsgi_wrapper: fork: retry: Resource temporarily unavailable
/usr/local/lsws/fcgi-bin/lswsgi_wrapper: fork: retry: Resource temporarily unavailable
/usr/local/lsws/fcgi-bin/lswsgi_wrapper: fork: retry: Resource temporarily unavailable
/usr/local/lsws/fcgi-bin/lswsgi_wrapper: fork: retry: Resource temporarily unavailable
/usr/local/lsws/fcgi-bin/lswsgi_wrapper: fork: retry: Resource temporarily unavailable
/usr/local/lsws/fcgi-bin/lswsgi_wrapper: fork: retry: Resource temporarily unavailable
/usr/local/lsws/fcgi-bin/lswsgi_wrapper: fork: retry: Resource temporarily unavailable
/usr/local/lsws/fcgi-bin/lswsgi_wrapper: fork: retry: Resource temporarily unavailable
/usr/local/lsws/fcgi-bin/lswsgi_wrapper: fork: Resource temporarily unavailable
/usr/local/lsws/fcgi-bin/lswsgi_wrapper: fork: retry: Resource temporarily unavailable
/usr/local/lsws/fcgi-bin/lswsgi_wrapper: fork: retry: Resource temporarily unavailable
/usr/local/lsws/fcgi-bin/lswsgi_wrapper: fork: retry: Resource temporarily unavailable
/usr/local/lsws/fcgi-bin/lswsgi_wrapper: fork: retry: Resource temporarily unavailable
/usr/local/lsws/fcgi-bin/lswsgi_wrapper: fork: Resource temporarily unavailable
/usr/local/lsws/fcgi-bin/lswsgi_wrapper: fork: retry: Resource temporarily unavailable
/usr/local/lsws/fcgi-bin/lswsgi_wrapper: fork: retry: Resource temporarily unavailable
/usr/local/lsws/fcgi-bin/lswsgi_wrapper: fork: retry: Resource temporarily unavailable
/usr/local/lsws/fcgi-bin/lswsgi_wrapper: fork: retry: Resource temporarily unavailable
/usr/local/lsws/fcgi-bin/lswsgi_wrapper: fork: Resource temporarily unavailable
/usr/local/lsws/fcgi-bin/lswsgi_wrapper: fork: retry: Resource temporarily unavailable
/usr/local/lsws/fcgi-bin/lswsgi_wrapper: fork: retry: Resource temporarily unavailable
/usr/local/lsws/fcgi-bin/lswsgi_wrapper: fork: retry: Resource temporarily unavailable
/usr/local/lsws/fcgi-bin/lswsgi_wrapper: fork: retry: Resource temporarily unavailable
/usr/local/lsws/fcgi-bin/lswsgi_wrapper: fork: Resource temporarily unavailable
/usr/local/lsws/fcgi-bin/lswsgi_wrapper: fork: retry: Resource temporarily unavailable
/usr/local/lsws/fcgi-bin/lswsgi_wrapper: fork: retry: Resource temporarily unavailable
/usr/local/lsws/fcgi-bin/lswsgi_wrapper: fork: retry: Resource temporarily unavailable
/usr/local/lsws/fcgi-bin/lswsgi_wrapper: fork: retry: Resource temporarily unavailable
/usr/local/lsws/fcgi-bin/lswsgi_wrapper: fork: Resource temporarily unavailable
/usr/local/lsws/fcgi-bin/lswsgi_wrapper: fork: retry: Resource temporarily unavailable
/usr/local/lsws/fcgi-bin/lswsgi_wrapper: fork: retry: Resource temporarily unavailable
/usr/local/lsws/fcgi-bin/lswsgi_wrapper: fork: retry: Resource temporarily unavailable
/usr/local/lsws/fcgi-bin/lswsgi_wrapper: fork: retry: Resource temporarily unavailable
/usr/local/lsws/fcgi-bin/lswsgi_wrapper: fork: Resource temporarily unavailable
/usr/local/lsws/fcgi-bin/lswsgi_wrapper: fork: retry: Resource temporarily unavailable
/usr/local/lsws/fcgi-bin/lswsgi_wrapper: fork: retry: Resource temporarily unavailable
/usr/local/lsws/fcgi-bin/lswsgi_wrapper: fork: retry: Resource temporarily unavailable
/usr/local/lsws/fcgi-bin/lswsgi_wrapper: fork: retry: Resource temporarily unavailable
/usr/local/lsws/fcgi-bin/lswsgi_wrapper: fork: Resource temporarily unavailable
/usr/local/lsws/fcgi-bin/lswsgi_wrapper: fork: retry: Resource temporarily unavailable
/usr/local/lsws/fcgi-bin/lswsgi_wrapper: fork: retry: Resource temporarily unavailable
/usr/local/lsws/fcgi-bin/lswsgi_wrapper: fork: retry: Resource temporarily unavailable
/usr/local/lsws/fcgi-bin/lswsgi_wrapper: fork: retry: Resource temporarily unavailable
/usr/local/lsws/fcgi-bin/lswsgi_wrapper: fork: Resource temporarily unavailable
/usr/local/lsws/fcgi-bin/lswsgi_wrapper: fork: retry: Resource temporarily unavailable
/usr/local/lsws/fcgi-bin/lswsgi_wrapper: fork: retry: Resource temporarily unavailable
/usr/local/lsws/fcgi-bin/lswsgi_wrapper: fork: retry: Resource temporarily unavailable
/usr/local/lsws/fcgi-bin/lswsgi_wrapper: fork: retry: Resource temporarily unavailable
/usr/local/lsws/fcgi-bin/lswsgi_wrapper: fork: Resource temporarily unavailable
/usr/local/lsws/fcgi-bin/lswsgi_wrapper: fork: retry: Resource temporarily unavailable
/usr/local/lsws/fcgi-bin/lswsgi_wrapper: fork: retry: Resource temporarily unavailable
/usr/local/lsws/fcgi-bin/lswsgi_wrapper: fork: retry: Resource temporarily unavailable
/usr/local/lsws/fcgi-bin/lswsgi_wrapper: fork: retry: Resource temporarily unavailable
/usr/local/lsws/fcgi-bin/lswsgi_wrapper: fork: retry: Resource temporarily unavailable
/usr/local/lsws/fcgi-bin/lswsgi_wrapper: fork: retry: Resource temporarily unavailable
/usr/local/lsws/fcgi-bin/lswsgi_wrapper: fork: retry: Resource temporarily unavailable
/usr/local/lsws/fcgi-bin/lswsgi_wrapper: fork: retry: Resource temporarily unavailable
/usr/local/lsws/fcgi-bin/lswsgi_wrapper: fork: Resource temporarily unavailable
/usr/local/lsws/fcgi-bin/lswsgi_wrapper: fork: retry: Resource temporarily unavailable
/usr/local/lsws/fcgi-bin/lswsgi_wrapper: fork: retry: Resource temporarily unavailable
/usr/local/lsws/fcgi-bin/lswsgi_wrapper: fork: retry: Resource temporarily unavailable
[UID:5357][132696] fork() failed, please increase process limit, errno: 11 (Resource temporarily unavailable)
[UID:5357][132696] fork() failed, please increase process limit, errno: 11 (Resource temporarily unavailable)
[UID:5357][132696] fork() failed, please increase process limit, errno: 11 (Resource temporarily unavailable)
[UID:5357][132696] fork() failed, please increase process limit, errno: 11 (Resource temporarily unavailable)
[UID:5357][132696] fork() failed, please increase process limit, errno: 11 (Resource temporarily unavailable)
[UID:5357][132696] fork() failed, please increase process limit, errno: 11 (Resource temporarily unavailable)
[UID:5357][132696] fork() failed, please increase process limit, errno: 11 (Resource temporarily unavailable)
[UID:5357][132696] fork() failed, please increase process limit, errno: 11 (Resource temporarily unavailable)
[UID:5357][132696] fork() failed, please increase process limit, errno: 11 (Resource temporarily unavailable)
/usr/local/lsws/fcgi-bin/lswsgi_wrapper: fork: retry: Resource temporarily unavailable
/usr/local/lsws/fcgi-bin/lswsgi_wrapper: fork: Resource temporarily unavailable
/usr/local/lsws/fcgi-bin/lswsgi_wrapper: fork: retry: Resource temporarily unavailable
/usr/local/lsws/fcgi-bin/lswsgi_wrapper: fork: retry: Resource temporarily unavailable
/usr/local/lsws/fcgi-bin/lswsgi_wrapper: fork: retry: Resource temporarily unavailable
/usr/local/lsws/fcgi-bin/lswsgi_wrapper: fork: retry: Resource temporarily unavailable
/usr/local/lsws/fcgi-bin/lswsgi_wrapper: fork: Resource temporarily unavailable
/usr/local/lsws/fcgi-bin/lswsgi_wrapper: fork: retry: Resource temporarily unavailable
/usr/local/lsws/fcgi-bin/lswsgi_wrapper: fork: retry: Resource temporarily unavailable
/usr/local/lsws/fcgi-bin/lswsgi_wrapper: fork: retry: Resource temporarily unavailable
/usr/local/lsws/fcgi-bin/lswsgi_wrapper: fork: retry: Resource temporarily unavailable
/usr/local/lsws/fcgi-bin/lswsgi_wrapper: fork: Resource temporarily unavailable
/usr/local/lsws/fcgi-bin/lswsgi_wrapper: fork: retry: Resource temporarily unavailable
/usr/local/lsws/fcgi-bin/lswsgi_wrapper: fork: retry: Resource temporarily unavailable
/usr/local/lsws/fcgi-bin/lswsgi_wrapper: fork: retry: Resource temporarily unavailable
/usr/local/lsws/fcgi-bin/lswsgi_wrapper: fork: retry: Resource temporarily unavailable
/usr/local/lsws/fcgi-bin/lswsgi_wrapper: fork: Resource temporarily unavailable
/usr/local/lsws/fcgi-bin/lswsgi_wrapper: fork: retry: Resource temporarily unavailable
/usr/local/lsws/fcgi-bin/lswsgi_wrapper: fork: retry: Resource temporarily unavailable
/usr/local/lsws/fcgi-bin/lswsgi_wrapper: fork: retry: Resource temporarily unavailable
/usr/local/lsws/fcgi-bin/lswsgi_wrapper: fork: retry: Resource temporarily unavailable
/usr/local/lsws/fcgi-bin/lswsgi_wrapper: fork: Resource temporarily unavailable
/usr/local/lsws/fcgi-bin/lswsgi_wrapper: fork: retry: Resource temporarily unavailable
/usr/local/lsws/fcgi-bin/lswsgi_wrapper: fork: retry: Resource temporarily unavailable
/usr/local/lsws/fcgi-bin/lswsgi_wrapper: fork: retry: Resource temporarily unavailable
/usr/local/lsws/fcgi-bin/lswsgi_wrapper: fork: retry: Resource temporarily unavailable
/usr/local/lsws/fcgi-bin/lswsgi_wrapper: fork: Resource temporarily unavailable
/usr/local/lsws/fcgi-bin/lswsgi_wrapper: fork: retry: Resource temporarily unavailable
/usr/local/lsws/fcgi-bin/lswsgi_wrapper: fork: retry: Resource temporarily unavailable
/usr/local/lsws/fcgi-bin/lswsgi_wrapper: fork: retry: Resource temporarily unavailable
/usr/local/lsws/fcgi-bin/lswsgi_wrapper: fork: retry: Resource temporarily unavailable
/usr/local/lsws/fcgi-bin/lswsgi_wrapper: fork: Resource temporarily unavailable
/usr/local/lsws/fcgi-bin/lswsgi_wrapper: fork: retry: Resource temporarily unavailable
/usr/local/lsws/fcgi-bin/lswsgi_wrapper: fork: retry: Resource temporarily unavailable
/usr/local/lsws/fcgi-bin/lswsgi_wrapper: fork: retry: Resource temporarily unavailable
/usr/local/lsws/fcgi-bin/lswsgi_wrapper: fork: retry: Resource temporarily unavailable
/usr/local/lsws/fcgi-bin/lswsgi_wrapper: fork: Resource temporarily unavailable
/usr/local/lsws/fcgi-bin/lswsgi_wrapper: fork: retry: Resource temporarily unavailable
/usr/local/lsws/fcgi-bin/lswsgi_wrapper: fork: retry: Resource temporarily unavailable
/usr/local/lsws/fcgi-bin/lswsgi_wrapper: fork: retry: Resource temporarily unavailable
/usr/local/lsws/fcgi-bin/lswsgi_wrapper: fork: retry: Resource temporarily unavailable
/usr/local/lsws/fcgi-bin/lswsgi_wrapper: fork: retry: Resource temporarily unavailable
/usr/local/lsws/fcgi-bin/lswsgi_wrapper: fork: retry: Resource temporarily unavailable
/usr/local/lsws/fcgi-bin/lswsgi_wrapper: fork: retry: Resource temporarily unavailable
/usr/local/lsws/fcgi-bin/lswsgi_wrapper: fork: Resource temporarily unavailable
[UID:5357][1913734] fork() failed, please increase process limit, errno: 11 (Resource temporarily unavailable)
[UID:5357][1913734] fork() failed, please increase process limit, errno: 11 (Resource temporarily unavailable)
[UID:5357][1913734] fork() failed, please increase process limit, errno: 11 (Resource temporarily unavailable)
[UID:5357][1913734] fork() failed, please increase process limit, errno: 11 (Resource temporarily unavailable)
[UID:5357][1913734] fork() failed, please increase process limit, errno: 11 (Resource temporarily unavailable)
[UID:5357][1913734] fork() failed, please increase process limit, errno: 11 (Resource temporarily unavailable)
[UID:5357][1913734] fork() failed, please increase process limit, errno: 11 (Resource temporarily unavailable)
[UID:5357][1913734] fork() failed, please increase process limit, errno: 11 (Resource temporarily unavailable)
[UID:5357][1913734] fork() failed, please increase process limit, errno: 11 (Resource temporarily unavailable)
[UID:5357][1913734] fork() failed, please increase process limit, errno: 11 (Resource temporarily unavailable)
[UID:5357][1913734] fork() failed, please increase process limit, errno: 11 (Resource temporarily unavailable)
[UID:5357][1913734] fork() failed, please increase process limit, errno: 11 (Resource temporarily unavailable)
[UID:5357][1913734] fork() failed, please increase process limit, errno: 11 (Resource temporarily unavailable)
[UID:5357][1913734] fork() failed, please increase process limit, errno: 11 (Resource temporarily unavailable)
[UID:5357][1913734] fork() failed, please increase process limit, errno: 11 (Resource temporarily unavailable)
[UID:5357][1913734] fork() failed, please increase process limit, errno: 11 (Resource temporarily unavailable)
[UID:5357][1913734] fork() failed, please increase process limit, errno: 11 (Resource temporarily unavailable)
[UID:5357][1913734] fork() failed, please increase process limit, errno: 11 (Resource temporarily unavailable)
[UID:5357][1913734] fork() failed, please increase process limit, errno: 11 (Resource temporarily unavailable)
[UID:5357][1913734] fork() failed, please increase process limit, errno: 11 (Resource temporarily unavailable)
[UID:5357][1913734] fork() failed, please increase process limit, errno: 11 (Resource temporarily unavailable)
[UID:5357][1262727] packetLen < 0
/usr/local/lsws/fcgi-bin/lswsgi_wrapper: fork: retry: Resource temporarily unavailable
/usr/local/lsws/fcgi-bin/lswsgi_wrapper: fork: retry: Resource temporarily unavailable
/usr/local/lsws/fcgi-bin/lswsgi_wrapper: fork: retry: Resource temporarily unavailable
/usr/local/lsws/fcgi-bin/lswsgi_wrapper: fork: retry: Resource temporarily unavailable
/usr/local/lsws/fcgi-bin/lswsgi_wrapper: fork: Resource temporarily unavailable
/usr/local/lsws/fcgi-bin/lswsgi_wrapper: fork: retry: Resource temporarily unavailable
/usr/local/lsws/fcgi-bin/lswsgi_wrapper: fork: retry: Resource temporarily unavailable
/usr/local/lsws/fcgi-bin/lswsgi_wrapper: fork: retry: Resource temporarily unavailable
/usr/local/lsws/fcgi-bin/lswsgi_wrapper: fork: retry: Resource temporarily unavailable
/usr/local/lsws/fcgi-bin/lswsgi_wrapper: fork: Resource temporarily unavailable
/usr/local/lsws/fcgi-bin/lswsgi_wrapper: fork: retry: Resource temporarily unavailable
/usr/local/lsws/fcgi-bin/lswsgi_wrapper: fork: retry: Resource temporarily unavailable
/usr/local/lsws/fcgi-bin/lswsgi_wrapper: fork: retry: Resource temporarily unavailable
/usr/local/lsws/fcgi-bin/lswsgi_wrapper: fork: retry: Resource temporarily unavailable
/usr/local/lsws/fcgi-bin/lswsgi_wrapper: fork: Resource temporarily unavailable
/usr/local/lsws/fcgi-bin/lswsgi_wrapper: fork: retry: Resource temporarily unavailable
/usr/local/lsws/fcgi-bin/lswsgi_wrapper: fork: retry: Resource temporarily unavailable
/usr/local/lsws/fcgi-bin/lswsgi_wrapper: fork: retry: Resource temporarily unavailable
/usr/local/lsws/fcgi-bin/lswsgi_wrapper: fork: retry: Resource temporarily unavailable
/usr/local/lsws/fcgi-bin/lswsgi_wrapper: fork: Resource temporarily unavailable
/usr/local/lsws/fcgi-bin/lswsgi_wrapper: fork: retry: Resource temporarily unavailable
/usr/local/lsws/fcgi-bin/lswsgi_wrapper: fork: retry: Resource temporarily unavailable
/usr/local/lsws/fcgi-bin/lswsgi_wrapper: fork: retry: Resource temporarily unavailable
/usr/local/lsws/fcgi-bin/lswsgi_wrapper: fork: retry: Resource temporarily unavailable
/usr/local/lsws/fcgi-bin/lswsgi_wrapper: fork: Resource temporarily unavailable
/usr/local/lsws/fcgi-bin/lswsgi_wrapper: fork: retry: Resource temporarily unavailable
/usr/local/lsws/fcgi-bin/lswsgi_wrapper: fork: retry: Resource temporarily unavailable
/usr/local/lsws/fcgi-bin/lswsgi_wrapper: fork: retry: Resource temporarily unavailable
/usr/local/lsws/fcgi-bin/lswsgi_wrapper: fork: retry: Resource temporarily unavailable
/usr/local/lsws/fcgi-bin/lswsgi_wrapper: fork: Resource temporarily unavailable
/usr/local/lsws/fcgi-bin/lswsgi_wrapper: fork: retry: Resource temporarily unavailable
/usr/local/lsws/fcgi-bin/lswsgi_wrapper: fork: retry: Resource temporarily unavailable
/usr/local/lsws/fcgi-bin/lswsgi_wrapper: fork: retry: Resource temporarily unavailable
/usr/local/lsws/fcgi-bin/lswsgi_wrapper: fork: retry: Resource temporarily unavailable
/usr/local/lsws/fcgi-bin/lswsgi_wrapper: fork: Resource temporarily unavailable
/usr/local/lsws/fcgi-bin/lswsgi_wrapper: fork: retry: Resource temporarily unavailable
/usr/local/lsws/fcgi-bin/lswsgi_wrapper: fork: retry: Resource temporarily unavailable
/usr/local/lsws/fcgi-bin/lswsgi_wrapper: fork: retry: Resource temporarily unavailable
/usr/local/lsws/fcgi-bin/lswsgi_wrapper: fork: retry: Resource temporarily unavailable
/usr/local/lsws/fcgi-bin/lswsgi_wrapper: fork: Resource temporarily unavailable
/usr/local/lsws/fcgi-bin/lswsgi_wrapper: fork: retry: Resource temporarily unavailable
/usr/local/lsws/fcgi-bin/lswsgi_wrapper: fork: retry: Resource temporarily unavailable
/usr/local/lsws/fcgi-bin/lswsgi_wrapper: fork: retry: Resource temporarily unavailable
/usr/local/lsws/fcgi-bin/lswsgi_wrapper: fork: retry: Resource temporarily unavailable
/usr/local/lsws/fcgi-bin/lswsgi_wrapper: fork: Resource temporarily unavailable
/usr/local/lsws/fcgi-bin/lswsgi_wrapper: fork: retry: Resource temporarily unavailable
/usr/local/lsws/fcgi-bin/lswsgi_wrapper: fork: retry: Resource temporarily unavailable
/usr/local/lsws/fcgi-bin/lswsgi_wrapper: fork: retry: Resource temporarily unavailable
/usr/local/lsws/fcgi-bin/lswsgi_wrapper: fork: retry: Resource temporarily unavailable
/usr/local/lsws/fcgi-bin/lswsgi_wrapper: fork: Resource temporarily unavailable
/usr/local/lsws/fcgi-bin/lswsgi_wrapper: fork: retry: Resource temporarily unavailable
/usr/local/lsws/fcgi-bin/lswsgi_wrapper: fork: retry: Resource temporarily unavailable
/usr/local/lsws/fcgi-bin/lswsgi_wrapper: fork: retry: Resource temporarily unavailable
/usr/local/lsws/fcgi-bin/lswsgi_wrapper: fork: retry: Resource temporarily unavailable
/usr/local/lsws/fcgi-bin/lswsgi_wrapper: fork: Resource temporarily unavailable
/usr/local/lsws/fcgi-bin/lswsgi_wrapper: fork: retry: Resource temporarily unavailable
/usr/local/lsws/fcgi-bin/lswsgi_wrapper: fork: retry: Resource temporarily unavailable
/usr/local/lsws/fcgi-bin/lswsgi_wrapper: fork: retry: Resource temporarily unavailable
/usr/local/lsws/fcgi-bin/lswsgi_wrapper: fork: retry: Resource temporarily unavailable
/usr/local/lsws/fcgi-bin/lswsgi_wrapper: fork: Resource temporarily unavailable
/usr/local/lsws/fcgi-bin/lswsgi_wrapper: fork: retry: Resource temporarily unavailable
/usr/local/lsws/fcgi-bin/lswsgi_wrapper: fork: retry: Resource temporarily unavailable
/usr/local/lsws/fcgi-bin/lswsgi_wrapper: fork: retry: Resource temporarily unavailable
/usr/local/lsws/fcgi-bin/lswsgi_wrapper: fork: retry: Resource temporarily unavailable
/usr/local/lsws/fcgi-bin/lswsgi_wrapper: fork: Resource temporarily unavailable
/usr/local/lsws/fcgi-bin/lswsgi_wrapper: fork: retry: Resource temporarily unavailable
/usr/local/lsws/fcgi-bin/lswsgi_wrapper: fork: retry: Resource temporarily unavailable
/usr/local/lsws/fcgi-bin/lswsgi_wrapper: fork: retry: Resource temporarily unavailable
/usr/local/lsws/fcgi-bin/lswsgi_wrapper: fork: retry: Resource temporarily unavailable
/usr/local/lsws/fcgi-bin/lswsgi_wrapper: fork: Resource temporarily unavailable
/usr/local/lsws/fcgi-bin/lswsgi_wrapper: fork: retry: Resource temporarily unavailable
/usr/local/lsws/fcgi-bin/lswsgi_wrapper: fork: retry: Resource temporarily unavailable
/usr/local/lsws/fcgi-bin/lswsgi_wrapper: fork: retry: Resource temporarily unavailable
/usr/local/lsws/fcgi-bin/lswsgi_wrapper: fork: retry: Resource temporarily unavailable
/usr/local/lsws/fcgi-bin/lswsgi_wrapper: fork: Resource temporarily unavailable
/usr/local/lsws/fcgi-bin/lswsgi_wrapper: fork: retry: Resource temporarily unavailable
/usr/local/lsws/fcgi-bin/lswsgi_wrapper: fork: retry: Resource temporarily unavailable
/usr/local/lsws/fcgi-bin/lswsgi_wrapper: fork: retry: Resource temporarily unavailable
/usr/local/lsws/fcgi-bin/lswsgi_wrapper: fork: retry: Resource temporarily unavailable
/usr/local/lsws/fcgi-bin/lswsgi_wrapper: fork: Resource temporarily unavailable
/usr/local/lsws/fcgi-bin/lswsgi_wrapper: fork: retry: Resource temporarily unavailable
/usr/local/lsws/fcgi-bin/lswsgi_wrapper: fork: retry: Resource temporarily unavailable
/usr/local/lsws/fcgi-bin/lswsgi_wrapper: fork: retry: Resource temporarily unavailable
/usr/local/lsws/fcgi-bin/lswsgi_wrapper: fork: retry: Resource temporarily unavailable
/usr/local/lsws/fcgi-bin/lswsgi_wrapper: fork: Resource temporarily unavailable
/usr/local/lsws/fcgi-bin/lswsgi_wrapper: fork: retry: Resource temporarily unavailable
/usr/local/lsws/fcgi-bin/lswsgi_wrapper: fork: retry: Resource temporarily unavailable
/usr/local/lsws/fcgi-bin/lswsgi_wrapper: fork: retry: Resource temporarily unavailable
/usr/local/lsws/fcgi-bin/lswsgi_wrapper: fork: retry: Resource temporarily unavailable
/usr/local/lsws/fcgi-bin/lswsgi_wrapper: fork: Resource temporarily unavailable
/usr/local/lsws/fcgi-bin/lswsgi_wrapper: fork: retry: Resource temporarily unavailable
/usr/local/lsws/fcgi-bin/lswsgi_wrapper: fork: retry: Resource temporarily unavailable
/usr/local/lsws/fcgi-bin/lswsgi_wrapper: fork: retry: Resource temporarily unavailable
/usr/local/lsws/fcgi-bin/lswsgi_wrapper: fork: retry: Resource temporarily unavailable
/usr/local/lsws/fcgi-bin/lswsgi_wrapper: fork: Resource temporarily unavailable
/usr/local/lsws/fcgi-bin/lswsgi_wrapper: fork: retry: Resource temporarily unavailable
/usr/local/lsws/fcgi-bin/lswsgi_wrapper: fork: retry: Resource temporarily unavailable
/usr/local/lsws/fcgi-bin/lswsgi_wrapper: fork: retry: Resource temporarily unavailable
/usr/local/lsws/fcgi-bin/lswsgi_wrapper: fork: retry: Resource temporarily unavailable
/usr/local/lsws/fcgi-bin/lswsgi_wrapper: fork: Resource temporarily unavailable
/usr/local/lsws/fcgi-bin/lswsgi_wrapper: fork: retry: Resource temporarily unavailable
/usr/local/lsws/fcgi-bin/lswsgi_wrapper: fork: retry: Resource temporarily unavailable
/usr/local/lsws/fcgi-bin/lswsgi_wrapper: fork: retry: Resource temporarily unavailable
/usr/local/lsws/fcgi-bin/lswsgi_wrapper: fork: retry: Resource temporarily unavailable
/usr/local/lsws/fcgi-bin/lswsgi_wrapper: fork: Resource temporarily unavailable
/usr/local/lsws/fcgi-bin/lswsgi_wrapper: fork: retry: Resource temporarily unavailable
/usr/local/lsws/fcgi-bin/lswsgi_wrapper: fork: retry: Resource temporarily unavailable
/usr/local/lsws/fcgi-bin/lswsgi_wrapper: fork: retry: Resource temporarily unavailable
/usr/local/lsws/fcgi-bin/lswsgi_wrapper: fork: retry: Resource temporarily unavailable
/usr/local/lsws/fcgi-bin/lswsgi_wrapper: fork: Resource temporarily unavailable
/usr/local/lsws/fcgi-bin/lswsgi_wrapper: fork: retry: Resource temporarily unavailable
/usr/local/lsws/fcgi-bin/lswsgi_wrapper: fork: retry: Resource temporarily unavailable
/usr/local/lsws/fcgi-bin/lswsgi_wrapper: fork: retry: Resource temporarily unavailable
/usr/local/lsws/fcgi-bin/lswsgi_wrapper: fork: retry: Resource temporarily unavailable
/usr/local/lsws/fcgi-bin/lswsgi_wrapper: fork: Resource temporarily unavailable
/usr/local/lsws/fcgi-bin/lswsgi_wrapper: fork: retry: Resource temporarily unavailable
/usr/local/lsws/fcgi-bin/lswsgi_wrapper: fork: retry: Resource temporarily unavailable
/usr/local/lsws/fcgi-bin/lswsgi_wrapper: fork: retry: Resource temporarily unavailable
/usr/local/lsws/fcgi-bin/lswsgi_wrapper: fork: retry: Resource temporarily unavailable
/usr/local/lsws/fcgi-bin/lswsgi_wrapper: fork: Resource temporarily unavailable
/usr/local/lsws/fcgi-bin/lswsgi_wrapper: fork: retry: Resource temporarily unavailable
/usr/local/lsws/fcgi-bin/lswsgi_wrapper: fork: retry: Resource temporarily unavailable
/usr/local/lsws/fcgi-bin/lswsgi_wrapper: fork: retry: Resource temporarily unavailable
/usr/local/lsws/fcgi-bin/lswsgi_wrapper: fork: retry: Resource temporarily unavailable
/usr/local/lsws/fcgi-bin/lswsgi_wrapper: fork: Resource temporarily unavailable
/usr/local/lsws/fcgi-bin/lswsgi_wrapper: fork: retry: Resource temporarily unavailable
/usr/local/lsws/fcgi-bin/lswsgi_wrapper: fork: retry: Resource temporarily unavailable
/usr/local/lsws/fcgi-bin/lswsgi_wrapper: fork: retry: Resource temporarily unavailable
/usr/local/lsws/fcgi-bin/lswsgi_wrapper: fork: retry: Resource temporarily unavailable
/usr/local/lsws/fcgi-bin/lswsgi_wrapper: fork: Resource temporarily unavailable
/usr/local/lsws/fcgi-bin/lswsgi_wrapper: fork: retry: Resource temporarily unavailable
/usr/local/lsws/fcgi-bin/lswsgi_wrapper: fork: retry: Resource temporarily unavailable
/usr/local/lsws/fcgi-bin/lswsgi_wrapper: fork: retry: Resource temporarily unavailable
/usr/local/lsws/fcgi-bin/lswsgi_wrapper: fork: retry: Resource temporarily unavailable
/usr/local/lsws/fcgi-bin/lswsgi_wrapper: fork: Resource temporarily unavailable
/usr/local/lsws/fcgi-bin/lswsgi_wrapper: fork: retry: Resource temporarily unavailable
/usr/local/lsws/fcgi-bin/lswsgi_wrapper: fork: retry: Resource temporarily unavailable
/usr/local/lsws/fcgi-bin/lswsgi_wrapper: fork: retry: Resource temporarily unavailable
/usr/local/lsws/fcgi-bin/lswsgi_wrapper: fork: retry: Resource temporarily unavailable
/usr/local/lsws/fcgi-bin/lswsgi_wrapper: fork: Resource temporarily unavailable
/usr/local/lsws/fcgi-bin/lswsgi_wrapper: fork: retry: Resource temporarily unavailable
/usr/local/lsws/fcgi-bin/lswsgi_wrapper: fork: retry: Resource temporarily unavailable
/usr/local/lsws/fcgi-bin/lswsgi_wrapper: fork: retry: Resource temporarily unavailable
/usr/local/lsws/fcgi-bin/lswsgi_wrapper: fork: retry: Resource temporarily unavailable
/usr/local/lsws/fcgi-bin/lswsgi_wrapper: fork: Resource temporarily unavailable
/usr/local/lsws/fcgi-bin/lswsgi_wrapper: fork: retry: Resource temporarily unavailable
/usr/local/lsws/fcgi-bin/lswsgi_wrapper: fork: retry: Resource temporarily unavailable
/usr/local/lsws/fcgi-bin/lswsgi_wrapper: fork: retry: Resource temporarily unavailable
/usr/local/lsws/fcgi-bin/lswsgi_wrapper: fork: retry: Resource temporarily unavailable
/usr/local/lsws/fcgi-bin/lswsgi_wrapper: fork: Resource temporarily unavailable
/usr/local/lsws/fcgi-bin/lswsgi_wrapper: fork: retry: Resource temporarily unavailable
/usr/local/lsws/fcgi-bin/lswsgi_wrapper: fork: retry: Resource temporarily unavailable
/usr/local/lsws/fcgi-bin/lswsgi_wrapper: fork: retry: Resource temporarily unavailable
/usr/local/lsws/fcgi-bin/lswsgi_wrapper: fork: retry: Resource temporarily unavailable
/usr/local/lsws/fcgi-bin/lswsgi_wrapper: fork: Resource temporarily unavailable
/usr/local/lsws/fcgi-bin/lswsgi_wrapper: fork: retry: Resource temporarily unavailable
/usr/local/lsws/fcgi-bin/lswsgi_wrapper: fork: retry: Resource temporarily unavailable
/usr/local/lsws/fcgi-bin/lswsgi_wrapper: fork: retry: Resource temporarily unavailable
/usr/local/lsws/fcgi-bin/lswsgi_wrapper: fork: retry: Resource temporarily unavailable
/usr/local/lsws/fcgi-bin/lswsgi_wrapper: fork: Resource temporarily unavailable
/usr/local/lsws/fcgi-bin/lswsgi_wrapper: fork: retry: Resource temporarily unavailable
/usr/local/lsws/fcgi-bin/lswsgi_wrapper: fork: retry: Resource temporarily unavailable
/usr/local/lsws/fcgi-bin/lswsgi_wrapper: fork: retry: Resource temporarily unavailable
/usr/local/lsws/fcgi-bin/lswsgi_wrapper: fork: retry: Resource temporarily unavailable
/usr/local/lsws/fcgi-bin/lswsgi_wrapper: fork: Resource temporarily unavailable
/usr/local/lsws/fcgi-bin/lswsgi_wrapper: fork: retry: Resource temporarily unavailable
/usr/local/lsws/fcgi-bin/lswsgi_wrapper: fork: retry: Resource temporarily unavailable
/usr/local/lsws/fcgi-bin/lswsgi_wrapper: fork: retry: Resource temporarily unavailable
/usr/local/lsws/fcgi-bin/lswsgi_wrapper: fork: retry: Resource temporarily unavailable
/usr/local/lsws/fcgi-bin/lswsgi_wrapper: fork: Resource temporarily unavailable
/usr/local/lsws/fcgi-bin/lswsgi_wrapper: fork: retry: Resource temporarily unavailable
/usr/local/lsws/fcgi-bin/lswsgi_wrapper: fork: retry: Resource temporarily unavailable
/usr/local/lsws/fcgi-bin/lswsgi_wrapper: fork: retry: Resource temporarily unavailable
/usr/local/lsws/fcgi-bin/lswsgi_wrapper: fork: retry: Resource temporarily unavailable
/usr/local/lsws/fcgi-bin/lswsgi_wrapper: fork: retry: Resource temporarily unavailable
/usr/local/lsws/fcgi-bin/lswsgi_wrapper: fork: retry: Resource temporarily unavailable
/usr/local/lsws/fcgi-bin/lswsgi_wrapper: fork: retry: Resource temporarily unavailable
/usr/local/lsws/fcgi-bin/lswsgi_wrapper: fork: retry: Resource temporarily unavailable
/usr/local/lsws/fcgi-bin/lswsgi_wrapper: fork: Resource temporarily unavailable
/usr/local/lsws/fcgi-bin/lswsgi_wrapper: fork: retry: Resource temporarily unavailable
/usr/local/lsws/fcgi-bin/lswsgi_wrapper: fork: retry: Resource temporarily unavailable
/usr/local/lsws/fcgi-bin/lswsgi_wrapper: fork: retry: Resource temporarily unavailable
/usr/local/lsws/fcgi-bin/lswsgi_wrapper: fork: retry: Resource temporarily unavailable
/usr/local/lsws/fcgi-bin/lswsgi_wrapper: fork: Resource temporarily unavailable
/usr/local/lsws/fcgi-bin/lswsgi_wrapper: fork: retry: Resource temporarily unavailable
/usr/local/lsws/fcgi-bin/lswsgi_wrapper: fork: retry: Resource temporarily unavailable
/usr/local/lsws/fcgi-bin/lswsgi_wrapper: fork: retry: Resource temporarily unavailable
/usr/local/lsws/fcgi-bin/lswsgi_wrapper: fork: retry: Resource temporarily unavailable
/usr/local/lsws/fcgi-bin/lswsgi_wrapper: fork: Resource temporarily unavailable
/usr/local/lsws/fcgi-bin/lswsgi_wrapper: fork: retry: Resource temporarily unavailable
/usr/local/lsws/fcgi-bin/lswsgi_wrapper: fork: retry: Resource temporarily unavailable
/usr/local/lsws/fcgi-bin/lswsgi_wrapper: fork: retry: Resource temporarily unavailable
/usr/local/lsws/fcgi-bin/lswsgi_wrapper: fork: retry: Resource temporarily unavailable
/usr/local/lsws/fcgi-bin/lswsgi_wrapper: fork: Resource temporarily unavailable
/usr/local/lsws/fcgi-bin/lswsgi_wrapper: fork: retry: Resource temporarily unavailable
/usr/local/lsws/fcgi-bin/lswsgi_wrapper: fork: retry: Resource temporarily unavailable
/usr/local/lsws/fcgi-bin/lswsgi_wrapper: fork: retry: Resource temporarily unavailable
/usr/local/lsws/fcgi-bin/lswsgi_wrapper: fork: retry: Resource temporarily unavailable
/usr/local/lsws/fcgi-bin/lswsgi_wrapper: fork: Resource temporarily unavailable
/usr/local/lsws/fcgi-bin/lswsgi_wrapper: fork: retry: Resource temporarily unavailable
/usr/local/lsws/fcgi-bin/lswsgi_wrapper: fork: retry: Resource temporarily unavailable
/usr/local/lsws/fcgi-bin/lswsgi_wrapper: fork: retry: Resource temporarily unavailable
/usr/local/lsws/fcgi-bin/lswsgi_wrapper: fork: retry: Resource temporarily unavailable
/usr/local/lsws/fcgi-bin/lswsgi_wrapper: fork: Resource temporarily unavailable
/usr/local/lsws/fcgi-bin/lswsgi_wrapper: fork: retry: Resource temporarily unavailable
/usr/local/lsws/fcgi-bin/lswsgi_wrapper: fork: retry: Resource temporarily unavailable
/usr/local/lsws/fcgi-bin/lswsgi_wrapper: fork: retry: Resource temporarily unavailable
/usr/local/lsws/fcgi-bin/lswsgi_wrapper: fork: retry: Resource temporarily unavailable
/usr/local/lsws/fcgi-bin/lswsgi_wrapper: fork: Resource temporarily unavailable
/usr/local/lsws/fcgi-bin/lswsgi_wrapper: fork: retry: Resource temporarily unavailable
/usr/local/lsws/fcgi-bin/lswsgi_wrapper: fork: retry: Resource temporarily unavailable
/usr/local/lsws/fcgi-bin/lswsgi_wrapper: fork: retry: Resource temporarily unavailable
/usr/local/lsws/fcgi-bin/lswsgi_wrapper: fork: retry: Resource temporarily unavailable
/usr/local/lsws/fcgi-bin/lswsgi_wrapper: fork: retry: Resource temporarily unavailable
/usr/local/lsws/fcgi-bin/lswsgi_wrapper: fork: retry: Resource temporarily unavailable
/usr/local/lsws/fcgi-bin/lswsgi_wrapper: fork: retry: Resource temporarily unavailable
/usr/local/lsws/fcgi-bin/lswsgi_wrapper: fork: Resource temporarily unavailable
/usr/local/lsws/fcgi-bin/lswsgi_wrapper: fork: retry: Resource temporarily unavailable
/usr/local/lsws/fcgi-bin/lswsgi_wrapper: fork: retry: Resource temporarily unavailable
/usr/local/lsws/fcgi-bin/lswsgi_wrapper: fork: retry: Resource temporarily unavailable
/usr/local/lsws/fcgi-bin/lswsgi_wrapper: fork: retry: Resource temporarily unavailable
/usr/local/lsws/fcgi-bin/lswsgi_wrapper: fork: Resource temporarily unavailable
/usr/local/lsws/fcgi-bin/lswsgi_wrapper: fork: retry: Resource temporarily unavailable
/usr/local/lsws/fcgi-bin/lswsgi_wrapper: fork: retry: Resource temporarily unavailable
/usr/local/lsws/fcgi-bin/lswsgi_wrapper: fork: retry: Resource temporarily unavailable
/usr/local/lsws/fcgi-bin/lswsgi_wrapper: fork: retry: Resource temporarily unavailable
/usr/local/lsws/fcgi-bin/lswsgi_wrapper: fork: Resource temporarily unavailable
/usr/local/lsws/fcgi-bin/lswsgi_wrapper: fork: retry: Resource temporarily unavailable
/usr/local/lsws/fcgi-bin/lswsgi_wrapper: fork: retry: Resource temporarily unavailable
/usr/local/lsws/fcgi-bin/lswsgi_wrapper: fork: retry: Resource temporarily unavailable
/usr/local/lsws/fcgi-bin/lswsgi_wrapper: fork: retry: Resource temporarily unavailable
/usr/local/lsws/fcgi-bin/lswsgi_wrapper: fork: Resource temporarily unavailable
/usr/local/lsws/fcgi-bin/lswsgi_wrapper: fork: retry: Resource temporarily unavailable
/usr/local/lsws/fcgi-bin/lswsgi_wrapper: fork: retry: Resource temporarily unavailable
/usr/local/lsws/fcgi-bin/lswsgi_wrapper: fork: retry: Resource temporarily unavailable
/usr/local/lsws/fcgi-bin/lswsgi_wrapper: fork: retry: Resource temporarily unavailable
/usr/local/lsws/fcgi-bin/lswsgi_wrapper: fork: Resource temporarily unavailable
/usr/local/lsws/fcgi-bin/lswsgi_wrapper: fork: retry: Resource temporarily unavailable
/usr/local/lsws/fcgi-bin/lswsgi_wrapper: fork: retry: Resource temporarily unavailable
/usr/local/lsws/fcgi-bin/lswsgi_wrapper: fork: retry: Resource temporarily unavailable
/usr/local/lsws/fcgi-bin/lswsgi_wrapper: fork: retry: Resource temporarily unavailable
/usr/local/lsws/fcgi-bin/lswsgi_wrapper: fork: Resource temporarily unavailable
/usr/local/lsws/fcgi-bin/lswsgi_wrapper: fork: retry: Resource temporarily unavailable
/usr/local/lsws/fcgi-bin/lswsgi_wrapper: fork: retry: Resource temporarily unavailable
/usr/local/lsws/fcgi-bin/lswsgi_wrapper: fork: retry: Resource temporarily unavailable
/usr/local/lsws/fcgi-bin/lswsgi_wrapper: fork: retry: Resource temporarily unavailable
/usr/local/lsws/fcgi-bin/lswsgi_wrapper: fork: Resource temporarily unavailable
/usr/local/lsws/fcgi-bin/lswsgi_wrapper: fork: retry: Resource temporarily unavailable
/usr/local/lsws/fcgi-bin/lswsgi_wrapper: fork: retry: Resource temporarily unavailable
/usr/local/lsws/fcgi-bin/lswsgi_wrapper: fork: retry: Resource temporarily unavailable
/usr/local/lsws/fcgi-bin/lswsgi_wrapper: fork: retry: Resource temporarily unavailable
/usr/local/lsws/fcgi-bin/lswsgi_wrapper: fork: Resource temporarily unavailable
/usr/local/lsws/fcgi-bin/lswsgi_wrapper: fork: retry: Resource temporarily unavailable
/usr/local/lsws/fcgi-bin/lswsgi_wrapper: fork: retry: Resource temporarily unavailable
/usr/local/lsws/fcgi-bin/lswsgi_wrapper: fork: retry: Resource temporarily unavailable
/usr/local/lsws/fcgi-bin/lswsgi_wrapper: fork: retry: Resource temporarily unavailable
/usr/local/lsws/fcgi-bin/lswsgi_wrapper: fork: Resource temporarily unavailable
/usr/local/lsws/fcgi-bin/lswsgi_wrapper: fork: retry: Resource temporarily unavailable
/usr/local/lsws/fcgi-bin/lswsgi_wrapper: fork: retry: Resource temporarily unavailable
/usr/local/lsws/fcgi-bin/lswsgi_wrapper: fork: retry: Resource temporarily unavailable
/usr/local/lsws/fcgi-bin/lswsgi_wrapper: fork: retry: Resource temporarily unavailable
/usr/local/lsws/fcgi-bin/lswsgi_wrapper: fork: Resource temporarily unavailable
/usr/local/lsws/fcgi-bin/lswsgi_wrapper: fork: retry: Resource temporarily unavailable
/usr/local/lsws/fcgi-bin/lswsgi_wrapper: fork: retry: Resource temporarily unavailable
/usr/local/lsws/fcgi-bin/lswsgi_wrapper: fork: retry: Resource temporarily unavailable
/usr/local/lsws/fcgi-bin/lswsgi_wrapper: fork: retry: Resource temporarily unavailable
/usr/local/lsws/fcgi-bin/lswsgi_wrapper: fork: Resource temporarily unavailable
/usr/local/lsws/fcgi-bin/lswsgi_wrapper: fork: retry: Resource temporarily unavailable
/usr/local/lsws/fcgi-bin/lswsgi_wrapper: fork: retry: Resource temporarily unavailable
/usr/local/lsws/fcgi-bin/lswsgi_wrapper: fork: retry: Resource temporarily unavailable
/usr/local/lsws/fcgi-bin/lswsgi_wrapper: fork: retry: Resource temporarily unavailable
/usr/local/lsws/fcgi-bin/lswsgi_wrapper: fork: Resource temporarily unavailable
/usr/local/lsws/fcgi-bin/lswsgi_wrapper: fork: retry: Resource temporarily unavailable
/usr/local/lsws/fcgi-bin/lswsgi_wrapper: fork: retry: Resource temporarily unavailable
/usr/local/lsws/fcgi-bin/lswsgi_wrapper: fork: retry: Resource temporarily unavailable
/usr/local/lsws/fcgi-bin/lswsgi_wrapper: fork: retry: Resource temporarily unavailable
/usr/local/lsws/fcgi-bin/lswsgi_wrapper: fork: Resource temporarily unavailable
/usr/local/lsws/fcgi-bin/lswsgi_wrapper: fork: retry: Resource temporarily unavailable
/usr/local/lsws/fcgi-bin/lswsgi_wrapper: fork: retry: Resource temporarily unavailable
/usr/local/lsws/fcgi-bin/lswsgi_wrapper: fork: retry: Resource temporarily unavailable
/usr/local/lsws/fcgi-bin/lswsgi_wrapper: fork: retry: Resource temporarily unavailable
/usr/local/lsws/fcgi-bin/lswsgi_wrapper: fork: retry: Resource temporarily unavailable
/usr/local/lsws/fcgi-bin/lswsgi_wrapper: fork: retry: Resource temporarily unavailable
/usr/local/lsws/fcgi-bin/lswsgi_wrapper: fork: retry: Resource temporarily unavailable
/usr/local/lsws/fcgi-bin/lswsgi_wrapper: fork: retry: Resource temporarily unavailable
/usr/local/lsws/fcgi-bin/lswsgi_wrapper: fork: retry: Resource temporarily unavailable
/usr/local/lsws/fcgi-bin/lswsgi_wrapper: fork: Resource temporarily unavailable
/usr/local/lsws/fcgi-bin/lswsgi_wrapper: fork: retry: Resource temporarily unavailable
/usr/local/lsws/fcgi-bin/lswsgi_wrapper: fork: retry: Resource temporarily unavailable
/usr/local/lsws/fcgi-bin/lswsgi_wrapper: fork: retry: Resource temporarily unavailable
/usr/local/lsws/fcgi-bin/lswsgi_wrapper: fork: retry: Resource temporarily unavailable
/usr/local/lsws/fcgi-bin/lswsgi_wrapper: fork: Resource temporarily unavailable
/usr/local/lsws/fcgi-bin/lswsgi_wrapper: fork: retry: Resource temporarily unavailable
/usr/local/lsws/fcgi-bin/lswsgi_wrapper: fork: retry: Resource temporarily unavailable
/usr/local/lsws/fcgi-bin/lswsgi_wrapper: fork: retry: Resource temporarily unavailable
/usr/local/lsws/fcgi-bin/lswsgi_wrapper: fork: retry: Resource temporarily unavailable
/usr/local/lsws/fcgi-bin/lswsgi_wrapper: fork: Resource temporarily unavailable
/usr/local/lsws/fcgi-bin/lswsgi_wrapper: fork: retry: Resource temporarily unavailable
/usr/local/lsws/fcgi-bin/lswsgi_wrapper: fork: retry: Resource temporarily unavailable
/usr/local/lsws/fcgi-bin/lswsgi_wrapper: fork: retry: Resource temporarily unavailable
/usr/local/lsws/fcgi-bin/lswsgi_wrapper: fork: retry: Resource temporarily unavailable
/usr/local/lsws/fcgi-bin/lswsgi_wrapper: fork: retry: Resource temporarily unavailable
/usr/local/lsws/fcgi-bin/lswsgi_wrapper: fork: retry: Resource temporarily unavailable
/usr/local/lsws/fcgi-bin/lswsgi_wrapper: fork: retry: Resource temporarily unavailable
/usr/local/lsws/fcgi-bin/lswsgi_wrapper: fork: retry: Resource temporarily unavailable
/usr/local/lsws/fcgi-bin/lswsgi_wrapper: fork: Resource temporarily unavailable
/usr/local/lsws/fcgi-bin/lswsgi_wrapper: fork: retry: Resource temporarily unavailable
/usr/local/lsws/fcgi-bin/lswsgi_wrapper: fork: retry: Resource temporarily unavailable
/usr/local/lsws/fcgi-bin/lswsgi_wrapper: fork: retry: Resource temporarily unavailable
/usr/local/lsws/fcgi-bin/lswsgi_wrapper: fork: retry: Resource temporarily unavailable
/usr/local/lsws/fcgi-bin/lswsgi_wrapper: fork: Resource temporarily unavailable
/usr/local/lsws/fcgi-bin/lswsgi_wrapper: fork: retry: Resource temporarily unavailable
/usr/local/lsws/fcgi-bin/lswsgi_wrapper: fork: retry: Resource temporarily unavailable
/usr/local/lsws/fcgi-bin/lswsgi_wrapper: fork: retry: Resource temporarily unavailable
/usr/local/lsws/fcgi-bin/lswsgi_wrapper: fork: retry: Resource temporarily unavailable
/usr/local/lsws/fcgi-bin/lswsgi_wrapper: fork: Resource temporarily unavailable
/usr/local/lsws/fcgi-bin/lswsgi_wrapper: fork: retry: Resource temporarily unavailable
/usr/local/lsws/fcgi-bin/lswsgi_wrapper: fork: retry: Resource temporarily unavailable
/usr/local/lsws/fcgi-bin/lswsgi_wrapper: fork: retry: Resource temporarily unavailable
/usr/local/lsws/fcgi-bin/lswsgi_wrapper: fork: retry: Resource temporarily unavailable
/usr/local/lsws/fcgi-bin/lswsgi_wrapper: fork: retry: Resource temporarily unavailable
/usr/local/lsws/fcgi-bin/lswsgi_wrapper: fork: retry: Resource temporarily unavailable
/usr/local/lsws/fcgi-bin/lswsgi_wrapper: fork: retry: Resource temporarily unavailable
/usr/local/lsws/fcgi-bin/lswsgi_wrapper: fork: retry: Resource temporarily unavailable
/usr/local/lsws/fcgi-bin/lswsgi_wrapper: fork: Resource temporarily unavailable
/usr/local/lsws/fcgi-bin/lswsgi_wrapper: fork: retry: Resource temporarily unavailable
/usr/local/lsws/fcgi-bin/lswsgi_wrapper: fork: retry: Resource temporarily unavailable
/usr/local/lsws/fcgi-bin/lswsgi_wrapper: fork: retry: Resource temporarily unavailable
/usr/local/lsws/fcgi-bin/lswsgi_wrapper: fork: retry: Resource temporarily unavailable
/usr/local/lsws/fcgi-bin/lswsgi_wrapper: fork: Resource temporarily unavailable
/usr/local/lsws/fcgi-bin/lswsgi_wrapper: fork: retry: Resource temporarily unavailable
/usr/local/lsws/fcgi-bin/lswsgi_wrapper: fork: retry: Resource temporarily unavailable
/usr/local/lsws/fcgi-bin/lswsgi_wrapper: fork: retry: Resource temporarily unavailable
/usr/local/lsws/fcgi-bin/lswsgi_wrapper: fork: retry: Resource temporarily unavailable
/usr/local/lsws/fcgi-bin/lswsgi_wrapper: fork: Resource temporarily unavailable
/usr/local/lsws/fcgi-bin/lswsgi_wrapper: fork: retry: Resource temporarily unavailable
/usr/local/lsws/fcgi-bin/lswsgi_wrapper: fork: retry: Resource temporarily unavailable
/usr/local/lsws/fcgi-bin/lswsgi_wrapper: fork: retry: Resource temporarily unavailable
/usr/local/lsws/fcgi-bin/lswsgi_wrapper: fork: retry: Resource temporarily unavailable
/usr/local/lsws/fcgi-bin/lswsgi_wrapper: fork: Resource temporarily unavailable
/usr/local/lsws/fcgi-bin/lswsgi_wrapper: fork: retry: Resource temporarily unavailable
/usr/local/lsws/fcgi-bin/lswsgi_wrapper: fork: retry: Resource temporarily unavailable
/usr/local/lsws/fcgi-bin/lswsgi_wrapper: fork: retry: Resource temporarily unavailable
/usr/local/lsws/fcgi-bin/lswsgi_wrapper: fork: retry: Resource temporarily unavailable
/usr/local/lsws/fcgi-bin/lswsgi_wrapper: fork: Resource temporarily unavailable
/usr/local/lsws/fcgi-bin/lswsgi_wrapper: fork: retry: Resource temporarily unavailable
/usr/local/lsws/fcgi-bin/lswsgi_wrapper: fork: retry: Resource temporarily unavailable
/usr/local/lsws/fcgi-bin/lswsgi_wrapper: fork: retry: Resource temporarily unavailable
/usr/local/lsws/fcgi-bin/lswsgi_wrapper: fork: retry: Resource temporarily unavailable
/usr/local/lsws/fcgi-bin/lswsgi_wrapper: fork: Resource temporarily unavailable
/usr/local/lsws/fcgi-bin/lswsgi_wrapper: fork: retry: Resource temporarily unavailable
/usr/local/lsws/fcgi-bin/lswsgi_wrapper: fork: retry: Resource temporarily unavailable
/usr/local/lsws/fcgi-bin/lswsgi_wrapper: fork: retry: Resource temporarily unavailable
/usr/local/lsws/fcgi-bin/lswsgi_wrapper: fork: retry: Resource temporarily unavailable
/usr/local/lsws/fcgi-bin/lswsgi_wrapper: fork: Resource temporarily unavailable
/usr/local/lsws/fcgi-bin/lswsgi_wrapper: fork: retry: Resource temporarily unavailable
/usr/local/lsws/fcgi-bin/lswsgi_wrapper: fork: retry: Resource temporarily unavailable
/usr/local/lsws/fcgi-bin/lswsgi_wrapper: fork: retry: Resource temporarily unavailable
/usr/local/lsws/fcgi-bin/lswsgi_wrapper: fork: retry: Resource temporarily unavailable
/usr/local/lsws/fcgi-bin/lswsgi_wrapper: fork: Resource temporarily unavailable
/usr/local/lsws/fcgi-bin/lswsgi_wrapper: fork: retry: Resource temporarily unavailable
/usr/local/lsws/fcgi-bin/lswsgi_wrapper: fork: retry: Resource temporarily unavailable
/usr/local/lsws/fcgi-bin/lswsgi_wrapper: fork: retry: Resource temporarily unavailable
/usr/local/lsws/fcgi-bin/lswsgi_wrapper: fork: retry: Resource temporarily unavailable
/usr/local/lsws/fcgi-bin/lswsgi_wrapper: fork: Resource temporarily unavailable
/usr/local/lsws/fcgi-bin/lswsgi_wrapper: fork: retry: Resource temporarily unavailable
/usr/local/lsws/fcgi-bin/lswsgi_wrapper: fork: retry: Resource temporarily unavailable
/usr/local/lsws/fcgi-bin/lswsgi_wrapper: fork: retry: Resource temporarily unavailable
/usr/local/lsws/fcgi-bin/lswsgi_wrapper: fork: retry: Resource temporarily unavailable
/usr/local/lsws/fcgi-bin/lswsgi_wrapper: fork: Resource temporarily unavailable
/usr/local/lsws/fcgi-bin/lswsgi_wrapper: fork: retry: Resource temporarily unavailable
/usr/local/lsws/fcgi-bin/lswsgi_wrapper: fork: retry: Resource temporarily unavailable
/usr/local/lsws/fcgi-bin/lswsgi_wrapper: fork: retry: Resource temporarily unavailable
/usr/local/lsws/fcgi-bin/lswsgi_wrapper: fork: retry: Resource temporarily unavailable
/usr/local/lsws/fcgi-bin/lswsgi_wrapper: fork: Resource temporarily unavailable
/usr/local/lsws/fcgi-bin/lswsgi_wrapper: fork: retry: Resource temporarily unavailable
/usr/local/lsws/fcgi-bin/lswsgi_wrapper: fork: retry: Resource temporarily unavailable
/usr/local/lsws/fcgi-bin/lswsgi_wrapper: fork: retry: Resource temporarily unavailable
/usr/local/lsws/fcgi-bin/lswsgi_wrapper: fork: retry: Resource temporarily unavailable
/usr/local/lsws/fcgi-bin/lswsgi_wrapper: fork: Resource temporarily unavailable
/usr/local/lsws/fcgi-bin/lswsgi_wrapper: fork: retry: Resource temporarily unavailable
/usr/local/lsws/fcgi-bin/lswsgi_wrapper: fork: retry: Resource temporarily unavailable
/usr/local/lsws/fcgi-bin/lswsgi_wrapper: fork: retry: Resource temporarily unavailable
/usr/local/lsws/fcgi-bin/lswsgi_wrapper: fork: retry: Resource temporarily unavailable
/usr/local/lsws/fcgi-bin/lswsgi_wrapper: fork: Resource temporarily unavailable
/usr/local/lsws/fcgi-bin/lswsgi_wrapper: fork: retry: Resource temporarily unavailable
/usr/local/lsws/fcgi-bin/lswsgi_wrapper: fork: retry: Resource temporarily unavailable
/usr/local/lsws/fcgi-bin/lswsgi_wrapper: fork: retry: Resource temporarily unavailable
/usr/local/lsws/fcgi-bin/lswsgi_wrapper: fork: retry: Resource temporarily unavailable
/usr/local/lsws/fcgi-bin/lswsgi_wrapper: fork: Resource temporarily unavailable
/usr/local/lsws/fcgi-bin/lswsgi_wrapper: fork: retry: Resource temporarily unavailable
/usr/local/lsws/fcgi-bin/lswsgi_wrapper: fork: retry: Resource temporarily unavailable
/usr/local/lsws/fcgi-bin/lswsgi_wrapper: fork: retry: Resource temporarily unavailable
/usr/local/lsws/fcgi-bin/lswsgi_wrapper: fork: retry: Resource temporarily unavailable
/usr/local/lsws/fcgi-bin/lswsgi_wrapper: fork: Resource temporarily unavailable
/usr/local/lsws/fcgi-bin/lswsgi_wrapper: fork: retry: Resource temporarily unavailable
/usr/local/lsws/fcgi-bin/lswsgi_wrapper: fork: retry: Resource temporarily unavailable
/usr/local/lsws/fcgi-bin/lswsgi_wrapper: fork: retry: Resource temporarily unavailable
/usr/local/lsws/fcgi-bin/lswsgi_wrapper: fork: retry: Resource temporarily unavailable
/usr/local/lsws/fcgi-bin/lswsgi_wrapper: fork: Resource temporarily unavailable
/usr/local/lsws/fcgi-bin/lswsgi_wrapper: fork: retry: Resource temporarily unavailable
/usr/local/lsws/fcgi-bin/lswsgi_wrapper: fork: retry: Resource temporarily unavailable
/usr/local/lsws/fcgi-bin/lswsgi_wrapper: fork: retry: Resource temporarily unavailable
/usr/local/lsws/fcgi-bin/lswsgi_wrapper: fork: retry: Resource temporarily unavailable
/usr/local/lsws/fcgi-bin/lswsgi_wrapper: fork: Resource temporarily unavailable
/usr/local/lsws/fcgi-bin/lswsgi_wrapper: fork: retry: Resource temporarily unavailable
/usr/local/lsws/fcgi-bin/lswsgi_wrapper: fork: retry: Resource temporarily unavailable
/usr/local/lsws/fcgi-bin/lswsgi_wrapper: fork: retry: Resource temporarily unavailable
/usr/local/lsws/fcgi-bin/lswsgi_wrapper: fork: retry: Resource temporarily unavailable
/usr/local/lsws/fcgi-bin/lswsgi_wrapper: fork: Resource temporarily unavailable
/usr/local/lsws/fcgi-bin/lswsgi_wrapper: fork: retry: Resource temporarily unavailable
/usr/local/lsws/fcgi-bin/lswsgi_wrapper: fork: retry: Resource temporarily unavailable
/usr/local/lsws/fcgi-bin/lswsgi_wrapper: fork: retry: Resource temporarily unavailable
/usr/local/lsws/fcgi-bin/lswsgi_wrapper: fork: retry: Resource temporarily unavailable
/usr/local/lsws/fcgi-bin/lswsgi_wrapper: fork: Resource temporarily unavailable
/usr/local/lsws/fcgi-bin/lswsgi_wrapper: fork: retry: Resource temporarily unavailable
/usr/local/lsws/fcgi-bin/lswsgi_wrapper: fork: retry: Resource temporarily unavailable
/usr/local/lsws/fcgi-bin/lswsgi_wrapper: fork: retry: Resource temporarily unavailable
/usr/local/lsws/fcgi-bin/lswsgi_wrapper: fork: retry: Resource temporarily unavailable
/usr/local/lsws/fcgi-bin/lswsgi_wrapper: fork: Resource temporarily unavailable
/usr/local/lsws/fcgi-bin/lswsgi_wrapper: fork: retry: Resource temporarily unavailable
/usr/local/lsws/fcgi-bin/lswsgi_wrapper: fork: retry: Resource temporarily unavailable
/usr/local/lsws/fcgi-bin/lswsgi_wrapper: fork: retry: Resource temporarily unavailable
/usr/local/lsws/fcgi-bin/lswsgi_wrapper: fork: retry: Resource temporarily unavailable
/usr/local/lsws/fcgi-bin/lswsgi_wrapper: fork: Resource temporarily unavailable
/usr/local/lsws/fcgi-bin/lswsgi_wrapper: fork: retry: Resource temporarily unavailable
/usr/local/lsws/fcgi-bin/lswsgi_wrapper: fork: retry: Resource temporarily unavailable
/usr/local/lsws/fcgi-bin/lswsgi_wrapper: fork: retry: Resource temporarily unavailable
/usr/local/lsws/fcgi-bin/lswsgi_wrapper: fork: retry: Resource temporarily unavailable
/usr/local/lsws/fcgi-bin/lswsgi_wrapper: fork: Resource temporarily unavailable
/usr/local/lsws/fcgi-bin/lswsgi_wrapper: fork: retry: Resource temporarily unavailable
/usr/local/lsws/fcgi-bin/lswsgi_wrapper: fork: retry: Resource temporarily unavailable
/usr/local/lsws/fcgi-bin/lswsgi_wrapper: fork: retry: Resource temporarily unavailable
/usr/local/lsws/fcgi-bin/lswsgi_wrapper: fork: retry: Resource temporarily unavailable
/usr/local/lsws/fcgi-bin/lswsgi_wrapper: fork: Resource temporarily unavailable
/usr/local/lsws/fcgi-bin/lswsgi_wrapper: fork: retry: Resource temporarily unavailable
/usr/local/lsws/fcgi-bin/lswsgi_wrapper: fork: retry: Resource temporarily unavailable
/usr/local/lsws/fcgi-bin/lswsgi_wrapper: fork: retry: Resource temporarily unavailable
/usr/local/lsws/fcgi-bin/lswsgi_wrapper: fork: retry: Resource temporarily unavailable
/usr/local/lsws/fcgi-bin/lswsgi_wrapper: fork: Resource temporarily unavailable
/usr/local/lsws/fcgi-bin/lswsgi_wrapper: fork: retry: Resource temporarily unavailable
/usr/local/lsws/fcgi-bin/lswsgi_wrapper: fork: retry: Resource temporarily unavailable
/usr/local/lsws/fcgi-bin/lswsgi_wrapper: fork: retry: Resource temporarily unavailable
/usr/local/lsws/fcgi-bin/lswsgi_wrapper: fork: retry: Resource temporarily unavailable
/usr/local/lsws/fcgi-bin/lswsgi_wrapper: fork: Resource temporarily unavailable
/usr/local/lsws/fcgi-bin/lswsgi_wrapper: fork: retry: Resource temporarily unavailable
/usr/local/lsws/fcgi-bin/lswsgi_wrapper: fork: retry: Resource temporarily unavailable
/usr/local/lsws/fcgi-bin/lswsgi_wrapper: fork: retry: Resource temporarily unavailable
/usr/local/lsws/fcgi-bin/lswsgi_wrapper: fork: retry: Resource temporarily unavailable
/usr/local/lsws/fcgi-bin/lswsgi_wrapper: fork: Resource temporarily unavailable
/usr/local/lsws/fcgi-bin/lswsgi_wrapper: fork: retry: Resource temporarily unavailable
/usr/local/lsws/fcgi-bin/lswsgi_wrapper: fork: retry: Resource temporarily unavailable
/usr/local/lsws/fcgi-bin/lswsgi_wrapper: fork: retry: Resource temporarily unavailable
/usr/local/lsws/fcgi-bin/lswsgi_wrapper: fork: retry: Resource temporarily unavailable
/usr/local/lsws/fcgi-bin/lswsgi_wrapper: fork: Resource temporarily unavailable
/usr/local/lsws/fcgi-bin/lswsgi_wrapper: fork: retry: Resource temporarily unavailable
/usr/local/lsws/fcgi-bin/lswsgi_wrapper: fork: retry: Resource temporarily unavailable
/usr/local/lsws/fcgi-bin/lswsgi_wrapper: fork: retry: Resource temporarily unavailable
/usr/local/lsws/fcgi-bin/lswsgi_wrapper: fork: retry: Resource temporarily unavailable
/usr/local/lsws/fcgi-bin/lswsgi_wrapper: fork: retry: Resource temporarily unavailable
/usr/local/lsws/fcgi-bin/lswsgi_wrapper: fork: retry: Resource temporarily unavailable
/usr/local/lsws/fcgi-bin/lswsgi_wrapper: fork: retry: Resource temporarily unavailable
/usr/local/lsws/fcgi-bin/lswsgi_wrapper: fork: retry: Resource temporarily unavailable
/usr/local/lsws/fcgi-bin/lswsgi_wrapper: fork: Resource temporarily unavailable
/usr/local/lsws/fcgi-bin/lswsgi_wrapper: fork: retry: Resource temporarily unavailable
/usr/local/lsws/fcgi-bin/lswsgi_wrapper: fork: retry: Resource temporarily unavailable
/usr/local/lsws/fcgi-bin/lswsgi_wrapper: fork: retry: Resource temporarily unavailable
/usr/local/lsws/fcgi-bin/lswsgi_wrapper: fork: retry: Resource temporarily unavailable
/usr/local/lsws/fcgi-bin/lswsgi_wrapper: fork: Resource temporarily unavailable
/usr/local/lsws/fcgi-bin/lswsgi_wrapper: fork: retry: Resource temporarily unavailable
/usr/local/lsws/fcgi-bin/lswsgi_wrapper: fork: retry: Resource temporarily unavailable
/usr/local/lsws/fcgi-bin/lswsgi_wrapper: fork: retry: Resource temporarily unavailable
/usr/local/lsws/fcgi-bin/lswsgi_wrapper: fork: retry: Resource temporarily unavailable
/usr/local/lsws/fcgi-bin/lswsgi_wrapper: fork: Resource temporarily unavailable
/usr/local/lsws/fcgi-bin/lswsgi_wrapper: fork: retry: Resource temporarily unavailable
/usr/local/lsws/fcgi-bin/lswsgi_wrapper: fork: retry: Resource temporarily unavailable
/usr/local/lsws/fcgi-bin/lswsgi_wrapper: fork: retry: Resource temporarily unavailable
/usr/local/lsws/fcgi-bin/lswsgi_wrapper: fork: retry: Resource temporarily unavailable
/usr/local/lsws/fcgi-bin/lswsgi_wrapper: fork: retry: Resource temporarily unavailable
/usr/local/lsws/fcgi-bin/lswsgi_wrapper: fork: retry: Resource temporarily unavailable
/usr/local/lsws/fcgi-bin/lswsgi_wrapper: fork: retry: Resource temporarily unavailable
/usr/local/lsws/fcgi-bin/lswsgi_wrapper: fork: Resource temporarily unavailable
/usr/local/lsws/fcgi-bin/lswsgi_wrapper: fork: retry: Resource temporarily unavailable
/usr/local/lsws/fcgi-bin/lswsgi_wrapper: fork: retry: Resource temporarily unavailable
/usr/local/lsws/fcgi-bin/lswsgi_wrapper: fork: retry: Resource temporarily unavailable
/usr/local/lsws/fcgi-bin/lswsgi_wrapper: fork: retry: Resource temporarily unavailable
/usr/local/lsws/fcgi-bin/lswsgi_wrapper: fork: Resource temporarily unavailable
/usr/local/lsws/fcgi-bin/lswsgi_wrapper: fork: retry: Resource temporarily unavailable
/usr/local/lsws/fcgi-bin/lswsgi_wrapper: fork: retry: Resource temporarily unavailable
/usr/local/lsws/fcgi-bin/lswsgi_wrapper: fork: retry: Resource temporarily unavailable
/usr/local/lsws/fcgi-bin/lswsgi_wrapper: fork: retry: Resource temporarily unavailable
/usr/local/lsws/fcgi-bin/lswsgi_wrapper: fork: Resource temporarily unavailable
/usr/local/lsws/fcgi-bin/lswsgi_wrapper: fork: retry: Resource temporarily unavailable
/usr/local/lsws/fcgi-bin/lswsgi_wrapper: fork: retry: Resource temporarily unavailable
/usr/local/lsws/fcgi-bin/lswsgi_wrapper: fork: retry: Resource temporarily unavailable
/usr/local/lsws/fcgi-bin/lswsgi_wrapper: fork: retry: Resource temporarily unavailable
/usr/local/lsws/fcgi-bin/lswsgi_wrapper: fork: Resource temporarily unavailable
/usr/local/lsws/fcgi-bin/lswsgi_wrapper: fork: retry: Resource temporarily unavailable
/usr/local/lsws/fcgi-bin/lswsgi_wrapper: fork: retry: Resource temporarily unavailable
/usr/local/lsws/fcgi-bin/lswsgi_wrapper: fork: retry: Resource temporarily unavailable
/usr/local/lsws/fcgi-bin/lswsgi_wrapper: fork: retry: Resource temporarily unavailable
/usr/local/lsws/fcgi-bin/lswsgi_wrapper: fork: Resource temporarily unavailable
/usr/local/lsws/fcgi-bin/lswsgi_wrapper: fork: retry: Resource temporarily unavailable
/usr/local/lsws/fcgi-bin/lswsgi_wrapper: fork: retry: Resource temporarily unavailable
/usr/local/lsws/fcgi-bin/lswsgi_wrapper: fork: retry: Resource temporarily unavailable
/usr/local/lsws/fcgi-bin/lswsgi_wrapper: fork: retry: Resource temporarily unavailable
/usr/local/lsws/fcgi-bin/lswsgi_wrapper: fork: Resource temporarily unavailable
/usr/local/lsws/fcgi-bin/lswsgi_wrapper: fork: retry: Resource temporarily unavailable
/usr/local/lsws/fcgi-bin/lswsgi_wrapper: fork: retry: Resource temporarily unavailable
/usr/local/lsws/fcgi-bin/lswsgi_wrapper: fork: retry: Resource temporarily unavailable
/usr/local/lsws/fcgi-bin/lswsgi_wrapper: fork: retry: Resource temporarily unavailable
/usr/local/lsws/fcgi-bin/lswsgi_wrapper: fork: Resource temporarily unavailable
/usr/local/lsws/fcgi-bin/lswsgi_wrapper: fork: retry: Resource temporarily unavailable
/usr/local/lsws/fcgi-bin/lswsgi_wrapper: fork: retry: Resource temporarily unavailable
/usr/local/lsws/fcgi-bin/lswsgi_wrapper: fork: retry: Resource temporarily unavailable
/usr/local/lsws/fcgi-bin/lswsgi_wrapper: fork: retry: Resource temporarily unavailable
/usr/local/lsws/fcgi-bin/lswsgi_wrapper: fork: Resource temporarily unavailable
/usr/local/lsws/fcgi-bin/lswsgi_wrapper: fork: retry: Resource temporarily unavailable
/usr/local/lsws/fcgi-bin/lswsgi_wrapper: fork: retry: Resource temporarily unavailable
/usr/local/lsws/fcgi-bin/lswsgi_wrapper: fork: retry: Resource temporarily unavailable
/usr/local/lsws/fcgi-bin/lswsgi_wrapper: fork: retry: Resource temporarily unavailable
/usr/local/lsws/fcgi-bin/lswsgi_wrapper: fork: Resource temporarily unavailable
/usr/local/lsws/fcgi-bin/lswsgi_wrapper: fork: retry: Resource temporarily unavailable
/usr/local/lsws/fcgi-bin/lswsgi_wrapper: fork: retry: Resource temporarily unavailable
/usr/local/lsws/fcgi-bin/lswsgi_wrapper: fork: retry: Resource temporarily unavailable
/usr/local/lsws/fcgi-bin/lswsgi_wrapper: fork: retry: Resource temporarily unavailable
/usr/local/lsws/fcgi-bin/lswsgi_wrapper: fork: Resource temporarily unavailable
/usr/local/lsws/fcgi-bin/lswsgi_wrapper: fork: retry: Resource temporarily unavailable
/usr/local/lsws/fcgi-bin/lswsgi_wrapper: fork: retry: Resource temporarily unavailable
/usr/local/lsws/fcgi-bin/lswsgi_wrapper: fork: retry: Resource temporarily unavailable
/usr/local/lsws/fcgi-bin/lswsgi_wrapper: fork: retry: Resource temporarily unavailable
/usr/local/lsws/fcgi-bin/lswsgi_wrapper: fork: Resource temporarily unavailable
/usr/local/lsws/fcgi-bin/lswsgi_wrapper: fork: retry: Resource temporarily unavailable
/usr/local/lsws/fcgi-bin/lswsgi_wrapper: fork: retry: Resource temporarily unavailable
/usr/local/lsws/fcgi-bin/lswsgi_wrapper: fork: retry: Resource temporarily unavailable
/usr/local/lsws/fcgi-bin/lswsgi_wrapper: fork: retry: Resource temporarily unavailable
/usr/local/lsws/fcgi-bin/lswsgi_wrapper: fork: Resource temporarily unavailable
/usr/local/lsws/fcgi-bin/lswsgi_wrapper: fork: retry: Resource temporarily unavailable
/usr/local/lsws/fcgi-bin/lswsgi_wrapper: fork: retry: Resource temporarily unavailable
/usr/local/lsws/fcgi-bin/lswsgi_wrapper: fork: retry: Resource temporarily unavailable
/usr/local/lsws/fcgi-bin/lswsgi_wrapper: fork: retry: Resource temporarily unavailable
/usr/local/lsws/fcgi-bin/lswsgi_wrapper: fork: Resource temporarily unavailable
/usr/local/lsws/fcgi-bin/lswsgi_wrapper: fork: retry: Resource temporarily unavailable
/usr/local/lsws/fcgi-bin/lswsgi_wrapper: fork: retry: Resource temporarily unavailable
/usr/local/lsws/fcgi-bin/lswsgi_wrapper: fork: retry: Resource temporarily unavailable
/usr/local/lsws/fcgi-bin/lswsgi_wrapper: fork: retry: Resource temporarily unavailable
/usr/local/lsws/fcgi-bin/lswsgi_wrapper: fork: Resource temporarily unavailable
/usr/local/lsws/fcgi-bin/lswsgi_wrapper: fork: retry: Resource temporarily unavailable
/usr/local/lsws/fcgi-bin/lswsgi_wrapper: fork: retry: Resource temporarily unavailable
/usr/local/lsws/fcgi-bin/lswsgi_wrapper: fork: retry: Resource temporarily unavailable
/usr/local/lsws/fcgi-bin/lswsgi_wrapper: fork: retry: Resource temporarily unavailable
/usr/local/lsws/fcgi-bin/lswsgi_wrapper: fork: Resource temporarily unavailable
/usr/local/lsws/fcgi-bin/lswsgi_wrapper: fork: retry: Resource temporarily unavailable
/usr/local/lsws/fcgi-bin/lswsgi_wrapper: fork: retry: Resource temporarily unavailable
/usr/local/lsws/fcgi-bin/lswsgi_wrapper: fork: retry: Resource temporarily unavailable
/usr/local/lsws/fcgi-bin/lswsgi_wrapper: fork: retry: Resource temporarily unavailable
/usr/local/lsws/fcgi-bin/lswsgi_wrapper: fork: retry: Resource temporarily unavailable
/usr/local/lsws/fcgi-bin/lswsgi_wrapper: fork: retry: Resource temporarily unavailable
/usr/local/lsws/fcgi-bin/lswsgi_wrapper: fork: retry: Resource temporarily unavailable
/usr/local/lsws/fcgi-bin/lswsgi_wrapper: fork: retry: Resource temporarily unavailable
/usr/local/lsws/fcgi-bin/lswsgi_wrapper: fork: Resource temporarily unavailable
/usr/local/lsws/fcgi-bin/lswsgi_wrapper: fork: retry: Resource temporarily unavailable
/usr/local/lsws/fcgi-bin/lswsgi_wrapper: fork: retry: Resource temporarily unavailable
/usr/local/lsws/fcgi-bin/lswsgi_wrapper: fork: retry: Resource temporarily unavailable
/usr/local/lsws/fcgi-bin/lswsgi_wrapper: fork: retry: Resource temporarily unavailable
/usr/local/lsws/fcgi-bin/lswsgi_wrapper: fork: Resource temporarily unavailable
/usr/local/lsws/fcgi-bin/lswsgi_wrapper: fork: retry: Resource temporarily unavailable
/usr/local/lsws/fcgi-bin/lswsgi_wrapper: fork: retry: Resource temporarily unavailable
/usr/local/lsws/fcgi-bin/lswsgi_wrapper: fork: retry: Resource temporarily unavailable
/usr/local/lsws/fcgi-bin/lswsgi_wrapper: fork: retry: Resource temporarily unavailable
/usr/local/lsws/fcgi-bin/lswsgi_wrapper: fork: Resource temporarily unavailable
/usr/local/lsws/fcgi-bin/lswsgi_wrapper: fork: retry: Resource temporarily unavailable
/usr/local/lsws/fcgi-bin/lswsgi_wrapper: fork: retry: Resource temporarily unavailable
/usr/local/lsws/fcgi-bin/lswsgi_wrapper: fork: retry: Resource temporarily unavailable
/usr/local/lsws/fcgi-bin/lswsgi_wrapper: fork: retry: Resource temporarily unavailable
/usr/local/lsws/fcgi-bin/lswsgi_wrapper: fork: Resource temporarily unavailable
/usr/local/lsws/fcgi-bin/lswsgi_wrapper: fork: retry: Resource temporarily unavailable
/usr/local/lsws/fcgi-bin/lswsgi_wrapper: fork: retry: Resource temporarily unavailable
/usr/local/lsws/fcgi-bin/lswsgi_wrapper: fork: retry: Resource temporarily unavailable
/usr/local/lsws/fcgi-bin/lswsgi_wrapper: fork: retry: Resource temporarily unavailable
/usr/local/lsws/fcgi-bin/lswsgi_wrapper: fork: Resource temporarily unavailable
/usr/local/lsws/fcgi-bin/lswsgi_wrapper: fork: retry: Resource temporarily unavailable
/usr/local/lsws/fcgi-bin/lswsgi_wrapper: fork: retry: Resource temporarily unavailable
/usr/local/lsws/fcgi-bin/lswsgi_wrapper: fork: retry: Resource temporarily unavailable
/usr/local/lsws/fcgi-bin/lswsgi_wrapper: fork: retry: Resource temporarily unavailable
/usr/local/lsws/fcgi-bin/lswsgi_wrapper: fork: retry: Resource temporarily unavailable
/usr/local/lsws/fcgi-bin/lswsgi_wrapper: fork: retry: Resource temporarily unavailable
/usr/local/lsws/fcgi-bin/lswsgi_wrapper: fork: retry: Resource temporarily unavailable
/usr/local/lsws/fcgi-bin/lswsgi_wrapper: fork: retry: Resource temporarily unavailable
/usr/local/lsws/fcgi-bin/lswsgi_wrapper: fork: Resource temporarily unavailable
/usr/local/lsws/fcgi-bin/lswsgi_wrapper: fork: retry: Resource temporarily unavailable
/usr/local/lsws/fcgi-bin/lswsgi_wrapper: fork: retry: Resource temporarily unavailable
/usr/local/lsws/fcgi-bin/lswsgi_wrapper: fork: retry: Resource temporarily unavailable
/usr/local/lsws/fcgi-bin/lswsgi_wrapper: fork: retry: Resource temporarily unavailable
/usr/local/lsws/fcgi-bin/lswsgi_wrapper: fork: Resource temporarily unavailable
/usr/local/lsws/fcgi-bin/lswsgi_wrapper: fork: retry: Resource temporarily unavailable
/usr/local/lsws/fcgi-bin/lswsgi_wrapper: fork: retry: Resource temporarily unavailable
/usr/local/lsws/fcgi-bin/lswsgi_wrapper: fork: retry: Resource temporarily unavailable
/usr/local/lsws/fcgi-bin/lswsgi_wrapper: fork: retry: Resource temporarily unavailable
/usr/local/lsws/fcgi-bin/lswsgi_wrapper: fork: Resource temporarily unavailable
/usr/local/lsws/fcgi-bin/lswsgi_wrapper: fork: retry: Resource temporarily unavailable
/usr/local/lsws/fcgi-bin/lswsgi_wrapper: fork: retry: Resource temporarily unavailable
/usr/local/lsws/fcgi-bin/lswsgi_wrapper: fork: retry: Resource temporarily unavailable
/usr/local/lsws/fcgi-bin/lswsgi_wrapper: fork: retry: Resource temporarily unavailable
/usr/local/lsws/fcgi-bin/lswsgi_wrapper: fork: Resource temporarily unavailable
/usr/local/lsws/fcgi-bin/lswsgi_wrapper: fork: retry: Resource temporarily unavailable
/usr/local/lsws/fcgi-bin/lswsgi_wrapper: fork: retry: Resource temporarily unavailable
/usr/local/lsws/fcgi-bin/lswsgi_wrapper: fork: retry: Resource temporarily unavailable
/usr/local/lsws/fcgi-bin/lswsgi_wrapper: fork: retry: Resource temporarily unavailable
/usr/local/lsws/fcgi-bin/lswsgi_wrapper: fork: Resource temporarily unavailable
/usr/local/lsws/fcgi-bin/lswsgi_wrapper: fork: retry: Resource temporarily unavailable
/usr/local/lsws/fcgi-bin/lswsgi_wrapper: fork: retry: Resource temporarily unavailable
/usr/local/lsws/fcgi-bin/lswsgi_wrapper: fork: retry: Resource temporarily unavailable
/usr/local/lsws/fcgi-bin/lswsgi_wrapper: fork: retry: Resource temporarily unavailable
/usr/local/lsws/fcgi-bin/lswsgi_wrapper: fork: Resource temporarily unavailable
/usr/local/lsws/fcgi-bin/lswsgi_wrapper: fork: retry: Resource temporarily unavailable
/usr/local/lsws/fcgi-bin/lswsgi_wrapper: fork: retry: Resource temporarily unavailable
/usr/local/lsws/fcgi-bin/lswsgi_wrapper: fork: retry: Resource temporarily unavailable
/usr/local/lsws/fcgi-bin/lswsgi_wrapper: fork: retry: Resource temporarily unavailable
/usr/local/lsws/fcgi-bin/lswsgi_wrapper: fork: Resource temporarily unavailable
/usr/local/lsws/fcgi-bin/lswsgi_wrapper: fork: retry: Resource temporarily unavailable
/usr/local/lsws/fcgi-bin/lswsgi_wrapper: fork: retry: Resource temporarily unavailable
/usr/local/lsws/fcgi-bin/lswsgi_wrapper: fork: retry: Resource temporarily unavailable
/usr/local/lsws/fcgi-bin/lswsgi_wrapper: fork: retry: Resource temporarily unavailable
/usr/local/lsws/fcgi-bin/lswsgi_wrapper: fork: Resource temporarily unavailable
/usr/local/lsws/fcgi-bin/lswsgi_wrapper: fork: retry: Resource temporarily unavailable
/usr/local/lsws/fcgi-bin/lswsgi_wrapper: fork: retry: Resource temporarily unavailable
/usr/local/lsws/fcgi-bin/lswsgi_wrapper: fork: retry: Resource temporarily unavailable
/usr/local/lsws/fcgi-bin/lswsgi_wrapper: fork: retry: Resource temporarily unavailable
/usr/local/lsws/fcgi-bin/lswsgi_wrapper: fork: Resource temporarily unavailable
/usr/local/lsws/fcgi-bin/lswsgi_wrapper: fork: retry: Resource temporarily unavailable
/usr/local/lsws/fcgi-bin/lswsgi_wrapper: fork: retry: Resource temporarily unavailable
/usr/local/lsws/fcgi-bin/lswsgi_wrapper: fork: retry: Resource temporarily unavailable
/usr/local/lsws/fcgi-bin/lswsgi_wrapper: fork: retry: Resource temporarily unavailable
/usr/local/lsws/fcgi-bin/lswsgi_wrapper: fork: Resource temporarily unavailable
/usr/local/lsws/fcgi-bin/lswsgi_wrapper: fork: retry: Resource temporarily unavailable
/usr/local/lsws/fcgi-bin/lswsgi_wrapper: fork: retry: Resource temporarily unavailable
/usr/local/lsws/fcgi-bin/lswsgi_wrapper: fork: retry: Resource temporarily unavailable
/usr/local/lsws/fcgi-bin/lswsgi_wrapper: fork: retry: Resource temporarily unavailable
/usr/local/lsws/fcgi-bin/lswsgi_wrapper: fork: Resource temporarily unavailable
/usr/local/lsws/fcgi-bin/lswsgi_wrapper: fork: retry: Resource temporarily unavailable
/usr/local/lsws/fcgi-bin/lswsgi_wrapper: fork: retry: Resource temporarily unavailable
/usr/local/lsws/fcgi-bin/lswsgi_wrapper: fork: retry: Resource temporarily unavailable
/usr/local/lsws/fcgi-bin/lswsgi_wrapper: fork: retry: Resource temporarily unavailable
/usr/local/lsws/fcgi-bin/lswsgi_wrapper: fork: Resource temporarily unavailable
/usr/local/lsws/fcgi-bin/lswsgi_wrapper: fork: retry: Resource temporarily unavailable
/usr/local/lsws/fcgi-bin/lswsgi_wrapper: fork: retry: Resource temporarily unavailable
/usr/local/lsws/fcgi-bin/lswsgi_wrapper: fork: retry: Resource temporarily unavailable
/usr/local/lsws/fcgi-bin/lswsgi_wrapper: fork: retry: Resource temporarily unavailable
/usr/local/lsws/fcgi-bin/lswsgi_wrapper: fork: Resource temporarily unavailable
/usr/local/lsws/fcgi-bin/lswsgi_wrapper: fork: retry: Resource temporarily unavailable
/usr/local/lsws/fcgi-bin/lswsgi_wrapper: fork: retry: Resource temporarily unavailable
/usr/local/lsws/fcgi-bin/lswsgi_wrapper: fork: retry: Resource temporarily unavailable
/usr/local/lsws/fcgi-bin/lswsgi_wrapper: fork: retry: Resource temporarily unavailable
/usr/local/lsws/fcgi-bin/lswsgi_wrapper: fork: Resource temporarily unavailable
/usr/local/lsws/fcgi-bin/lswsgi_wrapper: fork: retry: Resource temporarily unavailable
/usr/local/lsws/fcgi-bin/lswsgi_wrapper: fork: retry: Resource temporarily unavailable
/usr/local/lsws/fcgi-bin/lswsgi_wrapper: fork: retry: Resource temporarily unavailable
/usr/local/lsws/fcgi-bin/lswsgi_wrapper: fork: retry: Resource temporarily unavailable
/usr/local/lsws/fcgi-bin/lswsgi_wrapper: fork: Resource temporarily unavailable
[UID:5357][585059] fork() failed, please increase process limit, errno: 11 (Resource temporarily unavailable)
[UID:5357][585059] fork() failed, please increase process limit, errno: 11 (Resource temporarily unavailable)
[UID:5357][585059] fork() failed, please increase process limit, errno: 11 (Resource temporarily unavailable)
[UID:5357][585059] fork() failed, please increase process limit, errno: 11 (Resource temporarily unavailable)
[UID:5357][585059] fork() failed, please increase process limit, errno: 11 (Resource temporarily unavailable)
[UID:5357][585059] fork() failed, please increase process limit, errno: 11 (Resource temporarily unavailable)
[UID:5357][585059] fork() failed, please increase process limit, errno: 11 (Resource temporarily unavailable)
[UID:5357][585059] fork() failed, please increase process limit, errno: 11 (Resource temporarily unavailable)
[UID:5357][585059] fork() failed, please increase process limit, errno: 11 (Resource temporarily unavailable)
[UID:5357][585059] fork() failed, please increase process limit, errno: 11 (Resource temporarily unavailable)
[UID:5357][585059] fork() failed, please increase process limit, errno: 11 (Resource temporarily unavailable)
[UID:5357][585059] fork() failed, please increase process limit, errno: 11 (Resource temporarily unavailable)
[UID:5357][585059] fork() failed, please increase process limit, errno: 11 (Resource temporarily unavailable)
[UID:5357][585059] fork() failed, please increase process limit, errno: 11 (Resource temporarily unavailable)
[UID:5357][585059] fork() failed, please increase process limit, errno: 11 (Resource temporarily unavailable)
[UID:5357][585059] fork() failed, please increase process limit, errno: 11 (Resource temporarily unavailable)
[UID:5357][585059] fork() failed, please increase process limit, errno: 11 (Resource temporarily unavailable)
[UID:5357][585059] fork() failed, please increase process limit, errno: 11 (Resource temporarily unavailable)
[UID:5357][585059] fork() failed, please increase process limit, errno: 11 (Resource temporarily unavailable)
[UID:5357][585059] fork() failed, please increase process limit, errno: 11 (Resource temporarily unavailable)
[UID:5357][585059] fork() failed, please increase process limit, errno: 11 (Resource temporarily unavailable)
[UID:5357][585059] fork() failed, please increase process limit, errno: 11 (Resource temporarily unavailable)
[UID:5357][585059] fork() failed, please increase process limit, errno: 11 (Resource temporarily unavailable)
[UID:5357][585059] fork() failed, please increase process limit, errno: 11 (Resource temporarily unavailable)
[UID:5357][1094753] fork() failed, please increase process limit, errno: 11 (Resource temporarily unavailable)
[UID:5357][1094753] fork() failed, please increase process limit, errno: 11 (Resource temporarily unavailable)
[UID:5357][1094753] fork() failed, please increase process limit, errno: 11 (Resource temporarily unavailable)
[UID:5357][585059] fork() failed, please increase process limit, errno: 11 (Resource temporarily unavailable)
[UID:5357][585059] fork() failed, please increase process limit, errno: 11 (Resource temporarily unavailable)
[UID:5357][585059] fork() failed, please increase process limit, errno: 11 (Resource temporarily unavailable)
Not Found: /
Not Found: /favicon.ico
Internal Server Error: /admin/
Traceback (most recent call last):
  File "/home1/picpixels/virtualenv/admin.picpixels.com/3.11/lib/python3.11/site-packages/django/db/backends/utils.py", line 105, in _execute
    return self.cursor.execute(sql, params)
           ^^^^^^^^^^^^^^^^^^^^^^^^^^^^^^^^
  File "/home1/picpixels/virtualenv/admin.picpixels.com/3.11/lib/python3.11/site-packages/django/db/backends/sqlite3/base.py", line 354, in execute
    return super().execute(query, params)
           ^^^^^^^^^^^^^^^^^^^^^^^^^^^^^^
sqlite3.OperationalError: no such column: cms_blogpost.featured_image_alt

The above exception was the direct cause of the following exception:

Traceback (most recent call last):
  File "/home1/picpixels/virtualenv/admin.picpixels.com/3.11/lib/python3.11/site-packages/django/core/handlers/exception.py", line 55, in inner
    response = get_response(request)
               ^^^^^^^^^^^^^^^^^^^^^
  File "/home1/picpixels/virtualenv/admin.picpixels.com/3.11/lib/python3.11/site-packages/django/core/handlers/base.py", line 220, in _get_response
    response = response.render()
               ^^^^^^^^^^^^^^^^^
  File "/home1/picpixels/virtualenv/admin.picpixels.com/3.11/lib/python3.11/site-packages/django/template/response.py", line 114, in render
    self.content = self.rendered_content
                   ^^^^^^^^^^^^^^^^^^^^^
  File "/home1/picpixels/virtualenv/admin.picpixels.com/3.11/lib/python3.11/site-packages/django/template/response.py", line 92, in rendered_content
    return template.render(context, self._request)
           ^^^^^^^^^^^^^^^^^^^^^^^^^^^^^^^^^^^^^^^
  File "/home1/picpixels/virtualenv/admin.picpixels.com/3.11/lib/python3.11/site-packages/django/template/backends/django.py", line 107, in render
    return self.template.render(context)
           ^^^^^^^^^^^^^^^^^^^^^^^^^^^^^
  File "/home1/picpixels/virtualenv/admin.picpixels.com/3.11/lib/python3.11/site-packages/django/template/base.py", line 171, in render
    return self._render(context)
           ^^^^^^^^^^^^^^^^^^^^^
  File "/home1/picpixels/virtualenv/admin.picpixels.com/3.11/lib/python3.11/site-packages/django/template/base.py", line 163, in _render
    return self.nodelist.render(context)
           ^^^^^^^^^^^^^^^^^^^^^^^^^^^^^
  File "/home1/picpixels/virtualenv/admin.picpixels.com/3.11/lib/python3.11/site-packages/django/template/base.py", line 1008, in render
    return SafeString("".join([node.render_annotated(context) for node in self]))
                              ^^^^^^^^^^^^^^^^^^^^^^^^^^^^^^^^^^^^^^^^^^^^^^^^^
  File "/home1/picpixels/virtualenv/admin.picpixels.com/3.11/lib/python3.11/site-packages/django/template/base.py", line 1008, in <listcomp>
    return SafeString("".join([node.render_annotated(context) for node in self]))
                               ^^^^^^^^^^^^^^^^^^^^^^^^^^^^^^
  File "/home1/picpixels/virtualenv/admin.picpixels.com/3.11/lib/python3.11/site-packages/django/template/base.py", line 969, in render_annotated
    return self.render(context)
           ^^^^^^^^^^^^^^^^^^^^
  File "/home1/picpixels/virtualenv/admin.picpixels.com/3.11/lib/python3.11/site-packages/django/template/loader_tags.py", line 159, in render
    return compiled_parent._render(context)
           ^^^^^^^^^^^^^^^^^^^^^^^^^^^^^^^^
  File "/home1/picpixels/virtualenv/admin.picpixels.com/3.11/lib/python3.11/site-packages/django/template/base.py", line 163, in _render
    return self.nodelist.render(context)
           ^^^^^^^^^^^^^^^^^^^^^^^^^^^^^
  File "/home1/picpixels/virtualenv/admin.picpixels.com/3.11/lib/python3.11/site-packages/django/template/base.py", line 1008, in render
    return SafeString("".join([node.render_annotated(context) for node in self]))
                              ^^^^^^^^^^^^^^^^^^^^^^^^^^^^^^^^^^^^^^^^^^^^^^^^^
  File "/home1/picpixels/virtualenv/admin.picpixels.com/3.11/lib/python3.11/site-packages/django/template/base.py", line 1008, in <listcomp>
    return SafeString("".join([node.render_annotated(context) for node in self]))
                               ^^^^^^^^^^^^^^^^^^^^^^^^^^^^^^
  File "/home1/picpixels/virtualenv/admin.picpixels.com/3.11/lib/python3.11/site-packages/django/template/base.py", line 969, in render_annotated
    return self.render(context)
           ^^^^^^^^^^^^^^^^^^^^
  File "/home1/picpixels/virtualenv/admin.picpixels.com/3.11/lib/python3.11/site-packages/django/template/loader_tags.py", line 159, in render
    return compiled_parent._render(context)
           ^^^^^^^^^^^^^^^^^^^^^^^^^^^^^^^^
  File "/home1/picpixels/virtualenv/admin.picpixels.com/3.11/lib/python3.11/site-packages/django/template/base.py", line 163, in _render
    return self.nodelist.render(context)
           ^^^^^^^^^^^^^^^^^^^^^^^^^^^^^
  File "/home1/picpixels/virtualenv/admin.picpixels.com/3.11/lib/python3.11/site-packages/django/template/base.py", line 1008, in render
    return SafeString("".join([node.render_annotated(context) for node in self]))
                              ^^^^^^^^^^^^^^^^^^^^^^^^^^^^^^^^^^^^^^^^^^^^^^^^^
  File "/home1/picpixels/virtualenv/admin.picpixels.com/3.11/lib/python3.11/site-packages/django/template/base.py", line 1008, in <listcomp>
    return SafeString("".join([node.render_annotated(context) for node in self]))
                               ^^^^^^^^^^^^^^^^^^^^^^^^^^^^^^
  File "/home1/picpixels/virtualenv/admin.picpixels.com/3.11/lib/python3.11/site-packages/django/template/base.py", line 969, in render_annotated
    return self.render(context)
           ^^^^^^^^^^^^^^^^^^^^
  File "/home1/picpixels/virtualenv/admin.picpixels.com/3.11/lib/python3.11/site-packages/django/template/loader_tags.py", line 159, in render
    return compiled_parent._render(context)
           ^^^^^^^^^^^^^^^^^^^^^^^^^^^^^^^^
  File "/home1/picpixels/virtualenv/admin.picpixels.com/3.11/lib/python3.11/site-packages/django/template/base.py", line 163, in _render
    return self.nodelist.render(context)
           ^^^^^^^^^^^^^^^^^^^^^^^^^^^^^
  File "/home1/picpixels/virtualenv/admin.picpixels.com/3.11/lib/python3.11/site-packages/django/template/base.py", line 1008, in render
    return SafeString("".join([node.render_annotated(context) for node in self]))
                              ^^^^^^^^^^^^^^^^^^^^^^^^^^^^^^^^^^^^^^^^^^^^^^^^^
  File "/home1/picpixels/virtualenv/admin.picpixels.com/3.11/lib/python3.11/site-packages/django/template/base.py", line 1008, in <listcomp>
    return SafeString("".join([node.render_annotated(context) for node in self]))
                               ^^^^^^^^^^^^^^^^^^^^^^^^^^^^^^
  File "/home1/picpixels/virtualenv/admin.picpixels.com/3.11/lib/python3.11/site-packages/django/template/base.py", line 969, in render_annotated
    return self.render(context)
           ^^^^^^^^^^^^^^^^^^^^
  File "/home1/picpixels/virtualenv/admin.picpixels.com/3.11/lib/python3.11/site-packages/django/template/loader_tags.py", line 65, in render
    result = block.nodelist.render(context)
             ^^^^^^^^^^^^^^^^^^^^^^^^^^^^^^
  File "/home1/picpixels/virtualenv/admin.picpixels.com/3.11/lib/python3.11/site-packages/django/template/base.py", line 1008, in render
    return SafeString("".join([node.render_annotated(context) for node in self]))
                              ^^^^^^^^^^^^^^^^^^^^^^^^^^^^^^^^^^^^^^^^^^^^^^^^^
  File "/home1/picpixels/virtualenv/admin.picpixels.com/3.11/lib/python3.11/site-packages/django/template/base.py", line 1008, in <listcomp>
    return SafeString("".join([node.render_annotated(context) for node in self]))
                               ^^^^^^^^^^^^^^^^^^^^^^^^^^^^^^
  File "/home1/picpixels/virtualenv/admin.picpixels.com/3.11/lib/python3.11/site-packages/django/template/base.py", line 969, in render_annotated
    return self.render(context)
           ^^^^^^^^^^^^^^^^^^^^
  File "/home1/picpixels/virtualenv/admin.picpixels.com/3.11/lib/python3.11/site-packages/django/template/loader_tags.py", line 65, in render
    result = block.nodelist.render(context)
             ^^^^^^^^^^^^^^^^^^^^^^^^^^^^^^
  File "/home1/picpixels/virtualenv/admin.picpixels.com/3.11/lib/python3.11/site-packages/django/template/base.py", line 1008, in render
    return SafeString("".join([node.render_annotated(context) for node in self]))
                              ^^^^^^^^^^^^^^^^^^^^^^^^^^^^^^^^^^^^^^^^^^^^^^^^^
  File "/home1/picpixels/virtualenv/admin.picpixels.com/3.11/lib/python3.11/site-packages/django/template/base.py", line 1008, in <listcomp>
    return SafeString("".join([node.render_annotated(context) for node in self]))
                               ^^^^^^^^^^^^^^^^^^^^^^^^^^^^^^
  File "/home1/picpixels/virtualenv/admin.picpixels.com/3.11/lib/python3.11/site-packages/django/template/base.py", line 969, in render_annotated
    return self.render(context)
           ^^^^^^^^^^^^^^^^^^^^
  File "/home1/picpixels/virtualenv/admin.picpixels.com/3.11/lib/python3.11/site-packages/django/template/defaulttags.py", line 327, in render
    return nodelist.render(context)
           ^^^^^^^^^^^^^^^^^^^^^^^^
  File "/home1/picpixels/virtualenv/admin.picpixels.com/3.11/lib/python3.11/site-packages/django/template/base.py", line 1008, in render
    return SafeString("".join([node.render_annotated(context) for node in self]))
                              ^^^^^^^^^^^^^^^^^^^^^^^^^^^^^^^^^^^^^^^^^^^^^^^^^
  File "/home1/picpixels/virtualenv/admin.picpixels.com/3.11/lib/python3.11/site-packages/django/template/base.py", line 1008, in <listcomp>
    return SafeString("".join([node.render_annotated(context) for node in self]))
                               ^^^^^^^^^^^^^^^^^^^^^^^^^^^^^^
  File "/home1/picpixels/virtualenv/admin.picpixels.com/3.11/lib/python3.11/site-packages/django/template/base.py", line 969, in render_annotated
    return self.render(context)
           ^^^^^^^^^^^^^^^^^^^^
  File "/home1/picpixels/virtualenv/admin.picpixels.com/3.11/lib/python3.11/site-packages/django/template/defaulttags.py", line 550, in render
    return self.nodelist.render(context)
           ^^^^^^^^^^^^^^^^^^^^^^^^^^^^^
  File "/home1/picpixels/virtualenv/admin.picpixels.com/3.11/lib/python3.11/site-packages/django/template/base.py", line 1008, in render
    return SafeString("".join([node.render_annotated(context) for node in self]))
                              ^^^^^^^^^^^^^^^^^^^^^^^^^^^^^^^^^^^^^^^^^^^^^^^^^
  File "/home1/picpixels/virtualenv/admin.picpixels.com/3.11/lib/python3.11/site-packages/django/template/base.py", line 1008, in <listcomp>
    return SafeString("".join([node.render_annotated(context) for node in self]))
                               ^^^^^^^^^^^^^^^^^^^^^^^^^^^^^^
  File "/home1/picpixels/virtualenv/admin.picpixels.com/3.11/lib/python3.11/site-packages/django/template/base.py", line 969, in render_annotated
    return self.render(context)
           ^^^^^^^^^^^^^^^^^^^^
  File "/home1/picpixels/virtualenv/admin.picpixels.com/3.11/lib/python3.11/site-packages/django/template/defaulttags.py", line 326, in render
    if match:
  File "/home1/picpixels/virtualenv/admin.picpixels.com/3.11/lib/python3.11/site-packages/django/db/models/query.py", line 414, in __bool__
    self._fetch_all()
  File "/home1/picpixels/virtualenv/admin.picpixels.com/3.11/lib/python3.11/site-packages/django/db/models/query.py", line 1928, in _fetch_all
    self._result_cache = list(self._iterable_class(self))
                         ^^^^^^^^^^^^^^^^^^^^^^^^^^^^^^^^
  File "/home1/picpixels/virtualenv/admin.picpixels.com/3.11/lib/python3.11/site-packages/django/db/models/query.py", line 91, in __iter__
    results = compiler.execute_sql(
              ^^^^^^^^^^^^^^^^^^^^^
  File "/home1/picpixels/virtualenv/admin.picpixels.com/3.11/lib/python3.11/site-packages/django/db/models/sql/compiler.py", line 1574, in execute_sql
    cursor.execute(sql, params)
  File "/home1/picpixels/virtualenv/admin.picpixels.com/3.11/lib/python3.11/site-packages/django/db/backends/utils.py", line 122, in execute
    return super().execute(sql, params)
           ^^^^^^^^^^^^^^^^^^^^^^^^^^^^
  File "/home1/picpixels/virtualenv/admin.picpixels.com/3.11/lib/python3.11/site-packages/django/db/backends/utils.py", line 79, in execute
    return self._execute_with_wrappers(
           ^^^^^^^^^^^^^^^^^^^^^^^^^^^^
  File "/home1/picpixels/virtualenv/admin.picpixels.com/3.11/lib/python3.11/site-packages/django/db/backends/utils.py", line 92, in _execute_with_wrappers
    return executor(sql, params, many, context)
           ^^^^^^^^^^^^^^^^^^^^^^^^^^^^^^^^^^^^
  File "/home1/picpixels/virtualenv/admin.picpixels.com/3.11/lib/python3.11/site-packages/django/db/backends/utils.py", line 100, in _execute
    with self.db.wrap_database_errors:
  File "/home1/picpixels/virtualenv/admin.picpixels.com/3.11/lib/python3.11/site-packages/django/db/utils.py", line 91, in __exit__
    raise dj_exc_value.with_traceback(traceback) from exc_value
  File "/home1/picpixels/virtualenv/admin.picpixels.com/3.11/lib/python3.11/site-packages/django/db/backends/utils.py", line 105, in _execute
    return self.cursor.execute(sql, params)
           ^^^^^^^^^^^^^^^^^^^^^^^^^^^^^^^^
  File "/home1/picpixels/virtualenv/admin.picpixels.com/3.11/lib/python3.11/site-packages/django/db/backends/sqlite3/base.py", line 354, in execute
    return super().execute(query, params)
           ^^^^^^^^^^^^^^^^^^^^^^^^^^^^^^
django.db.utils.OperationalError: no such column: cms_blogpost.featured_image_alt
Internal Server Error: /admin/
Traceback (most recent call last):
  File "/home1/picpixels/virtualenv/admin.picpixels.com/3.11/lib/python3.11/site-packages/django/db/backends/utils.py", line 105, in _execute
    return self.cursor.execute(sql, params)
           ^^^^^^^^^^^^^^^^^^^^^^^^^^^^^^^^
  File "/home1/picpixels/virtualenv/admin.picpixels.com/3.11/lib/python3.11/site-packages/django/db/backends/sqlite3/base.py", line 354, in execute
    return super().execute(query, params)
           ^^^^^^^^^^^^^^^^^^^^^^^^^^^^^^
sqlite3.OperationalError: no such column: cms_blogpost.featured_image_alt

The above exception was the direct cause of the following exception:

Traceback (most recent call last):
  File "/home1/picpixels/virtualenv/admin.picpixels.com/3.11/lib/python3.11/site-packages/django/core/handlers/exception.py", line 55, in inner
    response = get_response(request)
               ^^^^^^^^^^^^^^^^^^^^^
  File "/home1/picpixels/virtualenv/admin.picpixels.com/3.11/lib/python3.11/site-packages/django/core/handlers/base.py", line 220, in _get_response
    response = response.render()
               ^^^^^^^^^^^^^^^^^
  File "/home1/picpixels/virtualenv/admin.picpixels.com/3.11/lib/python3.11/site-packages/django/template/response.py", line 114, in render
    self.content = self.rendered_content
                   ^^^^^^^^^^^^^^^^^^^^^
  File "/home1/picpixels/virtualenv/admin.picpixels.com/3.11/lib/python3.11/site-packages/django/template/response.py", line 92, in rendered_content
    return template.render(context, self._request)
           ^^^^^^^^^^^^^^^^^^^^^^^^^^^^^^^^^^^^^^^
  File "/home1/picpixels/virtualenv/admin.picpixels.com/3.11/lib/python3.11/site-packages/django/template/backends/django.py", line 107, in render
    return self.template.render(context)
           ^^^^^^^^^^^^^^^^^^^^^^^^^^^^^
  File "/home1/picpixels/virtualenv/admin.picpixels.com/3.11/lib/python3.11/site-packages/django/template/base.py", line 171, in render
    return self._render(context)
           ^^^^^^^^^^^^^^^^^^^^^
  File "/home1/picpixels/virtualenv/admin.picpixels.com/3.11/lib/python3.11/site-packages/django/template/base.py", line 163, in _render
    return self.nodelist.render(context)
           ^^^^^^^^^^^^^^^^^^^^^^^^^^^^^
  File "/home1/picpixels/virtualenv/admin.picpixels.com/3.11/lib/python3.11/site-packages/django/template/base.py", line 1008, in render
    return SafeString("".join([node.render_annotated(context) for node in self]))
                              ^^^^^^^^^^^^^^^^^^^^^^^^^^^^^^^^^^^^^^^^^^^^^^^^^
  File "/home1/picpixels/virtualenv/admin.picpixels.com/3.11/lib/python3.11/site-packages/django/template/base.py", line 1008, in <listcomp>
    return SafeString("".join([node.render_annotated(context) for node in self]))
                               ^^^^^^^^^^^^^^^^^^^^^^^^^^^^^^
  File "/home1/picpixels/virtualenv/admin.picpixels.com/3.11/lib/python3.11/site-packages/django/template/base.py", line 969, in render_annotated
    return self.render(context)
           ^^^^^^^^^^^^^^^^^^^^
  File "/home1/picpixels/virtualenv/admin.picpixels.com/3.11/lib/python3.11/site-packages/django/template/loader_tags.py", line 159, in render
    return compiled_parent._render(context)
           ^^^^^^^^^^^^^^^^^^^^^^^^^^^^^^^^
  File "/home1/picpixels/virtualenv/admin.picpixels.com/3.11/lib/python3.11/site-packages/django/template/base.py", line 163, in _render
    return self.nodelist.render(context)
           ^^^^^^^^^^^^^^^^^^^^^^^^^^^^^
  File "/home1/picpixels/virtualenv/admin.picpixels.com/3.11/lib/python3.11/site-packages/django/template/base.py", line 1008, in render
    return SafeString("".join([node.render_annotated(context) for node in self]))
                              ^^^^^^^^^^^^^^^^^^^^^^^^^^^^^^^^^^^^^^^^^^^^^^^^^
  File "/home1/picpixels/virtualenv/admin.picpixels.com/3.11/lib/python3.11/site-packages/django/template/base.py", line 1008, in <listcomp>
    return SafeString("".join([node.render_annotated(context) for node in self]))
                               ^^^^^^^^^^^^^^^^^^^^^^^^^^^^^^
  File "/home1/picpixels/virtualenv/admin.picpixels.com/3.11/lib/python3.11/site-packages/django/template/base.py", line 969, in render_annotated
    return self.render(context)
           ^^^^^^^^^^^^^^^^^^^^
  File "/home1/picpixels/virtualenv/admin.picpixels.com/3.11/lib/python3.11/site-packages/django/template/loader_tags.py", line 159, in render
    return compiled_parent._render(context)
           ^^^^^^^^^^^^^^^^^^^^^^^^^^^^^^^^
  File "/home1/picpixels/virtualenv/admin.picpixels.com/3.11/lib/python3.11/site-packages/django/template/base.py", line 163, in _render
    return self.nodelist.render(context)
           ^^^^^^^^^^^^^^^^^^^^^^^^^^^^^
  File "/home1/picpixels/virtualenv/admin.picpixels.com/3.11/lib/python3.11/site-packages/django/template/base.py", line 1008, in render
    return SafeString("".join([node.render_annotated(context) for node in self]))
                              ^^^^^^^^^^^^^^^^^^^^^^^^^^^^^^^^^^^^^^^^^^^^^^^^^
  File "/home1/picpixels/virtualenv/admin.picpixels.com/3.11/lib/python3.11/site-packages/django/template/base.py", line 1008, in <listcomp>
    return SafeString("".join([node.render_annotated(context) for node in self]))
                               ^^^^^^^^^^^^^^^^^^^^^^^^^^^^^^
  File "/home1/picpixels/virtualenv/admin.picpixels.com/3.11/lib/python3.11/site-packages/django/template/base.py", line 969, in render_annotated
    return self.render(context)
           ^^^^^^^^^^^^^^^^^^^^
  File "/home1/picpixels/virtualenv/admin.picpixels.com/3.11/lib/python3.11/site-packages/django/template/loader_tags.py", line 159, in render
    return compiled_parent._render(context)
           ^^^^^^^^^^^^^^^^^^^^^^^^^^^^^^^^
  File "/home1/picpixels/virtualenv/admin.picpixels.com/3.11/lib/python3.11/site-packages/django/template/base.py", line 163, in _render
    return self.nodelist.render(context)
           ^^^^^^^^^^^^^^^^^^^^^^^^^^^^^
  File "/home1/picpixels/virtualenv/admin.picpixels.com/3.11/lib/python3.11/site-packages/django/template/base.py", line 1008, in render
    return SafeString("".join([node.render_annotated(context) for node in self]))
                              ^^^^^^^^^^^^^^^^^^^^^^^^^^^^^^^^^^^^^^^^^^^^^^^^^
  File "/home1/picpixels/virtualenv/admin.picpixels.com/3.11/lib/python3.11/site-packages/django/template/base.py", line 1008, in <listcomp>
    return SafeString("".join([node.render_annotated(context) for node in self]))
                               ^^^^^^^^^^^^^^^^^^^^^^^^^^^^^^
  File "/home1/picpixels/virtualenv/admin.picpixels.com/3.11/lib/python3.11/site-packages/django/template/base.py", line 969, in render_annotated
    return self.render(context)
           ^^^^^^^^^^^^^^^^^^^^
  File "/home1/picpixels/virtualenv/admin.picpixels.com/3.11/lib/python3.11/site-packages/django/template/loader_tags.py", line 65, in render
    result = block.nodelist.render(context)
             ^^^^^^^^^^^^^^^^^^^^^^^^^^^^^^
  File "/home1/picpixels/virtualenv/admin.picpixels.com/3.11/lib/python3.11/site-packages/django/template/base.py", line 1008, in render
    return SafeString("".join([node.render_annotated(context) for node in self]))
                              ^^^^^^^^^^^^^^^^^^^^^^^^^^^^^^^^^^^^^^^^^^^^^^^^^
  File "/home1/picpixels/virtualenv/admin.picpixels.com/3.11/lib/python3.11/site-packages/django/template/base.py", line 1008, in <listcomp>
    return SafeString("".join([node.render_annotated(context) for node in self]))
                               ^^^^^^^^^^^^^^^^^^^^^^^^^^^^^^
  File "/home1/picpixels/virtualenv/admin.picpixels.com/3.11/lib/python3.11/site-packages/django/template/base.py", line 969, in render_annotated
    return self.render(context)
           ^^^^^^^^^^^^^^^^^^^^
  File "/home1/picpixels/virtualenv/admin.picpixels.com/3.11/lib/python3.11/site-packages/django/template/loader_tags.py", line 65, in render
    result = block.nodelist.render(context)
             ^^^^^^^^^^^^^^^^^^^^^^^^^^^^^^
  File "/home1/picpixels/virtualenv/admin.picpixels.com/3.11/lib/python3.11/site-packages/django/template/base.py", line 1008, in render
    return SafeString("".join([node.render_annotated(context) for node in self]))
                              ^^^^^^^^^^^^^^^^^^^^^^^^^^^^^^^^^^^^^^^^^^^^^^^^^
  File "/home1/picpixels/virtualenv/admin.picpixels.com/3.11/lib/python3.11/site-packages/django/template/base.py", line 1008, in <listcomp>
    return SafeString("".join([node.render_annotated(context) for node in self]))
                               ^^^^^^^^^^^^^^^^^^^^^^^^^^^^^^
  File "/home1/picpixels/virtualenv/admin.picpixels.com/3.11/lib/python3.11/site-packages/django/template/base.py", line 969, in render_annotated
    return self.render(context)
           ^^^^^^^^^^^^^^^^^^^^
  File "/home1/picpixels/virtualenv/admin.picpixels.com/3.11/lib/python3.11/site-packages/django/template/defaulttags.py", line 327, in render
    return nodelist.render(context)
           ^^^^^^^^^^^^^^^^^^^^^^^^
  File "/home1/picpixels/virtualenv/admin.picpixels.com/3.11/lib/python3.11/site-packages/django/template/base.py", line 1008, in render
    return SafeString("".join([node.render_annotated(context) for node in self]))
                              ^^^^^^^^^^^^^^^^^^^^^^^^^^^^^^^^^^^^^^^^^^^^^^^^^
  File "/home1/picpixels/virtualenv/admin.picpixels.com/3.11/lib/python3.11/site-packages/django/template/base.py", line 1008, in <listcomp>
    return SafeString("".join([node.render_annotated(context) for node in self]))
                               ^^^^^^^^^^^^^^^^^^^^^^^^^^^^^^
  File "/home1/picpixels/virtualenv/admin.picpixels.com/3.11/lib/python3.11/site-packages/django/template/base.py", line 969, in render_annotated
    return self.render(context)
           ^^^^^^^^^^^^^^^^^^^^
  File "/home1/picpixels/virtualenv/admin.picpixels.com/3.11/lib/python3.11/site-packages/django/template/defaulttags.py", line 550, in render
    return self.nodelist.render(context)
           ^^^^^^^^^^^^^^^^^^^^^^^^^^^^^
  File "/home1/picpixels/virtualenv/admin.picpixels.com/3.11/lib/python3.11/site-packages/django/template/base.py", line 1008, in render
    return SafeString("".join([node.render_annotated(context) for node in self]))
                              ^^^^^^^^^^^^^^^^^^^^^^^^^^^^^^^^^^^^^^^^^^^^^^^^^
  File "/home1/picpixels/virtualenv/admin.picpixels.com/3.11/lib/python3.11/site-packages/django/template/base.py", line 1008, in <listcomp>
    return SafeString("".join([node.render_annotated(context) for node in self]))
                               ^^^^^^^^^^^^^^^^^^^^^^^^^^^^^^
  File "/home1/picpixels/virtualenv/admin.picpixels.com/3.11/lib/python3.11/site-packages/django/template/base.py", line 969, in render_annotated
    return self.render(context)
           ^^^^^^^^^^^^^^^^^^^^
  File "/home1/picpixels/virtualenv/admin.picpixels.com/3.11/lib/python3.11/site-packages/django/template/defaulttags.py", line 326, in render
    if match:
  File "/home1/picpixels/virtualenv/admin.picpixels.com/3.11/lib/python3.11/site-packages/django/db/models/query.py", line 414, in __bool__
    self._fetch_all()
  File "/home1/picpixels/virtualenv/admin.picpixels.com/3.11/lib/python3.11/site-packages/django/db/models/query.py", line 1928, in _fetch_all
    self._result_cache = list(self._iterable_class(self))
                         ^^^^^^^^^^^^^^^^^^^^^^^^^^^^^^^^
  File "/home1/picpixels/virtualenv/admin.picpixels.com/3.11/lib/python3.11/site-packages/django/db/models/query.py", line 91, in __iter__
    results = compiler.execute_sql(
              ^^^^^^^^^^^^^^^^^^^^^
  File "/home1/picpixels/virtualenv/admin.picpixels.com/3.11/lib/python3.11/site-packages/django/db/models/sql/compiler.py", line 1574, in execute_sql
    cursor.execute(sql, params)
  File "/home1/picpixels/virtualenv/admin.picpixels.com/3.11/lib/python3.11/site-packages/django/db/backends/utils.py", line 122, in execute
    return super().execute(sql, params)
           ^^^^^^^^^^^^^^^^^^^^^^^^^^^^
  File "/home1/picpixels/virtualenv/admin.picpixels.com/3.11/lib/python3.11/site-packages/django/db/backends/utils.py", line 79, in execute
    return self._execute_with_wrappers(
           ^^^^^^^^^^^^^^^^^^^^^^^^^^^^
  File "/home1/picpixels/virtualenv/admin.picpixels.com/3.11/lib/python3.11/site-packages/django/db/backends/utils.py", line 92, in _execute_with_wrappers
    return executor(sql, params, many, context)
           ^^^^^^^^^^^^^^^^^^^^^^^^^^^^^^^^^^^^
  File "/home1/picpixels/virtualenv/admin.picpixels.com/3.11/lib/python3.11/site-packages/django/db/backends/utils.py", line 100, in _execute
    with self.db.wrap_database_errors:
  File "/home1/picpixels/virtualenv/admin.picpixels.com/3.11/lib/python3.11/site-packages/django/db/utils.py", line 91, in __exit__
    raise dj_exc_value.with_traceback(traceback) from exc_value
  File "/home1/picpixels/virtualenv/admin.picpixels.com/3.11/lib/python3.11/site-packages/django/db/backends/utils.py", line 105, in _execute
    return self.cursor.execute(sql, params)
           ^^^^^^^^^^^^^^^^^^^^^^^^^^^^^^^^
  File "/home1/picpixels/virtualenv/admin.picpixels.com/3.11/lib/python3.11/site-packages/django/db/backends/sqlite3/base.py", line 354, in execute
    return super().execute(query, params)
           ^^^^^^^^^^^^^^^^^^^^^^^^^^^^^^
django.db.utils.OperationalError: no such column: cms_blogpost.featured_image_alt
Internal Server Error: /admin/
Traceback (most recent call last):
  File "/home1/picpixels/virtualenv/admin.picpixels.com/3.11/lib/python3.11/site-packages/django/db/backends/utils.py", line 105, in _execute
    return self.cursor.execute(sql, params)
           ^^^^^^^^^^^^^^^^^^^^^^^^^^^^^^^^
  File "/home1/picpixels/virtualenv/admin.picpixels.com/3.11/lib/python3.11/site-packages/django/db/backends/sqlite3/base.py", line 354, in execute
    return super().execute(query, params)
           ^^^^^^^^^^^^^^^^^^^^^^^^^^^^^^
sqlite3.OperationalError: no such column: cms_blogpost.featured_image_alt

The above exception was the direct cause of the following exception:

Traceback (most recent call last):
  File "/home1/picpixels/virtualenv/admin.picpixels.com/3.11/lib/python3.11/site-packages/django/core/handlers/exception.py", line 55, in inner
    response = get_response(request)
               ^^^^^^^^^^^^^^^^^^^^^
  File "/home1/picpixels/virtualenv/admin.picpixels.com/3.11/lib/python3.11/site-packages/django/core/handlers/base.py", line 220, in _get_response
    response = response.render()
               ^^^^^^^^^^^^^^^^^
  File "/home1/picpixels/virtualenv/admin.picpixels.com/3.11/lib/python3.11/site-packages/django/template/response.py", line 114, in render
    self.content = self.rendered_content
                   ^^^^^^^^^^^^^^^^^^^^^
  File "/home1/picpixels/virtualenv/admin.picpixels.com/3.11/lib/python3.11/site-packages/django/template/response.py", line 92, in rendered_content
    return template.render(context, self._request)
           ^^^^^^^^^^^^^^^^^^^^^^^^^^^^^^^^^^^^^^^
  File "/home1/picpixels/virtualenv/admin.picpixels.com/3.11/lib/python3.11/site-packages/django/template/backends/django.py", line 107, in render
    return self.template.render(context)
           ^^^^^^^^^^^^^^^^^^^^^^^^^^^^^
  File "/home1/picpixels/virtualenv/admin.picpixels.com/3.11/lib/python3.11/site-packages/django/template/base.py", line 171, in render
    return self._render(context)
           ^^^^^^^^^^^^^^^^^^^^^
  File "/home1/picpixels/virtualenv/admin.picpixels.com/3.11/lib/python3.11/site-packages/django/template/base.py", line 163, in _render
    return self.nodelist.render(context)
           ^^^^^^^^^^^^^^^^^^^^^^^^^^^^^
  File "/home1/picpixels/virtualenv/admin.picpixels.com/3.11/lib/python3.11/site-packages/django/template/base.py", line 1008, in render
    return SafeString("".join([node.render_annotated(context) for node in self]))
                              ^^^^^^^^^^^^^^^^^^^^^^^^^^^^^^^^^^^^^^^^^^^^^^^^^
  File "/home1/picpixels/virtualenv/admin.picpixels.com/3.11/lib/python3.11/site-packages/django/template/base.py", line 1008, in <listcomp>
    return SafeString("".join([node.render_annotated(context) for node in self]))
                               ^^^^^^^^^^^^^^^^^^^^^^^^^^^^^^
  File "/home1/picpixels/virtualenv/admin.picpixels.com/3.11/lib/python3.11/site-packages/django/template/base.py", line 969, in render_annotated
    return self.render(context)
           ^^^^^^^^^^^^^^^^^^^^
  File "/home1/picpixels/virtualenv/admin.picpixels.com/3.11/lib/python3.11/site-packages/django/template/loader_tags.py", line 159, in render
    return compiled_parent._render(context)
           ^^^^^^^^^^^^^^^^^^^^^^^^^^^^^^^^
  File "/home1/picpixels/virtualenv/admin.picpixels.com/3.11/lib/python3.11/site-packages/django/template/base.py", line 163, in _render
    return self.nodelist.render(context)
           ^^^^^^^^^^^^^^^^^^^^^^^^^^^^^
  File "/home1/picpixels/virtualenv/admin.picpixels.com/3.11/lib/python3.11/site-packages/django/template/base.py", line 1008, in render
    return SafeString("".join([node.render_annotated(context) for node in self]))
                              ^^^^^^^^^^^^^^^^^^^^^^^^^^^^^^^^^^^^^^^^^^^^^^^^^
  File "/home1/picpixels/virtualenv/admin.picpixels.com/3.11/lib/python3.11/site-packages/django/template/base.py", line 1008, in <listcomp>
    return SafeString("".join([node.render_annotated(context) for node in self]))
                               ^^^^^^^^^^^^^^^^^^^^^^^^^^^^^^
  File "/home1/picpixels/virtualenv/admin.picpixels.com/3.11/lib/python3.11/site-packages/django/template/base.py", line 969, in render_annotated
    return self.render(context)
           ^^^^^^^^^^^^^^^^^^^^
  File "/home1/picpixels/virtualenv/admin.picpixels.com/3.11/lib/python3.11/site-packages/django/template/loader_tags.py", line 159, in render
    return compiled_parent._render(context)
           ^^^^^^^^^^^^^^^^^^^^^^^^^^^^^^^^
  File "/home1/picpixels/virtualenv/admin.picpixels.com/3.11/lib/python3.11/site-packages/django/template/base.py", line 163, in _render
    return self.nodelist.render(context)
           ^^^^^^^^^^^^^^^^^^^^^^^^^^^^^
  File "/home1/picpixels/virtualenv/admin.picpixels.com/3.11/lib/python3.11/site-packages/django/template/base.py", line 1008, in render
    return SafeString("".join([node.render_annotated(context) for node in self]))
                              ^^^^^^^^^^^^^^^^^^^^^^^^^^^^^^^^^^^^^^^^^^^^^^^^^
  File "/home1/picpixels/virtualenv/admin.picpixels.com/3.11/lib/python3.11/site-packages/django/template/base.py", line 1008, in <listcomp>
    return SafeString("".join([node.render_annotated(context) for node in self]))
                               ^^^^^^^^^^^^^^^^^^^^^^^^^^^^^^
  File "/home1/picpixels/virtualenv/admin.picpixels.com/3.11/lib/python3.11/site-packages/django/template/base.py", line 969, in render_annotated
    return self.render(context)
           ^^^^^^^^^^^^^^^^^^^^
  File "/home1/picpixels/virtualenv/admin.picpixels.com/3.11/lib/python3.11/site-packages/django/template/loader_tags.py", line 159, in render
    return compiled_parent._render(context)
           ^^^^^^^^^^^^^^^^^^^^^^^^^^^^^^^^
  File "/home1/picpixels/virtualenv/admin.picpixels.com/3.11/lib/python3.11/site-packages/django/template/base.py", line 163, in _render
    return self.nodelist.render(context)
           ^^^^^^^^^^^^^^^^^^^^^^^^^^^^^
  File "/home1/picpixels/virtualenv/admin.picpixels.com/3.11/lib/python3.11/site-packages/django/template/base.py", line 1008, in render
    return SafeString("".join([node.render_annotated(context) for node in self]))
                              ^^^^^^^^^^^^^^^^^^^^^^^^^^^^^^^^^^^^^^^^^^^^^^^^^
  File "/home1/picpixels/virtualenv/admin.picpixels.com/3.11/lib/python3.11/site-packages/django/template/base.py", line 1008, in <listcomp>
    return SafeString("".join([node.render_annotated(context) for node in self]))
                               ^^^^^^^^^^^^^^^^^^^^^^^^^^^^^^
  File "/home1/picpixels/virtualenv/admin.picpixels.com/3.11/lib/python3.11/site-packages/django/template/base.py", line 969, in render_annotated
    return self.render(context)
           ^^^^^^^^^^^^^^^^^^^^
  File "/home1/picpixels/virtualenv/admin.picpixels.com/3.11/lib/python3.11/site-packages/django/template/loader_tags.py", line 65, in render
    result = block.nodelist.render(context)
             ^^^^^^^^^^^^^^^^^^^^^^^^^^^^^^
  File "/home1/picpixels/virtualenv/admin.picpixels.com/3.11/lib/python3.11/site-packages/django/template/base.py", line 1008, in render
    return SafeString("".join([node.render_annotated(context) for node in self]))
                              ^^^^^^^^^^^^^^^^^^^^^^^^^^^^^^^^^^^^^^^^^^^^^^^^^
  File "/home1/picpixels/virtualenv/admin.picpixels.com/3.11/lib/python3.11/site-packages/django/template/base.py", line 1008, in <listcomp>
    return SafeString("".join([node.render_annotated(context) for node in self]))
                               ^^^^^^^^^^^^^^^^^^^^^^^^^^^^^^
  File "/home1/picpixels/virtualenv/admin.picpixels.com/3.11/lib/python3.11/site-packages/django/template/base.py", line 969, in render_annotated
    return self.render(context)
           ^^^^^^^^^^^^^^^^^^^^
  File "/home1/picpixels/virtualenv/admin.picpixels.com/3.11/lib/python3.11/site-packages/django/template/loader_tags.py", line 65, in render
    result = block.nodelist.render(context)
             ^^^^^^^^^^^^^^^^^^^^^^^^^^^^^^
  File "/home1/picpixels/virtualenv/admin.picpixels.com/3.11/lib/python3.11/site-packages/django/template/base.py", line 1008, in render
    return SafeString("".join([node.render_annotated(context) for node in self]))
                              ^^^^^^^^^^^^^^^^^^^^^^^^^^^^^^^^^^^^^^^^^^^^^^^^^
  File "/home1/picpixels/virtualenv/admin.picpixels.com/3.11/lib/python3.11/site-packages/django/template/base.py", line 1008, in <listcomp>
    return SafeString("".join([node.render_annotated(context) for node in self]))
                               ^^^^^^^^^^^^^^^^^^^^^^^^^^^^^^
  File "/home1/picpixels/virtualenv/admin.picpixels.com/3.11/lib/python3.11/site-packages/django/template/base.py", line 969, in render_annotated
    return self.render(context)
           ^^^^^^^^^^^^^^^^^^^^
  File "/home1/picpixels/virtualenv/admin.picpixels.com/3.11/lib/python3.11/site-packages/django/template/defaulttags.py", line 327, in render
    return nodelist.render(context)
           ^^^^^^^^^^^^^^^^^^^^^^^^
  File "/home1/picpixels/virtualenv/admin.picpixels.com/3.11/lib/python3.11/site-packages/django/template/base.py", line 1008, in render
    return SafeString("".join([node.render_annotated(context) for node in self]))
                              ^^^^^^^^^^^^^^^^^^^^^^^^^^^^^^^^^^^^^^^^^^^^^^^^^
  File "/home1/picpixels/virtualenv/admin.picpixels.com/3.11/lib/python3.11/site-packages/django/template/base.py", line 1008, in <listcomp>
    return SafeString("".join([node.render_annotated(context) for node in self]))
                               ^^^^^^^^^^^^^^^^^^^^^^^^^^^^^^
  File "/home1/picpixels/virtualenv/admin.picpixels.com/3.11/lib/python3.11/site-packages/django/template/base.py", line 969, in render_annotated
    return self.render(context)
           ^^^^^^^^^^^^^^^^^^^^
  File "/home1/picpixels/virtualenv/admin.picpixels.com/3.11/lib/python3.11/site-packages/django/template/defaulttags.py", line 550, in render
    return self.nodelist.render(context)
           ^^^^^^^^^^^^^^^^^^^^^^^^^^^^^
  File "/home1/picpixels/virtualenv/admin.picpixels.com/3.11/lib/python3.11/site-packages/django/template/base.py", line 1008, in render
    return SafeString("".join([node.render_annotated(context) for node in self]))
                              ^^^^^^^^^^^^^^^^^^^^^^^^^^^^^^^^^^^^^^^^^^^^^^^^^
  File "/home1/picpixels/virtualenv/admin.picpixels.com/3.11/lib/python3.11/site-packages/django/template/base.py", line 1008, in <listcomp>
    return SafeString("".join([node.render_annotated(context) for node in self]))
                               ^^^^^^^^^^^^^^^^^^^^^^^^^^^^^^
  File "/home1/picpixels/virtualenv/admin.picpixels.com/3.11/lib/python3.11/site-packages/django/template/base.py", line 969, in render_annotated
    return self.render(context)
           ^^^^^^^^^^^^^^^^^^^^
  File "/home1/picpixels/virtualenv/admin.picpixels.com/3.11/lib/python3.11/site-packages/django/template/defaulttags.py", line 326, in render
    if match:
  File "/home1/picpixels/virtualenv/admin.picpixels.com/3.11/lib/python3.11/site-packages/django/db/models/query.py", line 414, in __bool__
    self._fetch_all()
  File "/home1/picpixels/virtualenv/admin.picpixels.com/3.11/lib/python3.11/site-packages/django/db/models/query.py", line 1928, in _fetch_all
    self._result_cache = list(self._iterable_class(self))
                         ^^^^^^^^^^^^^^^^^^^^^^^^^^^^^^^^
  File "/home1/picpixels/virtualenv/admin.picpixels.com/3.11/lib/python3.11/site-packages/django/db/models/query.py", line 91, in __iter__
    results = compiler.execute_sql(
              ^^^^^^^^^^^^^^^^^^^^^
  File "/home1/picpixels/virtualenv/admin.picpixels.com/3.11/lib/python3.11/site-packages/django/db/models/sql/compiler.py", line 1574, in execute_sql
    cursor.execute(sql, params)
  File "/home1/picpixels/virtualenv/admin.picpixels.com/3.11/lib/python3.11/site-packages/django/db/backends/utils.py", line 122, in execute
    return super().execute(sql, params)
           ^^^^^^^^^^^^^^^^^^^^^^^^^^^^
  File "/home1/picpixels/virtualenv/admin.picpixels.com/3.11/lib/python3.11/site-packages/django/db/backends/utils.py", line 79, in execute
    return self._execute_with_wrappers(
           ^^^^^^^^^^^^^^^^^^^^^^^^^^^^
  File "/home1/picpixels/virtualenv/admin.picpixels.com/3.11/lib/python3.11/site-packages/django/db/backends/utils.py", line 92, in _execute_with_wrappers
    return executor(sql, params, many, context)
           ^^^^^^^^^^^^^^^^^^^^^^^^^^^^^^^^^^^^
  File "/home1/picpixels/virtualenv/admin.picpixels.com/3.11/lib/python3.11/site-packages/django/db/backends/utils.py", line 100, in _execute
    with self.db.wrap_database_errors:
  File "/home1/picpixels/virtualenv/admin.picpixels.com/3.11/lib/python3.11/site-packages/django/db/utils.py", line 91, in __exit__
    raise dj_exc_value.with_traceback(traceback) from exc_value
  File "/home1/picpixels/virtualenv/admin.picpixels.com/3.11/lib/python3.11/site-packages/django/db/backends/utils.py", line 105, in _execute
    return self.cursor.execute(sql, params)
           ^^^^^^^^^^^^^^^^^^^^^^^^^^^^^^^^
  File "/home1/picpixels/virtualenv/admin.picpixels.com/3.11/lib/python3.11/site-packages/django/db/backends/sqlite3/base.py", line 354, in execute
    return super().execute(query, params)
           ^^^^^^^^^^^^^^^^^^^^^^^^^^^^^^
django.db.utils.OperationalError: no such column: cms_blogpost.featured_image_alt
Internal Server Error: /admin/
Traceback (most recent call last):
  File "/home1/picpixels/virtualenv/admin.picpixels.com/3.11/lib/python3.11/site-packages/django/db/backends/utils.py", line 105, in _execute
    return self.cursor.execute(sql, params)
           ^^^^^^^^^^^^^^^^^^^^^^^^^^^^^^^^
  File "/home1/picpixels/virtualenv/admin.picpixels.com/3.11/lib/python3.11/site-packages/django/db/backends/sqlite3/base.py", line 354, in execute
    return super().execute(query, params)
           ^^^^^^^^^^^^^^^^^^^^^^^^^^^^^^
sqlite3.OperationalError: no such column: cms_blogpost.featured_image_alt

The above exception was the direct cause of the following exception:

Traceback (most recent call last):
  File "/home1/picpixels/virtualenv/admin.picpixels.com/3.11/lib/python3.11/site-packages/django/core/handlers/exception.py", line 55, in inner
    response = get_response(request)
               ^^^^^^^^^^^^^^^^^^^^^
  File "/home1/picpixels/virtualenv/admin.picpixels.com/3.11/lib/python3.11/site-packages/django/core/handlers/base.py", line 220, in _get_response
    response = response.render()
               ^^^^^^^^^^^^^^^^^
  File "/home1/picpixels/virtualenv/admin.picpixels.com/3.11/lib/python3.11/site-packages/django/template/response.py", line 114, in render
    self.content = self.rendered_content
                   ^^^^^^^^^^^^^^^^^^^^^
  File "/home1/picpixels/virtualenv/admin.picpixels.com/3.11/lib/python3.11/site-packages/django/template/response.py", line 92, in rendered_content
    return template.render(context, self._request)
           ^^^^^^^^^^^^^^^^^^^^^^^^^^^^^^^^^^^^^^^
  File "/home1/picpixels/virtualenv/admin.picpixels.com/3.11/lib/python3.11/site-packages/django/template/backends/django.py", line 107, in render
    return self.template.render(context)
           ^^^^^^^^^^^^^^^^^^^^^^^^^^^^^
  File "/home1/picpixels/virtualenv/admin.picpixels.com/3.11/lib/python3.11/site-packages/django/template/base.py", line 171, in render
    return self._render(context)
           ^^^^^^^^^^^^^^^^^^^^^
  File "/home1/picpixels/virtualenv/admin.picpixels.com/3.11/lib/python3.11/site-packages/django/template/base.py", line 163, in _render
    return self.nodelist.render(context)
           ^^^^^^^^^^^^^^^^^^^^^^^^^^^^^
  File "/home1/picpixels/virtualenv/admin.picpixels.com/3.11/lib/python3.11/site-packages/django/template/base.py", line 1008, in render
    return SafeString("".join([node.render_annotated(context) for node in self]))
                              ^^^^^^^^^^^^^^^^^^^^^^^^^^^^^^^^^^^^^^^^^^^^^^^^^
  File "/home1/picpixels/virtualenv/admin.picpixels.com/3.11/lib/python3.11/site-packages/django/template/base.py", line 1008, in <listcomp>
    return SafeString("".join([node.render_annotated(context) for node in self]))
                               ^^^^^^^^^^^^^^^^^^^^^^^^^^^^^^
  File "/home1/picpixels/virtualenv/admin.picpixels.com/3.11/lib/python3.11/site-packages/django/template/base.py", line 969, in render_annotated
    return self.render(context)
           ^^^^^^^^^^^^^^^^^^^^
  File "/home1/picpixels/virtualenv/admin.picpixels.com/3.11/lib/python3.11/site-packages/django/template/loader_tags.py", line 159, in render
    return compiled_parent._render(context)
           ^^^^^^^^^^^^^^^^^^^^^^^^^^^^^^^^
  File "/home1/picpixels/virtualenv/admin.picpixels.com/3.11/lib/python3.11/site-packages/django/template/base.py", line 163, in _render
    return self.nodelist.render(context)
           ^^^^^^^^^^^^^^^^^^^^^^^^^^^^^
  File "/home1/picpixels/virtualenv/admin.picpixels.com/3.11/lib/python3.11/site-packages/django/template/base.py", line 1008, in render
    return SafeString("".join([node.render_annotated(context) for node in self]))
                              ^^^^^^^^^^^^^^^^^^^^^^^^^^^^^^^^^^^^^^^^^^^^^^^^^
  File "/home1/picpixels/virtualenv/admin.picpixels.com/3.11/lib/python3.11/site-packages/django/template/base.py", line 1008, in <listcomp>
    return SafeString("".join([node.render_annotated(context) for node in self]))
                               ^^^^^^^^^^^^^^^^^^^^^^^^^^^^^^
  File "/home1/picpixels/virtualenv/admin.picpixels.com/3.11/lib/python3.11/site-packages/django/template/base.py", line 969, in render_annotated
    return self.render(context)
           ^^^^^^^^^^^^^^^^^^^^
  File "/home1/picpixels/virtualenv/admin.picpixels.com/3.11/lib/python3.11/site-packages/django/template/loader_tags.py", line 159, in render
    return compiled_parent._render(context)
           ^^^^^^^^^^^^^^^^^^^^^^^^^^^^^^^^
  File "/home1/picpixels/virtualenv/admin.picpixels.com/3.11/lib/python3.11/site-packages/django/template/base.py", line 163, in _render
    return self.nodelist.render(context)
           ^^^^^^^^^^^^^^^^^^^^^^^^^^^^^
  File "/home1/picpixels/virtualenv/admin.picpixels.com/3.11/lib/python3.11/site-packages/django/template/base.py", line 1008, in render
    return SafeString("".join([node.render_annotated(context) for node in self]))
                              ^^^^^^^^^^^^^^^^^^^^^^^^^^^^^^^^^^^^^^^^^^^^^^^^^
  File "/home1/picpixels/virtualenv/admin.picpixels.com/3.11/lib/python3.11/site-packages/django/template/base.py", line 1008, in <listcomp>
    return SafeString("".join([node.render_annotated(context) for node in self]))
                               ^^^^^^^^^^^^^^^^^^^^^^^^^^^^^^
  File "/home1/picpixels/virtualenv/admin.picpixels.com/3.11/lib/python3.11/site-packages/django/template/base.py", line 969, in render_annotated
    return self.render(context)
           ^^^^^^^^^^^^^^^^^^^^
  File "/home1/picpixels/virtualenv/admin.picpixels.com/3.11/lib/python3.11/site-packages/django/template/loader_tags.py", line 159, in render
    return compiled_parent._render(context)
           ^^^^^^^^^^^^^^^^^^^^^^^^^^^^^^^^
  File "/home1/picpixels/virtualenv/admin.picpixels.com/3.11/lib/python3.11/site-packages/django/template/base.py", line 163, in _render
    return self.nodelist.render(context)
           ^^^^^^^^^^^^^^^^^^^^^^^^^^^^^
  File "/home1/picpixels/virtualenv/admin.picpixels.com/3.11/lib/python3.11/site-packages/django/template/base.py", line 1008, in render
    return SafeString("".join([node.render_annotated(context) for node in self]))
                              ^^^^^^^^^^^^^^^^^^^^^^^^^^^^^^^^^^^^^^^^^^^^^^^^^
  File "/home1/picpixels/virtualenv/admin.picpixels.com/3.11/lib/python3.11/site-packages/django/template/base.py", line 1008, in <listcomp>
    return SafeString("".join([node.render_annotated(context) for node in self]))
                               ^^^^^^^^^^^^^^^^^^^^^^^^^^^^^^
  File "/home1/picpixels/virtualenv/admin.picpixels.com/3.11/lib/python3.11/site-packages/django/template/base.py", line 969, in render_annotated
    return self.render(context)
           ^^^^^^^^^^^^^^^^^^^^
  File "/home1/picpixels/virtualenv/admin.picpixels.com/3.11/lib/python3.11/site-packages/django/template/loader_tags.py", line 65, in render
    result = block.nodelist.render(context)
             ^^^^^^^^^^^^^^^^^^^^^^^^^^^^^^
  File "/home1/picpixels/virtualenv/admin.picpixels.com/3.11/lib/python3.11/site-packages/django/template/base.py", line 1008, in render
    return SafeString("".join([node.render_annotated(context) for node in self]))
                              ^^^^^^^^^^^^^^^^^^^^^^^^^^^^^^^^^^^^^^^^^^^^^^^^^
  File "/home1/picpixels/virtualenv/admin.picpixels.com/3.11/lib/python3.11/site-packages/django/template/base.py", line 1008, in <listcomp>
    return SafeString("".join([node.render_annotated(context) for node in self]))
                               ^^^^^^^^^^^^^^^^^^^^^^^^^^^^^^
  File "/home1/picpixels/virtualenv/admin.picpixels.com/3.11/lib/python3.11/site-packages/django/template/base.py", line 969, in render_annotated
    return self.render(context)
           ^^^^^^^^^^^^^^^^^^^^
  File "/home1/picpixels/virtualenv/admin.picpixels.com/3.11/lib/python3.11/site-packages/django/template/loader_tags.py", line 65, in render
    result = block.nodelist.render(context)
             ^^^^^^^^^^^^^^^^^^^^^^^^^^^^^^
  File "/home1/picpixels/virtualenv/admin.picpixels.com/3.11/lib/python3.11/site-packages/django/template/base.py", line 1008, in render
    return SafeString("".join([node.render_annotated(context) for node in self]))
                              ^^^^^^^^^^^^^^^^^^^^^^^^^^^^^^^^^^^^^^^^^^^^^^^^^
  File "/home1/picpixels/virtualenv/admin.picpixels.com/3.11/lib/python3.11/site-packages/django/template/base.py", line 1008, in <listcomp>
    return SafeString("".join([node.render_annotated(context) for node in self]))
                               ^^^^^^^^^^^^^^^^^^^^^^^^^^^^^^
  File "/home1/picpixels/virtualenv/admin.picpixels.com/3.11/lib/python3.11/site-packages/django/template/base.py", line 969, in render_annotated
    return self.render(context)
           ^^^^^^^^^^^^^^^^^^^^
  File "/home1/picpixels/virtualenv/admin.picpixels.com/3.11/lib/python3.11/site-packages/django/template/defaulttags.py", line 327, in render
    return nodelist.render(context)
           ^^^^^^^^^^^^^^^^^^^^^^^^
  File "/home1/picpixels/virtualenv/admin.picpixels.com/3.11/lib/python3.11/site-packages/django/template/base.py", line 1008, in render
    return SafeString("".join([node.render_annotated(context) for node in self]))
                              ^^^^^^^^^^^^^^^^^^^^^^^^^^^^^^^^^^^^^^^^^^^^^^^^^
  File "/home1/picpixels/virtualenv/admin.picpixels.com/3.11/lib/python3.11/site-packages/django/template/base.py", line 1008, in <listcomp>
    return SafeString("".join([node.render_annotated(context) for node in self]))
                               ^^^^^^^^^^^^^^^^^^^^^^^^^^^^^^
  File "/home1/picpixels/virtualenv/admin.picpixels.com/3.11/lib/python3.11/site-packages/django/template/base.py", line 969, in render_annotated
    return self.render(context)
           ^^^^^^^^^^^^^^^^^^^^
  File "/home1/picpixels/virtualenv/admin.picpixels.com/3.11/lib/python3.11/site-packages/django/template/defaulttags.py", line 550, in render
    return self.nodelist.render(context)
           ^^^^^^^^^^^^^^^^^^^^^^^^^^^^^
  File "/home1/picpixels/virtualenv/admin.picpixels.com/3.11/lib/python3.11/site-packages/django/template/base.py", line 1008, in render
    return SafeString("".join([node.render_annotated(context) for node in self]))
                              ^^^^^^^^^^^^^^^^^^^^^^^^^^^^^^^^^^^^^^^^^^^^^^^^^
  File "/home1/picpixels/virtualenv/admin.picpixels.com/3.11/lib/python3.11/site-packages/django/template/base.py", line 1008, in <listcomp>
    return SafeString("".join([node.render_annotated(context) for node in self]))
                               ^^^^^^^^^^^^^^^^^^^^^^^^^^^^^^
  File "/home1/picpixels/virtualenv/admin.picpixels.com/3.11/lib/python3.11/site-packages/django/template/base.py", line 969, in render_annotated
    return self.render(context)
           ^^^^^^^^^^^^^^^^^^^^
  File "/home1/picpixels/virtualenv/admin.picpixels.com/3.11/lib/python3.11/site-packages/django/template/defaulttags.py", line 326, in render
    if match:
  File "/home1/picpixels/virtualenv/admin.picpixels.com/3.11/lib/python3.11/site-packages/django/db/models/query.py", line 414, in __bool__
    self._fetch_all()
  File "/home1/picpixels/virtualenv/admin.picpixels.com/3.11/lib/python3.11/site-packages/django/db/models/query.py", line 1928, in _fetch_all
    self._result_cache = list(self._iterable_class(self))
                         ^^^^^^^^^^^^^^^^^^^^^^^^^^^^^^^^
  File "/home1/picpixels/virtualenv/admin.picpixels.com/3.11/lib/python3.11/site-packages/django/db/models/query.py", line 91, in __iter__
    results = compiler.execute_sql(
              ^^^^^^^^^^^^^^^^^^^^^
  File "/home1/picpixels/virtualenv/admin.picpixels.com/3.11/lib/python3.11/site-packages/django/db/models/sql/compiler.py", line 1574, in execute_sql
    cursor.execute(sql, params)
  File "/home1/picpixels/virtualenv/admin.picpixels.com/3.11/lib/python3.11/site-packages/django/db/backends/utils.py", line 122, in execute
    return super().execute(sql, params)
           ^^^^^^^^^^^^^^^^^^^^^^^^^^^^
  File "/home1/picpixels/virtualenv/admin.picpixels.com/3.11/lib/python3.11/site-packages/django/db/backends/utils.py", line 79, in execute
    return self._execute_with_wrappers(
           ^^^^^^^^^^^^^^^^^^^^^^^^^^^^
  File "/home1/picpixels/virtualenv/admin.picpixels.com/3.11/lib/python3.11/site-packages/django/db/backends/utils.py", line 92, in _execute_with_wrappers
    return executor(sql, params, many, context)
           ^^^^^^^^^^^^^^^^^^^^^^^^^^^^^^^^^^^^
  File "/home1/picpixels/virtualenv/admin.picpixels.com/3.11/lib/python3.11/site-packages/django/db/backends/utils.py", line 100, in _execute
    with self.db.wrap_database_errors:
  File "/home1/picpixels/virtualenv/admin.picpixels.com/3.11/lib/python3.11/site-packages/django/db/utils.py", line 91, in __exit__
    raise dj_exc_value.with_traceback(traceback) from exc_value
  File "/home1/picpixels/virtualenv/admin.picpixels.com/3.11/lib/python3.11/site-packages/django/db/backends/utils.py", line 105, in _execute
    return self.cursor.execute(sql, params)
           ^^^^^^^^^^^^^^^^^^^^^^^^^^^^^^^^
  File "/home1/picpixels/virtualenv/admin.picpixels.com/3.11/lib/python3.11/site-packages/django/db/backends/sqlite3/base.py", line 354, in execute
    return super().execute(query, params)
           ^^^^^^^^^^^^^^^^^^^^^^^^^^^^^^
django.db.utils.OperationalError: no such column: cms_blogpost.featured_image_alt
Not Found: /
Not Found: /favicon.ico
Not Found: /
Not Found: /favicon.ico
Not Found: /
Traceback (most recent call last):
  File "/home1/picpixels/admin.picpixels.com/passenger_wsgi.py", line 8, in <module>
    from django.core.wsgi import get_wsgi_application
ModuleNotFoundError: No module named 'django'
Traceback (most recent call last):
  File "/home1/picpixels/admin.picpixels.com/passenger_wsgi.py", line 8, in <module>
    from django.core.wsgi import get_wsgi_application
ModuleNotFoundError: No module named 'django'
Traceback (most recent call last):
  File "/home1/picpixels/admin.picpixels.com/passenger_wsgi.py", line 8, in <module>
    from django.core.wsgi import get_wsgi_application
ModuleNotFoundError: No module named 'django'
Traceback (most recent call last):
  File "/home1/picpixels/admin.picpixels.com/passenger_wsgi.py", line 8, in <module>
    from django.core.wsgi import get_wsgi_application
ModuleNotFoundError: No module named 'django'
Traceback (most recent call last):
  File "/home1/picpixels/admin.picpixels.com/passenger_wsgi.py", line 8, in <module>
    from django.core.wsgi import get_wsgi_application
ModuleNotFoundError: No module named 'django'
Traceback (most recent call last):
  File "/home1/picpixels/admin.picpixels.com/passenger_wsgi.py", line 8, in <module>
    from django.core.wsgi import get_wsgi_application
ModuleNotFoundError: No module named 'django'
Traceback (most recent call last):
  File "/home1/picpixels/admin.picpixels.com/passenger_wsgi.py", line 8, in <module>
    from django.core.wsgi import get_wsgi_application
ModuleNotFoundError: No module named 'django'
Traceback (most recent call last):
  File "/home1/picpixels/admin.picpixels.com/passenger_wsgi.py", line 8, in <module>
    from django.core.wsgi import get_wsgi_application
ModuleNotFoundError: No module named 'django'
Traceback (most recent call last):
  File "/home1/picpixels/admin.picpixels.com/passenger_wsgi.py", line 8, in <module>
    from django.core.wsgi import get_wsgi_application
ModuleNotFoundError: No module named 'django'
Traceback (most recent call last):
  File "/home1/picpixels/admin.picpixels.com/passenger_wsgi.py", line 8, in <module>
    from django.core.wsgi import get_wsgi_application
ModuleNotFoundError: No module named 'django'
Traceback (most recent call last):
  File "/home1/picpixels/admin.picpixels.com/passenger_wsgi.py", line 8, in <module>
    from django.core.wsgi import get_wsgi_application
ModuleNotFoundError: No module named 'django'
Traceback (most recent call last):
  File "/home1/picpixels/admin.picpixels.com/passenger_wsgi.py", line 8, in <module>
    from django.core.wsgi import get_wsgi_application
ModuleNotFoundError: No module named 'django'
Traceback (most recent call last):
  File "/home1/picpixels/admin.picpixels.com/passenger_wsgi.py", line 8, in <module>
    from django.core.wsgi import get_wsgi_application
ModuleNotFoundError: No module named 'django'
Traceback (most recent call last):
  File "/home1/picpixels/admin.picpixels.com/passenger_wsgi.py", line 8, in <module>
    from django.core.wsgi import get_wsgi_application
ModuleNotFoundError: No module named 'django'
Traceback (most recent call last):
  File "/home1/picpixels/admin.picpixels.com/passenger_wsgi.py", line 8, in <module>
    from django.core.wsgi import get_wsgi_application
ModuleNotFoundError: No module named 'django'
Traceback (most recent call last):
  File "/home1/picpixels/admin.picpixels.com/passenger_wsgi.py", line 8, in <module>
    from django.core.wsgi import get_wsgi_application
ModuleNotFoundError: No module named 'django'
Traceback (most recent call last):
  File "/home1/picpixels/admin.picpixels.com/passenger_wsgi.py", line 8, in <module>
    from django.core.wsgi import get_wsgi_application
ModuleNotFoundError: No module named 'django'
Traceback (most recent call last):
  File "/home1/picpixels/admin.picpixels.com/passenger_wsgi.py", line 8, in <module>
    from django.core.wsgi import get_wsgi_application
ModuleNotFoundError: No module named 'django'
Traceback (most recent call last):
  File "/home1/picpixels/admin.picpixels.com/passenger_wsgi.py", line 8, in <module>
    from django.core.wsgi import get_wsgi_application
ModuleNotFoundError: No module named 'django'
Traceback (most recent call last):
  File "/home1/picpixels/admin.picpixels.com/passenger_wsgi.py", line 8, in <module>
    from django.core.wsgi import get_wsgi_application
ModuleNotFoundError: No module named 'django'
Traceback (most recent call last):
  File "/home1/picpixels/admin.picpixels.com/passenger_wsgi.py", line 8, in <module>
    from django.core.wsgi import get_wsgi_application
ModuleNotFoundError: No module named 'django'
Traceback (most recent call last):
  File "/home1/picpixels/admin.picpixels.com/passenger_wsgi.py", line 8, in <module>
    from django.core.wsgi import get_wsgi_application
ModuleNotFoundError: No module named 'django'
Traceback (most recent call last):
  File "/home1/picpixels/admin.picpixels.com/passenger_wsgi.py", line 8, in <module>
    from django.core.wsgi import get_wsgi_application
ModuleNotFoundError: No module named 'django'
Traceback (most recent call last):
  File "/home1/picpixels/admin.picpixels.com/passenger_wsgi.py", line 8, in <module>
    from django.core.wsgi import get_wsgi_application
ModuleNotFoundError: No module named 'django'
Traceback (most recent call last):
  File "/home1/picpixels/admin.picpixels.com/passenger_wsgi.py", line 8, in <module>
    from django.core.wsgi import get_wsgi_application
ModuleNotFoundError: No module named 'django'
Traceback (most recent call last):
  File "/home1/picpixels/admin.picpixels.com/passenger_wsgi.py", line 8, in <module>
    from django.core.wsgi import get_wsgi_application
ModuleNotFoundError: No module named 'django'
Traceback (most recent call last):
  File "/home1/picpixels/admin.picpixels.com/passenger_wsgi.py", line 8, in <module>
    from django.core.wsgi import get_wsgi_application
ModuleNotFoundError: No module named 'django'
Traceback (most recent call last):
  File "/home1/picpixels/admin.picpixels.com/passenger_wsgi.py", line 8, in <module>
    from django.core.wsgi import get_wsgi_application
ModuleNotFoundError: No module named 'django'
Traceback (most recent call last):
  File "/home1/picpixels/admin.picpixels.com/passenger_wsgi.py", line 8, in <module>
    from django.core.wsgi import get_wsgi_application
ModuleNotFoundError: No module named 'django'
Traceback (most recent call last):
  File "/home1/picpixels/admin.picpixels.com/passenger_wsgi.py", line 8, in <module>
    from django.core.wsgi import get_wsgi_application
ModuleNotFoundError: No module named 'django'
Traceback (most recent call last):
  File "/home1/picpixels/admin.picpixels.com/passenger_wsgi.py", line 8, in <module>
    from django.core.wsgi import get_wsgi_application
ModuleNotFoundError: No module named 'django'
Traceback (most recent call last):
  File "/home1/picpixels/admin.picpixels.com/passenger_wsgi.py", line 8, in <module>
    from django.core.wsgi import get_wsgi_application
ModuleNotFoundError: No module named 'django'
Traceback (most recent call last):
  File "/home1/picpixels/admin.picpixels.com/passenger_wsgi.py", line 8, in <module>
    from django.core.wsgi import get_wsgi_application
ModuleNotFoundError: No module named 'django'
Traceback (most recent call last):
  File "/home1/picpixels/admin.picpixels.com/passenger_wsgi.py", line 8, in <module>
    from django.core.wsgi import get_wsgi_application
ModuleNotFoundError: No module named 'django'
Traceback (most recent call last):
  File "/home1/picpixels/admin.picpixels.com/passenger_wsgi.py", line 8, in <module>
    from django.core.wsgi import get_wsgi_application
ModuleNotFoundError: No module named 'django'
Traceback (most recent call last):
  File "/home1/picpixels/admin.picpixels.com/passenger_wsgi.py", line 8, in <module>
    from django.core.wsgi import get_wsgi_application
ModuleNotFoundError: No module named 'django'
Traceback (most recent call last):
  File "/home1/picpixels/admin.picpixels.com/passenger_wsgi.py", line 8, in <module>
    from django.core.wsgi import get_wsgi_application
ModuleNotFoundError: No module named 'django'
Traceback (most recent call last):
  File "/home1/picpixels/admin.picpixels.com/passenger_wsgi.py", line 8, in <module>
    from django.core.wsgi import get_wsgi_application
ModuleNotFoundError: No module named 'django'
Traceback (most recent call last):
  File "/home1/picpixels/admin.picpixels.com/passenger_wsgi.py", line 8, in <module>
    from django.core.wsgi import get_wsgi_application
ModuleNotFoundError: No module named 'django'
Traceback (most recent call last):
  File "/home1/picpixels/admin.picpixels.com/passenger_wsgi.py", line 8, in <module>
    from django.core.wsgi import get_wsgi_application
ModuleNotFoundError: No module named 'django'
Traceback (most recent call last):
  File "/home1/picpixels/admin.picpixels.com/passenger_wsgi.py", line 8, in <module>
    from django.core.wsgi import get_wsgi_application
ModuleNotFoundError: No module named 'django'
Traceback (most recent call last):
  File "/home1/picpixels/admin.picpixels.com/passenger_wsgi.py", line 8, in <module>
    from django.core.wsgi import get_wsgi_application
ModuleNotFoundError: No module named 'django'
Traceback (most recent call last):
  File "/home1/picpixels/admin.picpixels.com/passenger_wsgi.py", line 8, in <module>
    from django.core.wsgi import get_wsgi_application
ModuleNotFoundError: No module named 'django'
Traceback (most recent call last):
  File "/home1/picpixels/admin.picpixels.com/passenger_wsgi.py", line 8, in <module>
    from django.core.wsgi import get_wsgi_application
ModuleNotFoundError: No module named 'django'
Traceback (most recent call last):
  File "/home1/picpixels/admin.picpixels.com/passenger_wsgi.py", line 8, in <module>
    from django.core.wsgi import get_wsgi_application
ModuleNotFoundError: No module named 'django'
/usr/local/lsws/fcgi-bin/lswsgi_wrapper: line 18: /opt/alt/python312/bin/lswsgi: No such file or directory
/usr/local/lsws/fcgi-bin/lswsgi_wrapper: line 18: /opt/alt/python312/bin/lswsgi: No such file or directory
/usr/local/lsws/fcgi-bin/lswsgi_wrapper: line 18: /opt/alt/python312/bin/lswsgi: No such file or directory
/usr/local/lsws/fcgi-bin/lswsgi_wrapper: line 18: /opt/alt/python312/bin/lswsgi: No such file or directory
/usr/local/lsws/fcgi-bin/lswsgi_wrapper: line 18: /opt/alt/python312/bin/lswsgi: No such file or directory
/usr/local/lsws/fcgi-bin/lswsgi_wrapper: line 8: cd: /home1/picpixels/virtualenv/admin.picpixels.com/3.12: No such file or directory
/usr/local/lsws/fcgi-bin/lswsgi_wrapper: line 9: /home1/picpixels/virtualenv/admin.picpixels.com/3.12/bin/set_env_vars.py: No such file or directory
/usr/local/lsws/fcgi-bin/lswsgi_wrapper: line 18: /opt/alt/python312/bin/lswsgi: No such file or directory
/usr/local/lsws/fcgi-bin/lswsgi_wrapper: line 8: cd: /home1/picpixels/virtualenv/admin.picpixels.com/3.12: No such file or directory
/usr/local/lsws/fcgi-bin/lswsgi_wrapper: line 9: /home1/picpixels/virtualenv/admin.picpixels.com/3.12/bin/set_env_vars.py: No such file or directory
/usr/local/lsws/fcgi-bin/lswsgi_wrapper: line 18: /opt/alt/python312/bin/lswsgi: No such file or directory
/usr/local/lsws/fcgi-bin/lswsgi_wrapper: line 8: cd: /home1/picpixels/virtualenv/admin.picpixels.com/3.12: No such file or directory
/usr/local/lsws/fcgi-bin/lswsgi_wrapper: line 9: /home1/picpixels/virtualenv/admin.picpixels.com/3.12/bin/set_env_vars.py: No such file or directory
/usr/local/lsws/fcgi-bin/lswsgi_wrapper: line 18: /opt/alt/python312/bin/lswsgi: No such file or directory
/usr/local/lsws/fcgi-bin/lswsgi_wrapper: line 8: cd: /home1/picpixels/virtualenv/admin.picpixels.com/3.12: No such file or directory
/usr/local/lsws/fcgi-bin/lswsgi_wrapper: line 9: /home1/picpixels/virtualenv/admin.picpixels.com/3.12/bin/set_env_vars.py: No such file or directory
/usr/local/lsws/fcgi-bin/lswsgi_wrapper: line 18: /opt/alt/python312/bin/lswsgi: No such file or directory
/usr/local/lsws/fcgi-bin/lswsgi_wrapper: line 8: cd: /home1/picpixels/virtualenv/admin.picpixels.com/3.12: No such file or directory
/usr/local/lsws/fcgi-bin/lswsgi_wrapper: line 9: /home1/picpixels/virtualenv/admin.picpixels.com/3.12/bin/set_env_vars.py: No such file or directory
/usr/local/lsws/fcgi-bin/lswsgi_wrapper: line 18: /opt/alt/python312/bin/lswsgi: No such file or directory
/usr/local/lsws/fcgi-bin/lswsgi_wrapper: line 8: cd: /home1/picpixels/virtualenv/admin.picpixels.com/3.12: No such file or directory
/usr/local/lsws/fcgi-bin/lswsgi_wrapper: line 9: /home1/picpixels/virtualenv/admin.picpixels.com/3.12/bin/set_env_vars.py: No such file or directory
/usr/local/lsws/fcgi-bin/lswsgi_wrapper: line 18: /opt/alt/python312/bin/lswsgi: No such file or directory
/usr/local/lsws/fcgi-bin/lswsgi_wrapper: line 8: cd: /home1/picpixels/virtualenv/admin.picpixels.com/3.12: No such file or directory
/usr/local/lsws/fcgi-bin/lswsgi_wrapper: line 9: /home1/picpixels/virtualenv/admin.picpixels.com/3.12/bin/set_env_vars.py: No such file or directory
/usr/local/lsws/fcgi-bin/lswsgi_wrapper: line 18: /opt/alt/python312/bin/lswsgi: No such file or directory
/usr/local/lsws/fcgi-bin/lswsgi_wrapper: line 8: cd: /home1/picpixels/virtualenv/admin.picpixels.com/3.12: No such file or directory
/usr/local/lsws/fcgi-bin/lswsgi_wrapper: line 9: /home1/picpixels/virtualenv/admin.picpixels.com/3.12/bin/set_env_vars.py: No such file or directory
/usr/local/lsws/fcgi-bin/lswsgi_wrapper: line 18: /opt/alt/python312/bin/lswsgi: No such file or directory
/usr/local/lsws/fcgi-bin/lswsgi_wrapper: line 18: /opt/alt/python312/bin/lswsgi: No such file or directory
/usr/local/lsws/fcgi-bin/lswsgi_wrapper: line 18: /opt/alt/python312/bin/lswsgi: No such file or directory
/usr/local/lsws/fcgi-bin/lswsgi_wrapper: line 18: /opt/alt/python312/bin/lswsgi: No such file or directory
/usr/local/lsws/fcgi-bin/lswsgi_wrapper: line 18: /opt/alt/python312/bin/lswsgi: No such file or directory
/usr/local/lsws/fcgi-bin/lswsgi_wrapper: line 18: /opt/alt/python312/bin/lswsgi: No such file or directory
/usr/local/lsws/fcgi-bin/lswsgi_wrapper: line 18: /opt/alt/python312/bin/lswsgi: No such file or directory
/usr/local/lsws/fcgi-bin/lswsgi_wrapper: line 18: /opt/alt/python312/bin/lswsgi: No such file or directory
/usr/local/lsws/fcgi-bin/lswsgi_wrapper: line 8: cd: /home1/picpixels/virtualenv/admin.picpixels.com/3.12: No such file or directory
/usr/local/lsws/fcgi-bin/lswsgi_wrapper: line 9: /home1/picpixels/virtualenv/admin.picpixels.com/3.12/bin/set_env_vars.py: No such file or directory
Python path configuration:
  PYTHONHOME = '/home1/picpixels/virtualenv/admin.picpixels.com/3.12'
  PYTHONPATH = '.:/home1/picpixels/admin.picpixels.com/'
  program name = '/home1/picpixels/virtualenv/admin.picpixels.com/3.11/bin/python'
  isolated = 0
  environment = 1
  user site = 1
  safe_path = 0
  import site = 1
  is in build tree = 0
  stdlib dir = '/home1/picpixels/virtualenv/admin.picpixels.com/3.12/lib64/python3.11'
  sys._base_executable = '/home1/picpixels/virtualenv/admin.picpixels.com/3.11/bin/python'
  sys.base_prefix = '/home1/picpixels/virtualenv/admin.picpixels.com/3.12'
  sys.base_exec_prefix = '/home1/picpixels/virtualenv/admin.picpixels.com/3.12'
  sys.platlibdir = 'lib64'
  sys.executable = '/home1/picpixels/virtualenv/admin.picpixels.com/3.11/bin/python'
  sys.prefix = '/home1/picpixels/virtualenv/admin.picpixels.com/3.12'
  sys.exec_prefix = '/home1/picpixels/virtualenv/admin.picpixels.com/3.12'
  sys.path = [
    '/home1/picpixels/admin.picpixels.com',
    '/home1/picpixels/admin.picpixels.com',
    '/home1/picpixels/virtualenv/admin.picpixels.com/3.12/lib64/python311.zip',
    '/home1/picpixels/virtualenv/admin.picpixels.com/3.12/lib64/python3.11',
    '/home1/picpixels/virtualenv/admin.picpixels.com/3.12/lib64/python3.11/lib-dynload',
  ]
Fatal Python error: init_fs_encoding: failed to get the Python codec of the filesystem encoding
Python runtime state: core initialized
ModuleNotFoundError: No module named 'encodings'

Current thread 0x00007f8a022c0740 (most recent call first):
  <no Python frame>
/usr/local/lsws/fcgi-bin/lswsgi_wrapper: line 8: cd: /home1/picpixels/virtualenv/admin.picpixels.com/3.12: No such file or directory
/usr/local/lsws/fcgi-bin/lswsgi_wrapper: line 9: /home1/picpixels/virtualenv/admin.picpixels.com/3.12/bin/set_env_vars.py: No such file or directory
Python path configuration:
  PYTHONHOME = '/home1/picpixels/virtualenv/admin.picpixels.com/3.12'
  PYTHONPATH = '.:/home1/picpixels/admin.picpixels.com/'
  program name = '/home1/picpixels/virtualenv/admin.picpixels.com/3.11/bin/python'
  isolated = 0
  environment = 1
  user site = 1
  safe_path = 0
  import site = 1
  is in build tree = 0
  stdlib dir = '/home1/picpixels/virtualenv/admin.picpixels.com/3.12/lib64/python3.11'
  sys._base_executable = '/home1/picpixels/virtualenv/admin.picpixels.com/3.11/bin/python'
  sys.base_prefix = '/home1/picpixels/virtualenv/admin.picpixels.com/3.12'
  sys.base_exec_prefix = '/home1/picpixels/virtualenv/admin.picpixels.com/3.12'
  sys.platlibdir = 'lib64'
  sys.executable = '/home1/picpixels/virtualenv/admin.picpixels.com/3.11/bin/python'
  sys.prefix = '/home1/picpixels/virtualenv/admin.picpixels.com/3.12'
  sys.exec_prefix = '/home1/picpixels/virtualenv/admin.picpixels.com/3.12'
  sys.path = [
    '/home1/picpixels/admin.picpixels.com',
    '/home1/picpixels/admin.picpixels.com',
    '/home1/picpixels/virtualenv/admin.picpixels.com/3.12/lib64/python311.zip',
    '/home1/picpixels/virtualenv/admin.picpixels.com/3.12/lib64/python3.11',
    '/home1/picpixels/virtualenv/admin.picpixels.com/3.12/lib64/python3.11/lib-dynload',
  ]
Fatal Python error: init_fs_encoding: failed to get the Python codec of the filesystem encoding
Python runtime state: core initialized
ModuleNotFoundError: No module named 'encodings'

Current thread 0x00007f76c8d58740 (most recent call first):
  <no Python frame>
/usr/local/lsws/fcgi-bin/lswsgi_wrapper: line 8: cd: /home1/picpixels/virtualenv/admin.picpixels.com/3.12: No such file or directory
/usr/local/lsws/fcgi-bin/lswsgi_wrapper: line 9: /home1/picpixels/virtualenv/admin.picpixels.com/3.12/bin/set_env_vars.py: No such file or directory
Python path configuration:
  PYTHONHOME = '/home1/picpixels/virtualenv/admin.picpixels.com/3.12'
  PYTHONPATH = '.:/home1/picpixels/admin.picpixels.com/'
  program name = '/home1/picpixels/virtualenv/admin.picpixels.com/3.11/bin/python'
  isolated = 0
  environment = 1
  user site = 1
  safe_path = 0
  import site = 1
  is in build tree = 0
  stdlib dir = '/home1/picpixels/virtualenv/admin.picpixels.com/3.12/lib64/python3.11'
  sys._base_executable = '/home1/picpixels/virtualenv/admin.picpixels.com/3.11/bin/python'
  sys.base_prefix = '/home1/picpixels/virtualenv/admin.picpixels.com/3.12'
  sys.base_exec_prefix = '/home1/picpixels/virtualenv/admin.picpixels.com/3.12'
  sys.platlibdir = 'lib64'
  sys.executable = '/home1/picpixels/virtualenv/admin.picpixels.com/3.11/bin/python'
  sys.prefix = '/home1/picpixels/virtualenv/admin.picpixels.com/3.12'
  sys.exec_prefix = '/home1/picpixels/virtualenv/admin.picpixels.com/3.12'
  sys.path = [
    '/home1/picpixels/admin.picpixels.com',
    '/home1/picpixels/admin.picpixels.com',
    '/home1/picpixels/virtualenv/admin.picpixels.com/3.12/lib64/python311.zip',
    '/home1/picpixels/virtualenv/admin.picpixels.com/3.12/lib64/python3.11',
    '/home1/picpixels/virtualenv/admin.picpixels.com/3.12/lib64/python3.11/lib-dynload',
  ]
Fatal Python error: init_fs_encoding: failed to get the Python codec of the filesystem encoding
Python runtime state: core initialized
ModuleNotFoundError: No module named 'encodings'

Current thread 0x00007f70cc9cd740 (most recent call first):
  <no Python frame>
/usr/local/lsws/fcgi-bin/lswsgi_wrapper: line 8: cd: /home1/picpixels/virtualenv/admin.picpixels.com/3.12: No such file or directory
/usr/local/lsws/fcgi-bin/lswsgi_wrapper: line 9: /home1/picpixels/virtualenv/admin.picpixels.com/3.12/bin/set_env_vars.py: No such file or directory
Python path configuration:
  PYTHONHOME = '/home1/picpixels/virtualenv/admin.picpixels.com/3.12'
  PYTHONPATH = '.:/home1/picpixels/admin.picpixels.com/'
  program name = '/home1/picpixels/virtualenv/admin.picpixels.com/3.11/bin/python'
  isolated = 0
  environment = 1
  user site = 1
  safe_path = 0
  import site = 1
  is in build tree = 0
  stdlib dir = '/home1/picpixels/virtualenv/admin.picpixels.com/3.12/lib64/python3.11'
  sys._base_executable = '/home1/picpixels/virtualenv/admin.picpixels.com/3.11/bin/python'
  sys.base_prefix = '/home1/picpixels/virtualenv/admin.picpixels.com/3.12'
  sys.base_exec_prefix = '/home1/picpixels/virtualenv/admin.picpixels.com/3.12'
  sys.platlibdir = 'lib64'
  sys.executable = '/home1/picpixels/virtualenv/admin.picpixels.com/3.11/bin/python'
  sys.prefix = '/home1/picpixels/virtualenv/admin.picpixels.com/3.12'
  sys.exec_prefix = '/home1/picpixels/virtualenv/admin.picpixels.com/3.12'
  sys.path = [
    '/home1/picpixels/admin.picpixels.com',
    '/home1/picpixels/admin.picpixels.com',
    '/home1/picpixels/virtualenv/admin.picpixels.com/3.12/lib64/python311.zip',
    '/home1/picpixels/virtualenv/admin.picpixels.com/3.12/lib64/python3.11',
    '/home1/picpixels/virtualenv/admin.picpixels.com/3.12/lib64/python3.11/lib-dynload',
  ]
Fatal Python error: init_fs_encoding: failed to get the Python codec of the filesystem encoding
Python runtime state: core initialized
ModuleNotFoundError: No module named 'encodings'

Current thread 0x00007f2e72196740 (most recent call first):
  <no Python frame>
/usr/local/lsws/fcgi-bin/lswsgi_wrapper: line 8: cd: /home1/picpixels/virtualenv/admin.picpixels.com/3.12: No such file or directory
/usr/local/lsws/fcgi-bin/lswsgi_wrapper: line 9: /home1/picpixels/virtualenv/admin.picpixels.com/3.12/bin/set_env_vars.py: No such file or directory
Python path configuration:
  PYTHONHOME = '/home1/picpixels/virtualenv/admin.picpixels.com/3.12'
  PYTHONPATH = '.:/home1/picpixels/admin.picpixels.com/'
  program name = '/home1/picpixels/virtualenv/admin.picpixels.com/3.11/bin/python'
  isolated = 0
  environment = 1
  user site = 1
  safe_path = 0
  import site = 1
  is in build tree = 0
  stdlib dir = '/home1/picpixels/virtualenv/admin.picpixels.com/3.12/lib64/python3.11'
  sys._base_executable = '/home1/picpixels/virtualenv/admin.picpixels.com/3.11/bin/python'
  sys.base_prefix = '/home1/picpixels/virtualenv/admin.picpixels.com/3.12'
  sys.base_exec_prefix = '/home1/picpixels/virtualenv/admin.picpixels.com/3.12'
  sys.platlibdir = 'lib64'
  sys.executable = '/home1/picpixels/virtualenv/admin.picpixels.com/3.11/bin/python'
  sys.prefix = '/home1/picpixels/virtualenv/admin.picpixels.com/3.12'
  sys.exec_prefix = '/home1/picpixels/virtualenv/admin.picpixels.com/3.12'
  sys.path = [
    '/home1/picpixels/admin.picpixels.com',
    '/home1/picpixels/admin.picpixels.com',
    '/home1/picpixels/virtualenv/admin.picpixels.com/3.12/lib64/python311.zip',
    '/home1/picpixels/virtualenv/admin.picpixels.com/3.12/lib64/python3.11',
    '/home1/picpixels/virtualenv/admin.picpixels.com/3.12/lib64/python3.11/lib-dynload',
  ]
Fatal Python error: init_fs_encoding: failed to get the Python codec of the filesystem encoding
Python runtime state: core initialized
ModuleNotFoundError: No module named 'encodings'

Current thread 0x00007f40d7e11740 (most recent call first):
  <no Python frame>
/usr/local/lsws/fcgi-bin/lswsgi_wrapper: line 8: cd: /home1/picpixels/virtualenv/admin.picpixels.com/3.12: No such file or directory
/usr/local/lsws/fcgi-bin/lswsgi_wrapper: line 9: /home1/picpixels/virtualenv/admin.picpixels.com/3.12/bin/set_env_vars.py: No such file or directory
Python path configuration:
  PYTHONHOME = '/home1/picpixels/virtualenv/admin.picpixels.com/3.12'
  PYTHONPATH = '.:/home1/picpixels/admin.picpixels.com/'
  program name = '/home1/picpixels/virtualenv/admin.picpixels.com/3.11/bin/python'
  isolated = 0
  environment = 1
  user site = 1
  safe_path = 0
  import site = 1
  is in build tree = 0
  stdlib dir = '/home1/picpixels/virtualenv/admin.picpixels.com/3.12/lib64/python3.11'
  sys._base_executable = '/home1/picpixels/virtualenv/admin.picpixels.com/3.11/bin/python'
  sys.base_prefix = '/home1/picpixels/virtualenv/admin.picpixels.com/3.12'
  sys.base_exec_prefix = '/home1/picpixels/virtualenv/admin.picpixels.com/3.12'
  sys.platlibdir = 'lib64'
  sys.executable = '/home1/picpixels/virtualenv/admin.picpixels.com/3.11/bin/python'
  sys.prefix = '/home1/picpixels/virtualenv/admin.picpixels.com/3.12'
  sys.exec_prefix = '/home1/picpixels/virtualenv/admin.picpixels.com/3.12'
  sys.path = [
    '/home1/picpixels/admin.picpixels.com',
    '/home1/picpixels/admin.picpixels.com',
    '/home1/picpixels/virtualenv/admin.picpixels.com/3.12/lib64/python311.zip',
    '/home1/picpixels/virtualenv/admin.picpixels.com/3.12/lib64/python3.11',
    '/home1/picpixels/virtualenv/admin.picpixels.com/3.12/lib64/python3.11/lib-dynload',
  ]
Fatal Python error: init_fs_encoding: failed to get the Python codec of the filesystem encoding
Python runtime state: core initialized
ModuleNotFoundError: No module named 'encodings'

Current thread 0x00007f993637e740 (most recent call first):
  <no Python frame>
/usr/local/lsws/fcgi-bin/lswsgi_wrapper: line 8: cd: /home1/picpixels/virtualenv/admin.picpixels.com/3.12: No such file or directory
/usr/local/lsws/fcgi-bin/lswsgi_wrapper: line 9: /home1/picpixels/virtualenv/admin.picpixels.com/3.12/bin/set_env_vars.py: No such file or directory
Python path configuration:
  PYTHONHOME = '/home1/picpixels/virtualenv/admin.picpixels.com/3.12'
  PYTHONPATH = '.:/home1/picpixels/admin.picpixels.com/'
  program name = '/home1/picpixels/virtualenv/admin.picpixels.com/3.11/bin/python'
  isolated = 0
  environment = 1
  user site = 1
  safe_path = 0
  import site = 1
  is in build tree = 0
  stdlib dir = '/home1/picpixels/virtualenv/admin.picpixels.com/3.12/lib64/python3.11'
  sys._base_executable = '/home1/picpixels/virtualenv/admin.picpixels.com/3.11/bin/python'
  sys.base_prefix = '/home1/picpixels/virtualenv/admin.picpixels.com/3.12'
  sys.base_exec_prefix = '/home1/picpixels/virtualenv/admin.picpixels.com/3.12'
  sys.platlibdir = 'lib64'
  sys.executable = '/home1/picpixels/virtualenv/admin.picpixels.com/3.11/bin/python'
  sys.prefix = '/home1/picpixels/virtualenv/admin.picpixels.com/3.12'
  sys.exec_prefix = '/home1/picpixels/virtualenv/admin.picpixels.com/3.12'
  sys.path = [
    '/home1/picpixels/admin.picpixels.com',
    '/home1/picpixels/admin.picpixels.com',
    '/home1/picpixels/virtualenv/admin.picpixels.com/3.12/lib64/python311.zip',
    '/home1/picpixels/virtualenv/admin.picpixels.com/3.12/lib64/python3.11',
    '/home1/picpixels/virtualenv/admin.picpixels.com/3.12/lib64/python3.11/lib-dynload',
  ]
Fatal Python error: init_fs_encoding: failed to get the Python codec of the filesystem encoding
Python runtime state: core initialized
ModuleNotFoundError: No module named 'encodings'

Current thread 0x00007fde24039740 (most recent call first):
  <no Python frame>
/usr/local/lsws/fcgi-bin/lswsgi_wrapper: line 8: cd: /home1/picpixels/virtualenv/admin.picpixels.com/3.12: No such file or directory
/usr/local/lsws/fcgi-bin/lswsgi_wrapper: line 9: /home1/picpixels/virtualenv/admin.picpixels.com/3.12/bin/set_env_vars.py: No such file or directory
Python path configuration:
  PYTHONHOME = '/home1/picpixels/virtualenv/admin.picpixels.com/3.12'
  PYTHONPATH = '.:/home1/picpixels/admin.picpixels.com/'
  program name = '/home1/picpixels/virtualenv/admin.picpixels.com/3.11/bin/python'
  isolated = 0
  environment = 1
  user site = 1
  safe_path = 0
  import site = 1
  is in build tree = 0
  stdlib dir = '/home1/picpixels/virtualenv/admin.picpixels.com/3.12/lib64/python3.11'
  sys._base_executable = '/home1/picpixels/virtualenv/admin.picpixels.com/3.11/bin/python'
  sys.base_prefix = '/home1/picpixels/virtualenv/admin.picpixels.com/3.12'
  sys.base_exec_prefix = '/home1/picpixels/virtualenv/admin.picpixels.com/3.12'
  sys.platlibdir = 'lib64'
  sys.executable = '/home1/picpixels/virtualenv/admin.picpixels.com/3.11/bin/python'
  sys.prefix = '/home1/picpixels/virtualenv/admin.picpixels.com/3.12'
  sys.exec_prefix = '/home1/picpixels/virtualenv/admin.picpixels.com/3.12'
  sys.path = [
    '/home1/picpixels/admin.picpixels.com',
    '/home1/picpixels/admin.picpixels.com',
    '/home1/picpixels/virtualenv/admin.picpixels.com/3.12/lib64/python311.zip',
    '/home1/picpixels/virtualenv/admin.picpixels.com/3.12/lib64/python3.11',
    '/home1/picpixels/virtualenv/admin.picpixels.com/3.12/lib64/python3.11/lib-dynload',
  ]
Fatal Python error: init_fs_encoding: failed to get the Python codec of the filesystem encoding
Python runtime state: core initialized
ModuleNotFoundError: No module named 'encodings'

Current thread 0x00007fab970c5740 (most recent call first):
  <no Python frame>
/usr/local/lsws/fcgi-bin/lswsgi_wrapper: line 8: cd: /home1/picpixels/virtualenv/admin.picpixels.com/3.12: No such file or directory
/usr/local/lsws/fcgi-bin/lswsgi_wrapper: line 9: /home1/picpixels/virtualenv/admin.picpixels.com/3.12/bin/set_env_vars.py: No such file or directory
Python path configuration:
  PYTHONHOME = '/home1/picpixels/virtualenv/admin.picpixels.com/3.12'
  PYTHONPATH = '.:/home1/picpixels/admin.picpixels.com/'
  program name = '/home1/picpixels/virtualenv/admin.picpixels.com/3.11/bin/python'
  isolated = 0
  environment = 1
  user site = 1
  safe_path = 0
  import site = 1
  is in build tree = 0
  stdlib dir = '/home1/picpixels/virtualenv/admin.picpixels.com/3.12/lib64/python3.11'
  sys._base_executable = '/home1/picpixels/virtualenv/admin.picpixels.com/3.11/bin/python'
  sys.base_prefix = '/home1/picpixels/virtualenv/admin.picpixels.com/3.12'
  sys.base_exec_prefix = '/home1/picpixels/virtualenv/admin.picpixels.com/3.12'
  sys.platlibdir = 'lib64'
  sys.executable = '/home1/picpixels/virtualenv/admin.picpixels.com/3.11/bin/python'
  sys.prefix = '/home1/picpixels/virtualenv/admin.picpixels.com/3.12'
  sys.exec_prefix = '/home1/picpixels/virtualenv/admin.picpixels.com/3.12'
  sys.path = [
    '/home1/picpixels/admin.picpixels.com',
    '/home1/picpixels/admin.picpixels.com',
    '/home1/picpixels/virtualenv/admin.picpixels.com/3.12/lib64/python311.zip',
    '/home1/picpixels/virtualenv/admin.picpixels.com/3.12/lib64/python3.11',
    '/home1/picpixels/virtualenv/admin.picpixels.com/3.12/lib64/python3.11/lib-dynload',
  ]
Fatal Python error: init_fs_encoding: failed to get the Python codec of the filesystem encoding
Python runtime state: core initialized
ModuleNotFoundError: No module named 'encodings'

Current thread 0x00007fbba6e1a740 (most recent call first):
  <no Python frame>
/usr/local/lsws/fcgi-bin/lswsgi_wrapper: line 8: cd: /home1/picpixels/virtualenv/admin.picpixels.com/3.12: No such file or directory
/usr/local/lsws/fcgi-bin/lswsgi_wrapper: line 9: /home1/picpixels/virtualenv/admin.picpixels.com/3.12/bin/set_env_vars.py: No such file or directory
Python path configuration:
  PYTHONHOME = '/home1/picpixels/virtualenv/admin.picpixels.com/3.12'
  PYTHONPATH = '.:/home1/picpixels/admin.picpixels.com/'
  program name = '/home1/picpixels/virtualenv/admin.picpixels.com/3.11/bin/python'
  isolated = 0
  environment = 1
  user site = 1
  safe_path = 0
  import site = 1
  is in build tree = 0
  stdlib dir = '/home1/picpixels/virtualenv/admin.picpixels.com/3.12/lib64/python3.11'
  sys._base_executable = '/home1/picpixels/virtualenv/admin.picpixels.com/3.11/bin/python'
  sys.base_prefix = '/home1/picpixels/virtualenv/admin.picpixels.com/3.12'
  sys.base_exec_prefix = '/home1/picpixels/virtualenv/admin.picpixels.com/3.12'
  sys.platlibdir = 'lib64'
  sys.executable = '/home1/picpixels/virtualenv/admin.picpixels.com/3.11/bin/python'
  sys.prefix = '/home1/picpixels/virtualenv/admin.picpixels.com/3.12'
  sys.exec_prefix = '/home1/picpixels/virtualenv/admin.picpixels.com/3.12'
  sys.path = [
    '/home1/picpixels/admin.picpixels.com',
    '/home1/picpixels/admin.picpixels.com',
    '/home1/picpixels/virtualenv/admin.picpixels.com/3.12/lib64/python311.zip',
    '/home1/picpixels/virtualenv/admin.picpixels.com/3.12/lib64/python3.11',
    '/home1/picpixels/virtualenv/admin.picpixels.com/3.12/lib64/python3.11/lib-dynload',
  ]
Fatal Python error: init_fs_encoding: failed to get the Python codec of the filesystem encoding
Python runtime state: core initialized
ModuleNotFoundError: No module named 'encodings'

Current thread 0x00007fa38f81b740 (most recent call first):
  <no Python frame>
/usr/local/lsws/fcgi-bin/lswsgi_wrapper: line 8: cd: /home1/picpixels/virtualenv/admin.picpixels.com/3.12: No such file or directory
/usr/local/lsws/fcgi-bin/lswsgi_wrapper: line 9: /home1/picpixels/virtualenv/admin.picpixels.com/3.12/bin/set_env_vars.py: No such file or directory
Python path configuration:
  PYTHONHOME = '/home1/picpixels/virtualenv/admin.picpixels.com/3.12'
  PYTHONPATH = '.:/home1/picpixels/admin.picpixels.com/'
  program name = '/home1/picpixels/virtualenv/admin.picpixels.com/3.11/bin/python'
  isolated = 0
  environment = 1
  user site = 1
  safe_path = 0
  import site = 1
  is in build tree = 0
  stdlib dir = '/home1/picpixels/virtualenv/admin.picpixels.com/3.12/lib64/python3.11'
  sys._base_executable = '/home1/picpixels/virtualenv/admin.picpixels.com/3.11/bin/python'
  sys.base_prefix = '/home1/picpixels/virtualenv/admin.picpixels.com/3.12'
  sys.base_exec_prefix = '/home1/picpixels/virtualenv/admin.picpixels.com/3.12'
  sys.platlibdir = 'lib64'
  sys.executable = '/home1/picpixels/virtualenv/admin.picpixels.com/3.11/bin/python'
  sys.prefix = '/home1/picpixels/virtualenv/admin.picpixels.com/3.12'
  sys.exec_prefix = '/home1/picpixels/virtualenv/admin.picpixels.com/3.12'
  sys.path = [
    '/home1/picpixels/admin.picpixels.com',
    '/home1/picpixels/admin.picpixels.com',
    '/home1/picpixels/virtualenv/admin.picpixels.com/3.12/lib64/python311.zip',
    '/home1/picpixels/virtualenv/admin.picpixels.com/3.12/lib64/python3.11',
    '/home1/picpixels/virtualenv/admin.picpixels.com/3.12/lib64/python3.11/lib-dynload',
  ]
Fatal Python error: init_fs_encoding: failed to get the Python codec of the filesystem encoding
Python runtime state: core initialized
ModuleNotFoundError: No module named 'encodings'

Current thread 0x00007fa1dfef3740 (most recent call first):
  <no Python frame>
/usr/local/lsws/fcgi-bin/lswsgi_wrapper: line 8: cd: /home1/picpixels/virtualenv/admin.picpixels.com/3.12: No such file or directory
/usr/local/lsws/fcgi-bin/lswsgi_wrapper: line 9: /home1/picpixels/virtualenv/admin.picpixels.com/3.12/bin/set_env_vars.py: No such file or directory
Python path configuration:
  PYTHONHOME = '/home1/picpixels/virtualenv/admin.picpixels.com/3.12'
  PYTHONPATH = '.:/home1/picpixels/admin.picpixels.com/'
  program name = '/home1/picpixels/virtualenv/admin.picpixels.com/3.11/bin/python'
  isolated = 0
  environment = 1
  user site = 1
  safe_path = 0
  import site = 1
  is in build tree = 0
  stdlib dir = '/home1/picpixels/virtualenv/admin.picpixels.com/3.12/lib64/python3.11'
  sys._base_executable = '/home1/picpixels/virtualenv/admin.picpixels.com/3.11/bin/python'
  sys.base_prefix = '/home1/picpixels/virtualenv/admin.picpixels.com/3.12'
  sys.base_exec_prefix = '/home1/picpixels/virtualenv/admin.picpixels.com/3.12'
  sys.platlibdir = 'lib64'
  sys.executable = '/home1/picpixels/virtualenv/admin.picpixels.com/3.11/bin/python'
  sys.prefix = '/home1/picpixels/virtualenv/admin.picpixels.com/3.12'
  sys.exec_prefix = '/home1/picpixels/virtualenv/admin.picpixels.com/3.12'
  sys.path = [
    '/home1/picpixels/admin.picpixels.com',
    '/home1/picpixels/admin.picpixels.com',
    '/home1/picpixels/virtualenv/admin.picpixels.com/3.12/lib64/python311.zip',
    '/home1/picpixels/virtualenv/admin.picpixels.com/3.12/lib64/python3.11',
    '/home1/picpixels/virtualenv/admin.picpixels.com/3.12/lib64/python3.11/lib-dynload',
  ]
Fatal Python error: init_fs_encoding: failed to get the Python codec of the filesystem encoding
Python runtime state: core initialized
ModuleNotFoundError: No module named 'encodings'

Current thread 0x00007fbdb229e740 (most recent call first):
  <no Python frame>
/usr/local/lsws/fcgi-bin/lswsgi_wrapper: line 8: cd: /home1/picpixels/virtualenv/admin.picpixels.com/3.12: No such file or directory
/usr/local/lsws/fcgi-bin/lswsgi_wrapper: line 9: /home1/picpixels/virtualenv/admin.picpixels.com/3.12/bin/set_env_vars.py: No such file or directory
Python path configuration:
  PYTHONHOME = '/home1/picpixels/virtualenv/admin.picpixels.com/3.12'
  PYTHONPATH = '.:/home1/picpixels/admin.picpixels.com/'
  program name = '/home1/picpixels/virtualenv/admin.picpixels.com/3.11/bin/python'
  isolated = 0
  environment = 1
  user site = 1
  safe_path = 0
  import site = 1
  is in build tree = 0
  stdlib dir = '/home1/picpixels/virtualenv/admin.picpixels.com/3.12/lib64/python3.11'
  sys._base_executable = '/home1/picpixels/virtualenv/admin.picpixels.com/3.11/bin/python'
  sys.base_prefix = '/home1/picpixels/virtualenv/admin.picpixels.com/3.12'
  sys.base_exec_prefix = '/home1/picpixels/virtualenv/admin.picpixels.com/3.12'
  sys.platlibdir = 'lib64'
  sys.executable = '/home1/picpixels/virtualenv/admin.picpixels.com/3.11/bin/python'
  sys.prefix = '/home1/picpixels/virtualenv/admin.picpixels.com/3.12'
  sys.exec_prefix = '/home1/picpixels/virtualenv/admin.picpixels.com/3.12'
  sys.path = [
    '/home1/picpixels/admin.picpixels.com',
    '/home1/picpixels/admin.picpixels.com',
    '/home1/picpixels/virtualenv/admin.picpixels.com/3.12/lib64/python311.zip',
    '/home1/picpixels/virtualenv/admin.picpixels.com/3.12/lib64/python3.11',
    '/home1/picpixels/virtualenv/admin.picpixels.com/3.12/lib64/python3.11/lib-dynload',
  ]
Fatal Python error: init_fs_encoding: failed to get the Python codec of the filesystem encoding
Python runtime state: core initialized
ModuleNotFoundError: No module named 'encodings'

Current thread 0x00007f9fb54aa740 (most recent call first):
  <no Python frame>
/usr/local/lsws/fcgi-bin/lswsgi_wrapper: line 8: cd: /home1/picpixels/virtualenv/admin.picpixels.com/3.12: No such file or directory
/usr/local/lsws/fcgi-bin/lswsgi_wrapper: line 9: /home1/picpixels/virtualenv/admin.picpixels.com/3.12/bin/set_env_vars.py: No such file or directory
Python path configuration:
  PYTHONHOME = '/home1/picpixels/virtualenv/admin.picpixels.com/3.12'
  PYTHONPATH = '.:/home1/picpixels/admin.picpixels.com/'
  program name = '/home1/picpixels/virtualenv/admin.picpixels.com/3.11/bin/python'
  isolated = 0
  environment = 1
  user site = 1
  safe_path = 0
  import site = 1
  is in build tree = 0
  stdlib dir = '/home1/picpixels/virtualenv/admin.picpixels.com/3.12/lib64/python3.11'
  sys._base_executable = '/home1/picpixels/virtualenv/admin.picpixels.com/3.11/bin/python'
  sys.base_prefix = '/home1/picpixels/virtualenv/admin.picpixels.com/3.12'
  sys.base_exec_prefix = '/home1/picpixels/virtualenv/admin.picpixels.com/3.12'
  sys.platlibdir = 'lib64'
  sys.executable = '/home1/picpixels/virtualenv/admin.picpixels.com/3.11/bin/python'
  sys.prefix = '/home1/picpixels/virtualenv/admin.picpixels.com/3.12'
  sys.exec_prefix = '/home1/picpixels/virtualenv/admin.picpixels.com/3.12'
  sys.path = [
    '/home1/picpixels/admin.picpixels.com',
    '/home1/picpixels/admin.picpixels.com',
    '/home1/picpixels/virtualenv/admin.picpixels.com/3.12/lib64/python311.zip',
    '/home1/picpixels/virtualenv/admin.picpixels.com/3.12/lib64/python3.11',
    '/home1/picpixels/virtualenv/admin.picpixels.com/3.12/lib64/python3.11/lib-dynload',
  ]
Fatal Python error: init_fs_encoding: failed to get the Python codec of the filesystem encoding
Python runtime state: core initialized
ModuleNotFoundError: No module named 'encodings'

Current thread 0x00007f85b8ece740 (most recent call first):
  <no Python frame>
/usr/local/lsws/fcgi-bin/lswsgi_wrapper: line 8: cd: /home1/picpixels/virtualenv/admin.picpixels.com/3.12: No such file or directory
/usr/local/lsws/fcgi-bin/lswsgi_wrapper: line 9: /home1/picpixels/virtualenv/admin.picpixels.com/3.12/bin/set_env_vars.py: No such file or directory
Python path configuration:
  PYTHONHOME = '/home1/picpixels/virtualenv/admin.picpixels.com/3.12'
  PYTHONPATH = '.:/home1/picpixels/admin.picpixels.com/'
  program name = '/home1/picpixels/virtualenv/admin.picpixels.com/3.11/bin/python'
  isolated = 0
  environment = 1
  user site = 1
  safe_path = 0
  import site = 1
  is in build tree = 0
  stdlib dir = '/home1/picpixels/virtualenv/admin.picpixels.com/3.12/lib64/python3.11'
  sys._base_executable = '/home1/picpixels/virtualenv/admin.picpixels.com/3.11/bin/python'
  sys.base_prefix = '/home1/picpixels/virtualenv/admin.picpixels.com/3.12'
  sys.base_exec_prefix = '/home1/picpixels/virtualenv/admin.picpixels.com/3.12'
  sys.platlibdir = 'lib64'
  sys.executable = '/home1/picpixels/virtualenv/admin.picpixels.com/3.11/bin/python'
  sys.prefix = '/home1/picpixels/virtualenv/admin.picpixels.com/3.12'
  sys.exec_prefix = '/home1/picpixels/virtualenv/admin.picpixels.com/3.12'
  sys.path = [
    '/home1/picpixels/admin.picpixels.com',
    '/home1/picpixels/admin.picpixels.com',
    '/home1/picpixels/virtualenv/admin.picpixels.com/3.12/lib64/python311.zip',
    '/home1/picpixels/virtualenv/admin.picpixels.com/3.12/lib64/python3.11',
    '/home1/picpixels/virtualenv/admin.picpixels.com/3.12/lib64/python3.11/lib-dynload',
  ]
Fatal Python error: init_fs_encoding: failed to get the Python codec of the filesystem encoding
Python runtime state: core initialized
ModuleNotFoundError: No module named 'encodings'

Current thread 0x00007f25abcc5740 (most recent call first):
  <no Python frame>
/usr/local/lsws/fcgi-bin/lswsgi_wrapper: line 8: cd: /home1/picpixels/virtualenv/admin.picpixels.com/3.12: No such file or directory
/usr/local/lsws/fcgi-bin/lswsgi_wrapper: line 9: /home1/picpixels/virtualenv/admin.picpixels.com/3.12/bin/set_env_vars.py: No such file or directory
Python path configuration:
  PYTHONHOME = '/home1/picpixels/virtualenv/admin.picpixels.com/3.12'
  PYTHONPATH = '.:/home1/picpixels/admin.picpixels.com/'
  program name = '/home1/picpixels/virtualenv/admin.picpixels.com/3.11/bin/python'
  isolated = 0
  environment = 1
  user site = 1
  safe_path = 0
  import site = 1
  is in build tree = 0
  stdlib dir = '/home1/picpixels/virtualenv/admin.picpixels.com/3.12/lib64/python3.11'
  sys._base_executable = '/home1/picpixels/virtualenv/admin.picpixels.com/3.11/bin/python'
  sys.base_prefix = '/home1/picpixels/virtualenv/admin.picpixels.com/3.12'
  sys.base_exec_prefix = '/home1/picpixels/virtualenv/admin.picpixels.com/3.12'
  sys.platlibdir = 'lib64'
  sys.executable = '/home1/picpixels/virtualenv/admin.picpixels.com/3.11/bin/python'
  sys.prefix = '/home1/picpixels/virtualenv/admin.picpixels.com/3.12'
  sys.exec_prefix = '/home1/picpixels/virtualenv/admin.picpixels.com/3.12'
  sys.path = [
    '/home1/picpixels/admin.picpixels.com',
    '/home1/picpixels/admin.picpixels.com',
    '/home1/picpixels/virtualenv/admin.picpixels.com/3.12/lib64/python311.zip',
    '/home1/picpixels/virtualenv/admin.picpixels.com/3.12/lib64/python3.11',
    '/home1/picpixels/virtualenv/admin.picpixels.com/3.12/lib64/python3.11/lib-dynload',
  ]
Fatal Python error: init_fs_encoding: failed to get the Python codec of the filesystem encoding
Python runtime state: core initialized
ModuleNotFoundError: No module named 'encodings'

Current thread 0x00007fe60c42a740 (most recent call first):
  <no Python frame>
/usr/local/lsws/fcgi-bin/lswsgi_wrapper: line 8: cd: /home1/picpixels/virtualenv/admin.picpixels.com/3.12: No such file or directory
/usr/local/lsws/fcgi-bin/lswsgi_wrapper: line 9: /home1/picpixels/virtualenv/admin.picpixels.com/3.12/bin/set_env_vars.py: No such file or directory
Python path configuration:
  PYTHONHOME = '/home1/picpixels/virtualenv/admin.picpixels.com/3.12'
  PYTHONPATH = '.:/home1/picpixels/admin.picpixels.com/'
  program name = '/home1/picpixels/virtualenv/admin.picpixels.com/3.11/bin/python'
  isolated = 0
  environment = 1
  user site = 1
  safe_path = 0
  import site = 1
  is in build tree = 0
  stdlib dir = '/home1/picpixels/virtualenv/admin.picpixels.com/3.12/lib64/python3.11'
  sys._base_executable = '/home1/picpixels/virtualenv/admin.picpixels.com/3.11/bin/python'
  sys.base_prefix = '/home1/picpixels/virtualenv/admin.picpixels.com/3.12'
  sys.base_exec_prefix = '/home1/picpixels/virtualenv/admin.picpixels.com/3.12'
  sys.platlibdir = 'lib64'
  sys.executable = '/home1/picpixels/virtualenv/admin.picpixels.com/3.11/bin/python'
  sys.prefix = '/home1/picpixels/virtualenv/admin.picpixels.com/3.12'
  sys.exec_prefix = '/home1/picpixels/virtualenv/admin.picpixels.com/3.12'
  sys.path = [
    '/home1/picpixels/admin.picpixels.com',
    '/home1/picpixels/admin.picpixels.com',
    '/home1/picpixels/virtualenv/admin.picpixels.com/3.12/lib64/python311.zip',
    '/home1/picpixels/virtualenv/admin.picpixels.com/3.12/lib64/python3.11',
    '/home1/picpixels/virtualenv/admin.picpixels.com/3.12/lib64/python3.11/lib-dynload',
  ]
Fatal Python error: init_fs_encoding: failed to get the Python codec of the filesystem encoding
Python runtime state: core initialized
ModuleNotFoundError: No module named 'encodings'

Current thread 0x00007f3256067740 (most recent call first):
  <no Python frame>
/usr/local/lsws/fcgi-bin/lswsgi_wrapper: line 8: cd: /home1/picpixels/virtualenv/admin.picpixels.com/3.12: No such file or directory
/usr/local/lsws/fcgi-bin/lswsgi_wrapper: line 9: /home1/picpixels/virtualenv/admin.picpixels.com/3.12/bin/set_env_vars.py: No such file or directory
Python path configuration:
  PYTHONHOME = '/home1/picpixels/virtualenv/admin.picpixels.com/3.12'
  PYTHONPATH = '.:/home1/picpixels/admin.picpixels.com/'
  program name = '/home1/picpixels/virtualenv/admin.picpixels.com/3.11/bin/python'
  isolated = 0
  environment = 1
  user site = 1
  safe_path = 0
  import site = 1
  is in build tree = 0
  stdlib dir = '/home1/picpixels/virtualenv/admin.picpixels.com/3.12/lib64/python3.11'
  sys._base_executable = '/home1/picpixels/virtualenv/admin.picpixels.com/3.11/bin/python'
  sys.base_prefix = '/home1/picpixels/virtualenv/admin.picpixels.com/3.12'
  sys.base_exec_prefix = '/home1/picpixels/virtualenv/admin.picpixels.com/3.12'
  sys.platlibdir = 'lib64'
  sys.executable = '/home1/picpixels/virtualenv/admin.picpixels.com/3.11/bin/python'
  sys.prefix = '/home1/picpixels/virtualenv/admin.picpixels.com/3.12'
  sys.exec_prefix = '/home1/picpixels/virtualenv/admin.picpixels.com/3.12'
  sys.path = [
    '/home1/picpixels/admin.picpixels.com',
    '/home1/picpixels/admin.picpixels.com',
    '/home1/picpixels/virtualenv/admin.picpixels.com/3.12/lib64/python311.zip',
    '/home1/picpixels/virtualenv/admin.picpixels.com/3.12/lib64/python3.11',
    '/home1/picpixels/virtualenv/admin.picpixels.com/3.12/lib64/python3.11/lib-dynload',
  ]
Fatal Python error: init_fs_encoding: failed to get the Python codec of the filesystem encoding
Python runtime state: core initialized
ModuleNotFoundError: No module named 'encodings'

Current thread 0x00007f933e806740 (most recent call first):
  <no Python frame>
/usr/local/lsws/fcgi-bin/lswsgi_wrapper: line 8: cd: /home1/picpixels/virtualenv/admin.picpixels.com/3.12: No such file or directory
/usr/local/lsws/fcgi-bin/lswsgi_wrapper: line 9: /home1/picpixels/virtualenv/admin.picpixels.com/3.12/bin/set_env_vars.py: No such file or directory
Python path configuration:
  PYTHONHOME = '/home1/picpixels/virtualenv/admin.picpixels.com/3.12'
  PYTHONPATH = '.:/home1/picpixels/admin.picpixels.com/'
  program name = '/home1/picpixels/virtualenv/admin.picpixels.com/3.11/bin/python'
  isolated = 0
  environment = 1
  user site = 1
  safe_path = 0
  import site = 1
  is in build tree = 0
  stdlib dir = '/home1/picpixels/virtualenv/admin.picpixels.com/3.12/lib64/python3.11'
  sys._base_executable = '/home1/picpixels/virtualenv/admin.picpixels.com/3.11/bin/python'
  sys.base_prefix = '/home1/picpixels/virtualenv/admin.picpixels.com/3.12'
  sys.base_exec_prefix = '/home1/picpixels/virtualenv/admin.picpixels.com/3.12'
  sys.platlibdir = 'lib64'
  sys.executable = '/home1/picpixels/virtualenv/admin.picpixels.com/3.11/bin/python'
  sys.prefix = '/home1/picpixels/virtualenv/admin.picpixels.com/3.12'
  sys.exec_prefix = '/home1/picpixels/virtualenv/admin.picpixels.com/3.12'
  sys.path = [
    '/home1/picpixels/admin.picpixels.com',
    '/home1/picpixels/admin.picpixels.com',
    '/home1/picpixels/virtualenv/admin.picpixels.com/3.12/lib64/python311.zip',
    '/home1/picpixels/virtualenv/admin.picpixels.com/3.12/lib64/python3.11',
    '/home1/picpixels/virtualenv/admin.picpixels.com/3.12/lib64/python3.11/lib-dynload',
  ]
Fatal Python error: init_fs_encoding: failed to get the Python codec of the filesystem encoding
Python runtime state: core initialized
ModuleNotFoundError: No module named 'encodings'

Current thread 0x00007f50f5365740 (most recent call first):
  <no Python frame>
/usr/local/lsws/fcgi-bin/lswsgi_wrapper: line 8: cd: /home1/picpixels/virtualenv/admin.picpixels.com/3.12: No such file or directory
/usr/local/lsws/fcgi-bin/lswsgi_wrapper: line 9: /home1/picpixels/virtualenv/admin.picpixels.com/3.12/bin/set_env_vars.py: No such file or directory
Python path configuration:
  PYTHONHOME = '/home1/picpixels/virtualenv/admin.picpixels.com/3.12'
  PYTHONPATH = '.:/home1/picpixels/admin.picpixels.com/'
  program name = '/home1/picpixels/virtualenv/admin.picpixels.com/3.11/bin/python'
  isolated = 0
  environment = 1
  user site = 1
  safe_path = 0
  import site = 1
  is in build tree = 0
  stdlib dir = '/home1/picpixels/virtualenv/admin.picpixels.com/3.12/lib64/python3.11'
  sys._base_executable = '/home1/picpixels/virtualenv/admin.picpixels.com/3.11/bin/python'
  sys.base_prefix = '/home1/picpixels/virtualenv/admin.picpixels.com/3.12'
  sys.base_exec_prefix = '/home1/picpixels/virtualenv/admin.picpixels.com/3.12'
  sys.platlibdir = 'lib64'
  sys.executable = '/home1/picpixels/virtualenv/admin.picpixels.com/3.11/bin/python'
  sys.prefix = '/home1/picpixels/virtualenv/admin.picpixels.com/3.12'
  sys.exec_prefix = '/home1/picpixels/virtualenv/admin.picpixels.com/3.12'
  sys.path = [
    '/home1/picpixels/admin.picpixels.com',
    '/home1/picpixels/admin.picpixels.com',
    '/home1/picpixels/virtualenv/admin.picpixels.com/3.12/lib64/python311.zip',
    '/home1/picpixels/virtualenv/admin.picpixels.com/3.12/lib64/python3.11',
    '/home1/picpixels/virtualenv/admin.picpixels.com/3.12/lib64/python3.11/lib-dynload',
  ]
Fatal Python error: init_fs_encoding: failed to get the Python codec of the filesystem encoding
Python runtime state: core initialized
ModuleNotFoundError: No module named 'encodings'

Current thread 0x00007f7c1825c740 (most recent call first):
  <no Python frame>
/usr/local/lsws/fcgi-bin/lswsgi_wrapper: line 8: cd: /home1/picpixels/virtualenv/admin.picpixels.com/3.12: No such file or directory
/usr/local/lsws/fcgi-bin/lswsgi_wrapper: line 9: /home1/picpixels/virtualenv/admin.picpixels.com/3.12/bin/set_env_vars.py: No such file or directory
Python path configuration:
  PYTHONHOME = '/home1/picpixels/virtualenv/admin.picpixels.com/3.12'
  PYTHONPATH = '.:/home1/picpixels/admin.picpixels.com/'
  program name = '/home1/picpixels/virtualenv/admin.picpixels.com/3.11/bin/python'
  isolated = 0
  environment = 1
  user site = 1
  safe_path = 0
  import site = 1
  is in build tree = 0
  stdlib dir = '/home1/picpixels/virtualenv/admin.picpixels.com/3.12/lib64/python3.11'
  sys._base_executable = '/home1/picpixels/virtualenv/admin.picpixels.com/3.11/bin/python'
  sys.base_prefix = '/home1/picpixels/virtualenv/admin.picpixels.com/3.12'
  sys.base_exec_prefix = '/home1/picpixels/virtualenv/admin.picpixels.com/3.12'
  sys.platlibdir = 'lib64'
  sys.executable = '/home1/picpixels/virtualenv/admin.picpixels.com/3.11/bin/python'
  sys.prefix = '/home1/picpixels/virtualenv/admin.picpixels.com/3.12'
  sys.exec_prefix = '/home1/picpixels/virtualenv/admin.picpixels.com/3.12'
  sys.path = [
    '/home1/picpixels/admin.picpixels.com',
    '/home1/picpixels/admin.picpixels.com',
    '/home1/picpixels/virtualenv/admin.picpixels.com/3.12/lib64/python311.zip',
    '/home1/picpixels/virtualenv/admin.picpixels.com/3.12/lib64/python3.11',
    '/home1/picpixels/virtualenv/admin.picpixels.com/3.12/lib64/python3.11/lib-dynload',
  ]
Fatal Python error: init_fs_encoding: failed to get the Python codec of the filesystem encoding
Python runtime state: core initialized
ModuleNotFoundError: No module named 'encodings'

Current thread 0x00007f0a34661740 (most recent call first):
  <no Python frame>
/usr/local/lsws/fcgi-bin/lswsgi_wrapper: line 8: cd: /home1/picpixels/virtualenv/admin.picpixels.com/3.12: No such file or directory
/usr/local/lsws/fcgi-bin/lswsgi_wrapper: line 9: /home1/picpixels/virtualenv/admin.picpixels.com/3.12/bin/set_env_vars.py: No such file or directory
Python path configuration:
  PYTHONHOME = '/home1/picpixels/virtualenv/admin.picpixels.com/3.12'
  PYTHONPATH = '.:/home1/picpixels/admin.picpixels.com/'
  program name = '/home1/picpixels/virtualenv/admin.picpixels.com/3.11/bin/python'
  isolated = 0
  environment = 1
  user site = 1
  safe_path = 0
  import site = 1
  is in build tree = 0
  stdlib dir = '/home1/picpixels/virtualenv/admin.picpixels.com/3.12/lib64/python3.11'
  sys._base_executable = '/home1/picpixels/virtualenv/admin.picpixels.com/3.11/bin/python'
  sys.base_prefix = '/home1/picpixels/virtualenv/admin.picpixels.com/3.12'
  sys.base_exec_prefix = '/home1/picpixels/virtualenv/admin.picpixels.com/3.12'
  sys.platlibdir = 'lib64'
  sys.executable = '/home1/picpixels/virtualenv/admin.picpixels.com/3.11/bin/python'
  sys.prefix = '/home1/picpixels/virtualenv/admin.picpixels.com/3.12'
  sys.exec_prefix = '/home1/picpixels/virtualenv/admin.picpixels.com/3.12'
  sys.path = [
    '/home1/picpixels/admin.picpixels.com',
    '/home1/picpixels/admin.picpixels.com',
    '/home1/picpixels/virtualenv/admin.picpixels.com/3.12/lib64/python311.zip',
    '/home1/picpixels/virtualenv/admin.picpixels.com/3.12/lib64/python3.11',
    '/home1/picpixels/virtualenv/admin.picpixels.com/3.12/lib64/python3.11/lib-dynload',
  ]
Fatal Python error: init_fs_encoding: failed to get the Python codec of the filesystem encoding
Python runtime state: core initialized
ModuleNotFoundError: No module named 'encodings'

Current thread 0x00007f101f510740 (most recent call first):
  <no Python frame>
/usr/local/lsws/fcgi-bin/lswsgi_wrapper: line 8: cd: /home1/picpixels/virtualenv/admin.picpixels.com/3.12: No such file or directory
/usr/local/lsws/fcgi-bin/lswsgi_wrapper: line 9: /home1/picpixels/virtualenv/admin.picpixels.com/3.12/bin/set_env_vars.py: No such file or directory
Python path configuration:
  PYTHONHOME = '/home1/picpixels/virtualenv/admin.picpixels.com/3.12'
  PYTHONPATH = '.:/home1/picpixels/admin.picpixels.com/'
  program name = '/home1/picpixels/virtualenv/admin.picpixels.com/3.11/bin/python'
  isolated = 0
  environment = 1
  user site = 1
  safe_path = 0
  import site = 1
  is in build tree = 0
  stdlib dir = '/home1/picpixels/virtualenv/admin.picpixels.com/3.12/lib64/python3.11'
  sys._base_executable = '/home1/picpixels/virtualenv/admin.picpixels.com/3.11/bin/python'
  sys.base_prefix = '/home1/picpixels/virtualenv/admin.picpixels.com/3.12'
  sys.base_exec_prefix = '/home1/picpixels/virtualenv/admin.picpixels.com/3.12'
  sys.platlibdir = 'lib64'
  sys.executable = '/home1/picpixels/virtualenv/admin.picpixels.com/3.11/bin/python'
  sys.prefix = '/home1/picpixels/virtualenv/admin.picpixels.com/3.12'
  sys.exec_prefix = '/home1/picpixels/virtualenv/admin.picpixels.com/3.12'
  sys.path = [
    '/home1/picpixels/admin.picpixels.com',
    '/home1/picpixels/admin.picpixels.com',
    '/home1/picpixels/virtualenv/admin.picpixels.com/3.12/lib64/python311.zip',
    '/home1/picpixels/virtualenv/admin.picpixels.com/3.12/lib64/python3.11',
    '/home1/picpixels/virtualenv/admin.picpixels.com/3.12/lib64/python3.11/lib-dynload',
  ]
Fatal Python error: init_fs_encoding: failed to get the Python codec of the filesystem encoding
Python runtime state: core initialized
ModuleNotFoundError: No module named 'encodings'

Current thread 0x00007f22a062e740 (most recent call first):
  <no Python frame>
/usr/local/lsws/fcgi-bin/lswsgi_wrapper: line 8: cd: /home1/picpixels/virtualenv/admin.picpixels.com/3.12: No such file or directory
/usr/local/lsws/fcgi-bin/lswsgi_wrapper: line 9: /home1/picpixels/virtualenv/admin.picpixels.com/3.12/bin/set_env_vars.py: No such file or directory
Python path configuration:
  PYTHONHOME = '/home1/picpixels/virtualenv/admin.picpixels.com/3.12'
  PYTHONPATH = '.:/home1/picpixels/admin.picpixels.com/'
  program name = '/home1/picpixels/virtualenv/admin.picpixels.com/3.11/bin/python'
  isolated = 0
  environment = 1
  user site = 1
  safe_path = 0
  import site = 1
  is in build tree = 0
  stdlib dir = '/home1/picpixels/virtualenv/admin.picpixels.com/3.12/lib64/python3.11'
  sys._base_executable = '/home1/picpixels/virtualenv/admin.picpixels.com/3.11/bin/python'
  sys.base_prefix = '/home1/picpixels/virtualenv/admin.picpixels.com/3.12'
  sys.base_exec_prefix = '/home1/picpixels/virtualenv/admin.picpixels.com/3.12'
  sys.platlibdir = 'lib64'
  sys.executable = '/home1/picpixels/virtualenv/admin.picpixels.com/3.11/bin/python'
  sys.prefix = '/home1/picpixels/virtualenv/admin.picpixels.com/3.12'
  sys.exec_prefix = '/home1/picpixels/virtualenv/admin.picpixels.com/3.12'
  sys.path = [
    '/home1/picpixels/admin.picpixels.com',
    '/home1/picpixels/admin.picpixels.com',
    '/home1/picpixels/virtualenv/admin.picpixels.com/3.12/lib64/python311.zip',
    '/home1/picpixels/virtualenv/admin.picpixels.com/3.12/lib64/python3.11',
    '/home1/picpixels/virtualenv/admin.picpixels.com/3.12/lib64/python3.11/lib-dynload',
  ]
Fatal Python error: init_fs_encoding: failed to get the Python codec of the filesystem encoding
Python runtime state: core initialized
ModuleNotFoundError: No module named 'encodings'

Current thread 0x00007fca347d7740 (most recent call first):
  <no Python frame>
/usr/local/lsws/fcgi-bin/lswsgi_wrapper: line 8: cd: /home1/picpixels/virtualenv/admin.picpixels.com/3.12: No such file or directory
/usr/local/lsws/fcgi-bin/lswsgi_wrapper: line 9: /home1/picpixels/virtualenv/admin.picpixels.com/3.12/bin/set_env_vars.py: No such file or directory
Python path configuration:
  PYTHONHOME = '/home1/picpixels/virtualenv/admin.picpixels.com/3.12'
  PYTHONPATH = '.:/home1/picpixels/admin.picpixels.com/'
  program name = '/home1/picpixels/virtualenv/admin.picpixels.com/3.11/bin/python'
  isolated = 0
  environment = 1
  user site = 1
  safe_path = 0
  import site = 1
  is in build tree = 0
  stdlib dir = '/home1/picpixels/virtualenv/admin.picpixels.com/3.12/lib64/python3.11'
  sys._base_executable = '/home1/picpixels/virtualenv/admin.picpixels.com/3.11/bin/python'
  sys.base_prefix = '/home1/picpixels/virtualenv/admin.picpixels.com/3.12'
  sys.base_exec_prefix = '/home1/picpixels/virtualenv/admin.picpixels.com/3.12'
  sys.platlibdir = 'lib64'
  sys.executable = '/home1/picpixels/virtualenv/admin.picpixels.com/3.11/bin/python'
  sys.prefix = '/home1/picpixels/virtualenv/admin.picpixels.com/3.12'
  sys.exec_prefix = '/home1/picpixels/virtualenv/admin.picpixels.com/3.12'
  sys.path = [
    '/home1/picpixels/admin.picpixels.com',
    '/home1/picpixels/admin.picpixels.com',
    '/home1/picpixels/virtualenv/admin.picpixels.com/3.12/lib64/python311.zip',
    '/home1/picpixels/virtualenv/admin.picpixels.com/3.12/lib64/python3.11',
    '/home1/picpixels/virtualenv/admin.picpixels.com/3.12/lib64/python3.11/lib-dynload',
  ]
Fatal Python error: init_fs_encoding: failed to get the Python codec of the filesystem encoding
Python runtime state: core initialized
ModuleNotFoundError: No module named 'encodings'

Current thread 0x00007f498868d740 (most recent call first):
  <no Python frame>
/usr/local/lsws/fcgi-bin/lswsgi_wrapper: line 8: cd: /home1/picpixels/virtualenv/admin.picpixels.com/3.12: No such file or directory
/usr/local/lsws/fcgi-bin/lswsgi_wrapper: line 9: /home1/picpixels/virtualenv/admin.picpixels.com/3.12/bin/set_env_vars.py: No such file or directory
Python path configuration:
  PYTHONHOME = '/home1/picpixels/virtualenv/admin.picpixels.com/3.12'
  PYTHONPATH = '.:/home1/picpixels/admin.picpixels.com/'
  program name = '/home1/picpixels/virtualenv/admin.picpixels.com/3.11/bin/python'
  isolated = 0
  environment = 1
  user site = 1
  safe_path = 0
  import site = 1
  is in build tree = 0
  stdlib dir = '/home1/picpixels/virtualenv/admin.picpixels.com/3.12/lib64/python3.11'
  sys._base_executable = '/home1/picpixels/virtualenv/admin.picpixels.com/3.11/bin/python'
  sys.base_prefix = '/home1/picpixels/virtualenv/admin.picpixels.com/3.12'
  sys.base_exec_prefix = '/home1/picpixels/virtualenv/admin.picpixels.com/3.12'
  sys.platlibdir = 'lib64'
  sys.executable = '/home1/picpixels/virtualenv/admin.picpixels.com/3.11/bin/python'
  sys.prefix = '/home1/picpixels/virtualenv/admin.picpixels.com/3.12'
  sys.exec_prefix = '/home1/picpixels/virtualenv/admin.picpixels.com/3.12'
  sys.path = [
    '/home1/picpixels/admin.picpixels.com',
    '/home1/picpixels/admin.picpixels.com',
    '/home1/picpixels/virtualenv/admin.picpixels.com/3.12/lib64/python311.zip',
    '/home1/picpixels/virtualenv/admin.picpixels.com/3.12/lib64/python3.11',
    '/home1/picpixels/virtualenv/admin.picpixels.com/3.12/lib64/python3.11/lib-dynload',
  ]
Fatal Python error: init_fs_encoding: failed to get the Python codec of the filesystem encoding
Python runtime state: core initialized
ModuleNotFoundError: No module named 'encodings'

Current thread 0x00007fc297bfe740 (most recent call first):
  <no Python frame>
/usr/local/lsws/fcgi-bin/lswsgi_wrapper: line 8: cd: /home1/picpixels/virtualenv/admin.picpixels.com/3.12: No such file or directory
/usr/local/lsws/fcgi-bin/lswsgi_wrapper: line 9: /home1/picpixels/virtualenv/admin.picpixels.com/3.12/bin/set_env_vars.py: No such file or directory
Python path configuration:
  PYTHONHOME = '/home1/picpixels/virtualenv/admin.picpixels.com/3.12'
  PYTHONPATH = '.:/home1/picpixels/admin.picpixels.com/'
  program name = '/home1/picpixels/virtualenv/admin.picpixels.com/3.11/bin/python'
  isolated = 0
  environment = 1
  user site = 1
  safe_path = 0
  import site = 1
  is in build tree = 0
  stdlib dir = '/home1/picpixels/virtualenv/admin.picpixels.com/3.12/lib64/python3.11'
  sys._base_executable = '/home1/picpixels/virtualenv/admin.picpixels.com/3.11/bin/python'
  sys.base_prefix = '/home1/picpixels/virtualenv/admin.picpixels.com/3.12'
  sys.base_exec_prefix = '/home1/picpixels/virtualenv/admin.picpixels.com/3.12'
  sys.platlibdir = 'lib64'
  sys.executable = '/home1/picpixels/virtualenv/admin.picpixels.com/3.11/bin/python'
  sys.prefix = '/home1/picpixels/virtualenv/admin.picpixels.com/3.12'
  sys.exec_prefix = '/home1/picpixels/virtualenv/admin.picpixels.com/3.12'
  sys.path = [
    '/home1/picpixels/admin.picpixels.com',
    '/home1/picpixels/admin.picpixels.com',
    '/home1/picpixels/virtualenv/admin.picpixels.com/3.12/lib64/python311.zip',
    '/home1/picpixels/virtualenv/admin.picpixels.com/3.12/lib64/python3.11',
    '/home1/picpixels/virtualenv/admin.picpixels.com/3.12/lib64/python3.11/lib-dynload',
  ]
Fatal Python error: init_fs_encoding: failed to get the Python codec of the filesystem encoding
Python runtime state: core initialized
ModuleNotFoundError: No module named 'encodings'

Current thread 0x00007f95a332a740 (most recent call first):
  <no Python frame>
/usr/local/lsws/fcgi-bin/lswsgi_wrapper: line 8: cd: /home1/picpixels/virtualenv/admin.picpixels.com/3.12: No such file or directory
/usr/local/lsws/fcgi-bin/lswsgi_wrapper: line 9: /home1/picpixels/virtualenv/admin.picpixels.com/3.12/bin/set_env_vars.py: No such file or directory
Python path configuration:
  PYTHONHOME = '/home1/picpixels/virtualenv/admin.picpixels.com/3.12'
  PYTHONPATH = '.:/home1/picpixels/admin.picpixels.com/'
  program name = '/home1/picpixels/virtualenv/admin.picpixels.com/3.11/bin/python'
  isolated = 0
  environment = 1
  user site = 1
  safe_path = 0
  import site = 1
  is in build tree = 0
  stdlib dir = '/home1/picpixels/virtualenv/admin.picpixels.com/3.12/lib64/python3.11'
  sys._base_executable = '/home1/picpixels/virtualenv/admin.picpixels.com/3.11/bin/python'
  sys.base_prefix = '/home1/picpixels/virtualenv/admin.picpixels.com/3.12'
  sys.base_exec_prefix = '/home1/picpixels/virtualenv/admin.picpixels.com/3.12'
  sys.platlibdir = 'lib64'
  sys.executable = '/home1/picpixels/virtualenv/admin.picpixels.com/3.11/bin/python'
  sys.prefix = '/home1/picpixels/virtualenv/admin.picpixels.com/3.12'
  sys.exec_prefix = '/home1/picpixels/virtualenv/admin.picpixels.com/3.12'
  sys.path = [
    '/home1/picpixels/admin.picpixels.com',
    '/home1/picpixels/admin.picpixels.com',
    '/home1/picpixels/virtualenv/admin.picpixels.com/3.12/lib64/python311.zip',
    '/home1/picpixels/virtualenv/admin.picpixels.com/3.12/lib64/python3.11',
    '/home1/picpixels/virtualenv/admin.picpixels.com/3.12/lib64/python3.11/lib-dynload',
  ]
Fatal Python error: init_fs_encoding: failed to get the Python codec of the filesystem encoding
Python runtime state: core initialized
ModuleNotFoundError: No module named 'encodings'

Current thread 0x00007f13afc44740 (most recent call first):
  <no Python frame>
/usr/local/lsws/fcgi-bin/lswsgi_wrapper: line 8: cd: /home1/picpixels/virtualenv/admin.picpixels.com/3.12: No such file or directory
/usr/local/lsws/fcgi-bin/lswsgi_wrapper: line 9: /home1/picpixels/virtualenv/admin.picpixels.com/3.12/bin/set_env_vars.py: No such file or directory
Python path configuration:
  PYTHONHOME = '/home1/picpixels/virtualenv/admin.picpixels.com/3.12'
  PYTHONPATH = '.:/home1/picpixels/admin.picpixels.com/'
  program name = '/home1/picpixels/virtualenv/admin.picpixels.com/3.11/bin/python'
  isolated = 0
  environment = 1
  user site = 1
  safe_path = 0
  import site = 1
  is in build tree = 0
  stdlib dir = '/home1/picpixels/virtualenv/admin.picpixels.com/3.12/lib64/python3.11'
  sys._base_executable = '/home1/picpixels/virtualenv/admin.picpixels.com/3.11/bin/python'
  sys.base_prefix = '/home1/picpixels/virtualenv/admin.picpixels.com/3.12'
  sys.base_exec_prefix = '/home1/picpixels/virtualenv/admin.picpixels.com/3.12'
  sys.platlibdir = 'lib64'
  sys.executable = '/home1/picpixels/virtualenv/admin.picpixels.com/3.11/bin/python'
  sys.prefix = '/home1/picpixels/virtualenv/admin.picpixels.com/3.12'
  sys.exec_prefix = '/home1/picpixels/virtualenv/admin.picpixels.com/3.12'
  sys.path = [
    '/home1/picpixels/admin.picpixels.com',
    '/home1/picpixels/admin.picpixels.com',
    '/home1/picpixels/virtualenv/admin.picpixels.com/3.12/lib64/python311.zip',
    '/home1/picpixels/virtualenv/admin.picpixels.com/3.12/lib64/python3.11',
    '/home1/picpixels/virtualenv/admin.picpixels.com/3.12/lib64/python3.11/lib-dynload',
  ]
Fatal Python error: init_fs_encoding: failed to get the Python codec of the filesystem encoding
Python runtime state: core initialized
ModuleNotFoundError: No module named 'encodings'

Current thread 0x00007f36da2bd740 (most recent call first):
  <no Python frame>
/usr/local/lsws/fcgi-bin/lswsgi_wrapper: line 8: cd: /home1/picpixels/virtualenv/admin.picpixels.com/3.12: No such file or directory
/usr/local/lsws/fcgi-bin/lswsgi_wrapper: line 9: /home1/picpixels/virtualenv/admin.picpixels.com/3.12/bin/set_env_vars.py: No such file or directory
Python path configuration:
  PYTHONHOME = '/home1/picpixels/virtualenv/admin.picpixels.com/3.12'
  PYTHONPATH = '.:/home1/picpixels/admin.picpixels.com/'
  program name = '/home1/picpixels/virtualenv/admin.picpixels.com/3.11/bin/python'
  isolated = 0
  environment = 1
  user site = 1
  safe_path = 0
  import site = 1
  is in build tree = 0
  stdlib dir = '/home1/picpixels/virtualenv/admin.picpixels.com/3.12/lib64/python3.11'
  sys._base_executable = '/home1/picpixels/virtualenv/admin.picpixels.com/3.11/bin/python'
  sys.base_prefix = '/home1/picpixels/virtualenv/admin.picpixels.com/3.12'
  sys.base_exec_prefix = '/home1/picpixels/virtualenv/admin.picpixels.com/3.12'
  sys.platlibdir = 'lib64'
  sys.executable = '/home1/picpixels/virtualenv/admin.picpixels.com/3.11/bin/python'
  sys.prefix = '/home1/picpixels/virtualenv/admin.picpixels.com/3.12'
  sys.exec_prefix = '/home1/picpixels/virtualenv/admin.picpixels.com/3.12'
  sys.path = [
    '/home1/picpixels/admin.picpixels.com',
    '/home1/picpixels/admin.picpixels.com',
    '/home1/picpixels/virtualenv/admin.picpixels.com/3.12/lib64/python311.zip',
    '/home1/picpixels/virtualenv/admin.picpixels.com/3.12/lib64/python3.11',
    '/home1/picpixels/virtualenv/admin.picpixels.com/3.12/lib64/python3.11/lib-dynload',
  ]
Fatal Python error: init_fs_encoding: failed to get the Python codec of the filesystem encoding
Python runtime state: core initialized
ModuleNotFoundError: No module named 'encodings'

Current thread 0x00007fc8e1990740 (most recent call first):
  <no Python frame>
/usr/local/lsws/fcgi-bin/lswsgi_wrapper: line 8: cd: /home1/picpixels/virtualenv/admin.picpixels.com/3.12: No such file or directory
/usr/local/lsws/fcgi-bin/lswsgi_wrapper: line 9: /home1/picpixels/virtualenv/admin.picpixels.com/3.12/bin/set_env_vars.py: No such file or directory
Python path configuration:
  PYTHONHOME = '/home1/picpixels/virtualenv/admin.picpixels.com/3.12'
  PYTHONPATH = '.:/home1/picpixels/admin.picpixels.com/'
  program name = '/home1/picpixels/virtualenv/admin.picpixels.com/3.11/bin/python'
  isolated = 0
  environment = 1
  user site = 1
  safe_path = 0
  import site = 1
  is in build tree = 0
  stdlib dir = '/home1/picpixels/virtualenv/admin.picpixels.com/3.12/lib64/python3.11'
  sys._base_executable = '/home1/picpixels/virtualenv/admin.picpixels.com/3.11/bin/python'
  sys.base_prefix = '/home1/picpixels/virtualenv/admin.picpixels.com/3.12'
  sys.base_exec_prefix = '/home1/picpixels/virtualenv/admin.picpixels.com/3.12'
  sys.platlibdir = 'lib64'
  sys.executable = '/home1/picpixels/virtualenv/admin.picpixels.com/3.11/bin/python'
  sys.prefix = '/home1/picpixels/virtualenv/admin.picpixels.com/3.12'
  sys.exec_prefix = '/home1/picpixels/virtualenv/admin.picpixels.com/3.12'
  sys.path = [
    '/home1/picpixels/admin.picpixels.com',
    '/home1/picpixels/admin.picpixels.com',
    '/home1/picpixels/virtualenv/admin.picpixels.com/3.12/lib64/python311.zip',
    '/home1/picpixels/virtualenv/admin.picpixels.com/3.12/lib64/python3.11',
    '/home1/picpixels/virtualenv/admin.picpixels.com/3.12/lib64/python3.11/lib-dynload',
  ]
Fatal Python error: init_fs_encoding: failed to get the Python codec of the filesystem encoding
Python runtime state: core initialized
ModuleNotFoundError: No module named 'encodings'

Current thread 0x00007fde6a94c740 (most recent call first):
  <no Python frame>
/usr/local/lsws/fcgi-bin/lswsgi_wrapper: line 8: cd: /home1/picpixels/virtualenv/admin.picpixels.com/3.12: No such file or directory
/usr/local/lsws/fcgi-bin/lswsgi_wrapper: line 9: /home1/picpixels/virtualenv/admin.picpixels.com/3.12/bin/set_env_vars.py: No such file or directory
Python path configuration:
  PYTHONHOME = '/home1/picpixels/virtualenv/admin.picpixels.com/3.12'
  PYTHONPATH = '.:/home1/picpixels/admin.picpixels.com/'
  program name = '/home1/picpixels/virtualenv/admin.picpixels.com/3.11/bin/python'
  isolated = 0
  environment = 1
  user site = 1
  safe_path = 0
  import site = 1
  is in build tree = 0
  stdlib dir = '/home1/picpixels/virtualenv/admin.picpixels.com/3.12/lib64/python3.11'
  sys._base_executable = '/home1/picpixels/virtualenv/admin.picpixels.com/3.11/bin/python'
  sys.base_prefix = '/home1/picpixels/virtualenv/admin.picpixels.com/3.12'
  sys.base_exec_prefix = '/home1/picpixels/virtualenv/admin.picpixels.com/3.12'
  sys.platlibdir = 'lib64'
  sys.executable = '/home1/picpixels/virtualenv/admin.picpixels.com/3.11/bin/python'
  sys.prefix = '/home1/picpixels/virtualenv/admin.picpixels.com/3.12'
  sys.exec_prefix = '/home1/picpixels/virtualenv/admin.picpixels.com/3.12'
  sys.path = [
    '/home1/picpixels/admin.picpixels.com',
    '/home1/picpixels/admin.picpixels.com',
    '/home1/picpixels/virtualenv/admin.picpixels.com/3.12/lib64/python311.zip',
    '/home1/picpixels/virtualenv/admin.picpixels.com/3.12/lib64/python3.11',
    '/home1/picpixels/virtualenv/admin.picpixels.com/3.12/lib64/python3.11/lib-dynload',
  ]
Fatal Python error: init_fs_encoding: failed to get the Python codec of the filesystem encoding
Python runtime state: core initialized
ModuleNotFoundError: No module named 'encodings'

Current thread 0x00007fc352b5b740 (most recent call first):
  <no Python frame>
/usr/local/lsws/fcgi-bin/lswsgi_wrapper: line 8: cd: /home1/picpixels/virtualenv/admin.picpixels.com/3.12: No such file or directory
/usr/local/lsws/fcgi-bin/lswsgi_wrapper: line 9: /home1/picpixels/virtualenv/admin.picpixels.com/3.12/bin/set_env_vars.py: No such file or directory
Python path configuration:
  PYTHONHOME = '/home1/picpixels/virtualenv/admin.picpixels.com/3.12'
  PYTHONPATH = '.:/home1/picpixels/admin.picpixels.com/'
  program name = '/home1/picpixels/virtualenv/admin.picpixels.com/3.11/bin/python'
  isolated = 0
  environment = 1
  user site = 1
  safe_path = 0
  import site = 1
  is in build tree = 0
  stdlib dir = '/home1/picpixels/virtualenv/admin.picpixels.com/3.12/lib64/python3.11'
  sys._base_executable = '/home1/picpixels/virtualenv/admin.picpixels.com/3.11/bin/python'
  sys.base_prefix = '/home1/picpixels/virtualenv/admin.picpixels.com/3.12'
  sys.base_exec_prefix = '/home1/picpixels/virtualenv/admin.picpixels.com/3.12'
  sys.platlibdir = 'lib64'
  sys.executable = '/home1/picpixels/virtualenv/admin.picpixels.com/3.11/bin/python'
  sys.prefix = '/home1/picpixels/virtualenv/admin.picpixels.com/3.12'
  sys.exec_prefix = '/home1/picpixels/virtualenv/admin.picpixels.com/3.12'
  sys.path = [
    '/home1/picpixels/admin.picpixels.com',
    '/home1/picpixels/admin.picpixels.com',
    '/home1/picpixels/virtualenv/admin.picpixels.com/3.12/lib64/python311.zip',
    '/home1/picpixels/virtualenv/admin.picpixels.com/3.12/lib64/python3.11',
    '/home1/picpixels/virtualenv/admin.picpixels.com/3.12/lib64/python3.11/lib-dynload',
  ]
Fatal Python error: init_fs_encoding: failed to get the Python codec of the filesystem encoding
Python runtime state: core initialized
ModuleNotFoundError: No module named 'encodings'

Current thread 0x00007f28b03cd740 (most recent call first):
  <no Python frame>
/usr/local/lsws/fcgi-bin/lswsgi_wrapper: line 8: cd: /home1/picpixels/virtualenv/admin.picpixels.com/3.12: No such file or directory
/usr/local/lsws/fcgi-bin/lswsgi_wrapper: line 9: /home1/picpixels/virtualenv/admin.picpixels.com/3.12/bin/set_env_vars.py: No such file or directory
Python path configuration:
  PYTHONHOME = '/home1/picpixels/virtualenv/admin.picpixels.com/3.12'
  PYTHONPATH = '.:/home1/picpixels/admin.picpixels.com/'
  program name = '/home1/picpixels/virtualenv/admin.picpixels.com/3.11/bin/python'
  isolated = 0
  environment = 1
  user site = 1
  safe_path = 0
  import site = 1
  is in build tree = 0
  stdlib dir = '/home1/picpixels/virtualenv/admin.picpixels.com/3.12/lib64/python3.11'
  sys._base_executable = '/home1/picpixels/virtualenv/admin.picpixels.com/3.11/bin/python'
  sys.base_prefix = '/home1/picpixels/virtualenv/admin.picpixels.com/3.12'
  sys.base_exec_prefix = '/home1/picpixels/virtualenv/admin.picpixels.com/3.12'
  sys.platlibdir = 'lib64'
  sys.executable = '/home1/picpixels/virtualenv/admin.picpixels.com/3.11/bin/python'
  sys.prefix = '/home1/picpixels/virtualenv/admin.picpixels.com/3.12'
  sys.exec_prefix = '/home1/picpixels/virtualenv/admin.picpixels.com/3.12'
  sys.path = [
    '/home1/picpixels/admin.picpixels.com',
    '/home1/picpixels/admin.picpixels.com',
    '/home1/picpixels/virtualenv/admin.picpixels.com/3.12/lib64/python311.zip',
    '/home1/picpixels/virtualenv/admin.picpixels.com/3.12/lib64/python3.11',
    '/home1/picpixels/virtualenv/admin.picpixels.com/3.12/lib64/python3.11/lib-dynload',
  ]
Fatal Python error: init_fs_encoding: failed to get the Python codec of the filesystem encoding
Python runtime state: core initialized
ModuleNotFoundError: No module named 'encodings'

Current thread 0x00007f673cca8740 (most recent call first):
  <no Python frame>
/usr/local/lsws/fcgi-bin/lswsgi_wrapper: line 8: cd: /home1/picpixels/virtualenv/admin.picpixels.com/3.12: No such file or directory
/usr/local/lsws/fcgi-bin/lswsgi_wrapper: line 9: /home1/picpixels/virtualenv/admin.picpixels.com/3.12/bin/set_env_vars.py: No such file or directory
Python path configuration:
  PYTHONHOME = '/home1/picpixels/virtualenv/admin.picpixels.com/3.12'
  PYTHONPATH = '.:/home1/picpixels/admin.picpixels.com/'
  program name = '/home1/picpixels/virtualenv/admin.picpixels.com/3.11/bin/python'
  isolated = 0
  environment = 1
  user site = 1
  safe_path = 0
  import site = 1
  is in build tree = 0
  stdlib dir = '/home1/picpixels/virtualenv/admin.picpixels.com/3.12/lib64/python3.11'
  sys._base_executable = '/home1/picpixels/virtualenv/admin.picpixels.com/3.11/bin/python'
  sys.base_prefix = '/home1/picpixels/virtualenv/admin.picpixels.com/3.12'
  sys.base_exec_prefix = '/home1/picpixels/virtualenv/admin.picpixels.com/3.12'
  sys.platlibdir = 'lib64'
  sys.executable = '/home1/picpixels/virtualenv/admin.picpixels.com/3.11/bin/python'
  sys.prefix = '/home1/picpixels/virtualenv/admin.picpixels.com/3.12'
  sys.exec_prefix = '/home1/picpixels/virtualenv/admin.picpixels.com/3.12'
  sys.path = [
    '/home1/picpixels/admin.picpixels.com',
    '/home1/picpixels/admin.picpixels.com',
    '/home1/picpixels/virtualenv/admin.picpixels.com/3.12/lib64/python311.zip',
    '/home1/picpixels/virtualenv/admin.picpixels.com/3.12/lib64/python3.11',
    '/home1/picpixels/virtualenv/admin.picpixels.com/3.12/lib64/python3.11/lib-dynload',
  ]
Fatal Python error: init_fs_encoding: failed to get the Python codec of the filesystem encoding
Python runtime state: core initialized
ModuleNotFoundError: No module named 'encodings'

Current thread 0x00007f2913073740 (most recent call first):
  <no Python frame>
/usr/local/lsws/fcgi-bin/lswsgi_wrapper: line 8: cd: /home1/picpixels/virtualenv/admin.picpixels.com/3.12: No such file or directory
/usr/local/lsws/fcgi-bin/lswsgi_wrapper: line 9: /home1/picpixels/virtualenv/admin.picpixels.com/3.12/bin/set_env_vars.py: No such file or directory
Python path configuration:
  PYTHONHOME = '/home1/picpixels/virtualenv/admin.picpixels.com/3.12'
  PYTHONPATH = '.:/home1/picpixels/admin.picpixels.com/'
  program name = '/home1/picpixels/virtualenv/admin.picpixels.com/3.11/bin/python'
  isolated = 0
  environment = 1
  user site = 1
  safe_path = 0
  import site = 1
  is in build tree = 0
  stdlib dir = '/home1/picpixels/virtualenv/admin.picpixels.com/3.12/lib64/python3.11'
  sys._base_executable = '/home1/picpixels/virtualenv/admin.picpixels.com/3.11/bin/python'
  sys.base_prefix = '/home1/picpixels/virtualenv/admin.picpixels.com/3.12'
  sys.base_exec_prefix = '/home1/picpixels/virtualenv/admin.picpixels.com/3.12'
  sys.platlibdir = 'lib64'
  sys.executable = '/home1/picpixels/virtualenv/admin.picpixels.com/3.11/bin/python'
  sys.prefix = '/home1/picpixels/virtualenv/admin.picpixels.com/3.12'
  sys.exec_prefix = '/home1/picpixels/virtualenv/admin.picpixels.com/3.12'
  sys.path = [
    '/home1/picpixels/admin.picpixels.com',
    '/home1/picpixels/admin.picpixels.com',
    '/home1/picpixels/virtualenv/admin.picpixels.com/3.12/lib64/python311.zip',
    '/home1/picpixels/virtualenv/admin.picpixels.com/3.12/lib64/python3.11',
    '/home1/picpixels/virtualenv/admin.picpixels.com/3.12/lib64/python3.11/lib-dynload',
  ]
Fatal Python error: init_fs_encoding: failed to get the Python codec of the filesystem encoding
Python runtime state: core initialized
ModuleNotFoundError: No module named 'encodings'

Current thread 0x00007f0d0b978740 (most recent call first):
  <no Python frame>
/usr/local/lsws/fcgi-bin/lswsgi_wrapper: line 8: cd: /home1/picpixels/virtualenv/admin.picpixels.com/3.12: No such file or directory
/usr/local/lsws/fcgi-bin/lswsgi_wrapper: line 9: /home1/picpixels/virtualenv/admin.picpixels.com/3.12/bin/set_env_vars.py: No such file or directory
Python path configuration:
  PYTHONHOME = '/home1/picpixels/virtualenv/admin.picpixels.com/3.12'
  PYTHONPATH = '.:/home1/picpixels/admin.picpixels.com/'
  program name = '/home1/picpixels/virtualenv/admin.picpixels.com/3.11/bin/python'
  isolated = 0
  environment = 1
  user site = 1
  safe_path = 0
  import site = 1
  is in build tree = 0
  stdlib dir = '/home1/picpixels/virtualenv/admin.picpixels.com/3.12/lib64/python3.11'
  sys._base_executable = '/home1/picpixels/virtualenv/admin.picpixels.com/3.11/bin/python'
  sys.base_prefix = '/home1/picpixels/virtualenv/admin.picpixels.com/3.12'
  sys.base_exec_prefix = '/home1/picpixels/virtualenv/admin.picpixels.com/3.12'
  sys.platlibdir = 'lib64'
  sys.executable = '/home1/picpixels/virtualenv/admin.picpixels.com/3.11/bin/python'
  sys.prefix = '/home1/picpixels/virtualenv/admin.picpixels.com/3.12'
  sys.exec_prefix = '/home1/picpixels/virtualenv/admin.picpixels.com/3.12'
  sys.path = [
    '/home1/picpixels/admin.picpixels.com',
    '/home1/picpixels/admin.picpixels.com',
    '/home1/picpixels/virtualenv/admin.picpixels.com/3.12/lib64/python311.zip',
    '/home1/picpixels/virtualenv/admin.picpixels.com/3.12/lib64/python3.11',
    '/home1/picpixels/virtualenv/admin.picpixels.com/3.12/lib64/python3.11/lib-dynload',
  ]
Fatal Python error: init_fs_encoding: failed to get the Python codec of the filesystem encoding
Python runtime state: core initialized
ModuleNotFoundError: No module named 'encodings'

Current thread 0x00007fd3c7645740 (most recent call first):
  <no Python frame>
/usr/local/lsws/fcgi-bin/lswsgi_wrapper: line 8: cd: /home1/picpixels/virtualenv/admin.picpixels.com/3.12: No such file or directory
/usr/local/lsws/fcgi-bin/lswsgi_wrapper: line 9: /home1/picpixels/virtualenv/admin.picpixels.com/3.12/bin/set_env_vars.py: No such file or directory
Python path configuration:
  PYTHONHOME = '/home1/picpixels/virtualenv/admin.picpixels.com/3.12'
  PYTHONPATH = '.:/home1/picpixels/admin.picpixels.com/'
  program name = '/home1/picpixels/virtualenv/admin.picpixels.com/3.11/bin/python'
  isolated = 0
  environment = 1
  user site = 1
  safe_path = 0
  import site = 1
  is in build tree = 0
  stdlib dir = '/home1/picpixels/virtualenv/admin.picpixels.com/3.12/lib64/python3.11'
  sys._base_executable = '/home1/picpixels/virtualenv/admin.picpixels.com/3.11/bin/python'
  sys.base_prefix = '/home1/picpixels/virtualenv/admin.picpixels.com/3.12'
  sys.base_exec_prefix = '/home1/picpixels/virtualenv/admin.picpixels.com/3.12'
  sys.platlibdir = 'lib64'
  sys.executable = '/home1/picpixels/virtualenv/admin.picpixels.com/3.11/bin/python'
  sys.prefix = '/home1/picpixels/virtualenv/admin.picpixels.com/3.12'
  sys.exec_prefix = '/home1/picpixels/virtualenv/admin.picpixels.com/3.12'
  sys.path = [
    '/home1/picpixels/admin.picpixels.com',
    '/home1/picpixels/admin.picpixels.com',
    '/home1/picpixels/virtualenv/admin.picpixels.com/3.12/lib64/python311.zip',
    '/home1/picpixels/virtualenv/admin.picpixels.com/3.12/lib64/python3.11',
    '/home1/picpixels/virtualenv/admin.picpixels.com/3.12/lib64/python3.11/lib-dynload',
  ]
Fatal Python error: init_fs_encoding: failed to get the Python codec of the filesystem encoding
Python runtime state: core initialized
ModuleNotFoundError: No module named 'encodings'

Current thread 0x00007efe66b9d740 (most recent call first):
  <no Python frame>
/usr/local/lsws/fcgi-bin/lswsgi_wrapper: line 8: cd: /home1/picpixels/virtualenv/admin.picpixels.com/3.12: No such file or directory
/usr/local/lsws/fcgi-bin/lswsgi_wrapper: line 9: /home1/picpixels/virtualenv/admin.picpixels.com/3.12/bin/set_env_vars.py: No such file or directory
Python path configuration:
  PYTHONHOME = '/home1/picpixels/virtualenv/admin.picpixels.com/3.12'
  PYTHONPATH = '.:/home1/picpixels/admin.picpixels.com/'
  program name = '/home1/picpixels/virtualenv/admin.picpixels.com/3.11/bin/python'
  isolated = 0
  environment = 1
  user site = 1
  safe_path = 0
  import site = 1
  is in build tree = 0
  stdlib dir = '/home1/picpixels/virtualenv/admin.picpixels.com/3.12/lib64/python3.11'
  sys._base_executable = '/home1/picpixels/virtualenv/admin.picpixels.com/3.11/bin/python'
  sys.base_prefix = '/home1/picpixels/virtualenv/admin.picpixels.com/3.12'
  sys.base_exec_prefix = '/home1/picpixels/virtualenv/admin.picpixels.com/3.12'
  sys.platlibdir = 'lib64'
  sys.executable = '/home1/picpixels/virtualenv/admin.picpixels.com/3.11/bin/python'
  sys.prefix = '/home1/picpixels/virtualenv/admin.picpixels.com/3.12'
  sys.exec_prefix = '/home1/picpixels/virtualenv/admin.picpixels.com/3.12'
  sys.path = [
    '/home1/picpixels/admin.picpixels.com',
    '/home1/picpixels/admin.picpixels.com',
    '/home1/picpixels/virtualenv/admin.picpixels.com/3.12/lib64/python311.zip',
    '/home1/picpixels/virtualenv/admin.picpixels.com/3.12/lib64/python3.11',
    '/home1/picpixels/virtualenv/admin.picpixels.com/3.12/lib64/python3.11/lib-dynload',
  ]
Fatal Python error: init_fs_encoding: failed to get the Python codec of the filesystem encoding
Python runtime state: core initialized
ModuleNotFoundError: No module named 'encodings'

Current thread 0x00007f06aa162740 (most recent call first):
  <no Python frame>
/usr/local/lsws/fcgi-bin/lswsgi_wrapper: line 8: cd: /home1/picpixels/virtualenv/admin.picpixels.com/3.12: No such file or directory
/usr/local/lsws/fcgi-bin/lswsgi_wrapper: line 9: /home1/picpixels/virtualenv/admin.picpixels.com/3.12/bin/set_env_vars.py: No such file or directory
Python path configuration:
  PYTHONHOME = '/home1/picpixels/virtualenv/admin.picpixels.com/3.12'
  PYTHONPATH = '.:/home1/picpixels/admin.picpixels.com/'
  program name = '/home1/picpixels/virtualenv/admin.picpixels.com/3.11/bin/python'
  isolated = 0
  environment = 1
  user site = 1
  safe_path = 0
  import site = 1
  is in build tree = 0
  stdlib dir = '/home1/picpixels/virtualenv/admin.picpixels.com/3.12/lib64/python3.11'
  sys._base_executable = '/home1/picpixels/virtualenv/admin.picpixels.com/3.11/bin/python'
  sys.base_prefix = '/home1/picpixels/virtualenv/admin.picpixels.com/3.12'
  sys.base_exec_prefix = '/home1/picpixels/virtualenv/admin.picpixels.com/3.12'
  sys.platlibdir = 'lib64'
  sys.executable = '/home1/picpixels/virtualenv/admin.picpixels.com/3.11/bin/python'
  sys.prefix = '/home1/picpixels/virtualenv/admin.picpixels.com/3.12'
  sys.exec_prefix = '/home1/picpixels/virtualenv/admin.picpixels.com/3.12'
  sys.path = [
    '/home1/picpixels/admin.picpixels.com',
    '/home1/picpixels/admin.picpixels.com',
    '/home1/picpixels/virtualenv/admin.picpixels.com/3.12/lib64/python311.zip',
    '/home1/picpixels/virtualenv/admin.picpixels.com/3.12/lib64/python3.11',
    '/home1/picpixels/virtualenv/admin.picpixels.com/3.12/lib64/python3.11/lib-dynload',
  ]
Fatal Python error: init_fs_encoding: failed to get the Python codec of the filesystem encoding
Python runtime state: core initialized
ModuleNotFoundError: No module named 'encodings'

Current thread 0x00007f7143de1740 (most recent call first):
  <no Python frame>
/usr/local/lsws/fcgi-bin/lswsgi_wrapper: line 8: cd: /home1/picpixels/virtualenv/admin.picpixels.com/3.12: No such file or directory
/usr/local/lsws/fcgi-bin/lswsgi_wrapper: line 9: /home1/picpixels/virtualenv/admin.picpixels.com/3.12/bin/set_env_vars.py: No such file or directory
Python path configuration:
  PYTHONHOME = '/home1/picpixels/virtualenv/admin.picpixels.com/3.12'
  PYTHONPATH = '.:/home1/picpixels/admin.picpixels.com/'
  program name = '/home1/picpixels/virtualenv/admin.picpixels.com/3.11/bin/python'
  isolated = 0
  environment = 1
  user site = 1
  safe_path = 0
  import site = 1
  is in build tree = 0
  stdlib dir = '/home1/picpixels/virtualenv/admin.picpixels.com/3.12/lib64/python3.11'
  sys._base_executable = '/home1/picpixels/virtualenv/admin.picpixels.com/3.11/bin/python'
  sys.base_prefix = '/home1/picpixels/virtualenv/admin.picpixels.com/3.12'
  sys.base_exec_prefix = '/home1/picpixels/virtualenv/admin.picpixels.com/3.12'
  sys.platlibdir = 'lib64'
  sys.executable = '/home1/picpixels/virtualenv/admin.picpixels.com/3.11/bin/python'
  sys.prefix = '/home1/picpixels/virtualenv/admin.picpixels.com/3.12'
  sys.exec_prefix = '/home1/picpixels/virtualenv/admin.picpixels.com/3.12'
  sys.path = [
    '/home1/picpixels/admin.picpixels.com',
    '/home1/picpixels/admin.picpixels.com',
    '/home1/picpixels/virtualenv/admin.picpixels.com/3.12/lib64/python311.zip',
    '/home1/picpixels/virtualenv/admin.picpixels.com/3.12/lib64/python3.11',
    '/home1/picpixels/virtualenv/admin.picpixels.com/3.12/lib64/python3.11/lib-dynload',
  ]
Fatal Python error: init_fs_encoding: failed to get the Python codec of the filesystem encoding
Python runtime state: core initialized
ModuleNotFoundError: No module named 'encodings'

Current thread 0x00007fca0e4ba740 (most recent call first):
  <no Python frame>
/usr/local/lsws/fcgi-bin/lswsgi_wrapper: line 8: cd: /home1/picpixels/virtualenv/admin.picpixels.com/3.12: No such file or directory
/usr/local/lsws/fcgi-bin/lswsgi_wrapper: line 9: /home1/picpixels/virtualenv/admin.picpixels.com/3.12/bin/set_env_vars.py: No such file or directory
Python path configuration:
  PYTHONHOME = '/home1/picpixels/virtualenv/admin.picpixels.com/3.12'
  PYTHONPATH = '.:/home1/picpixels/admin.picpixels.com/'
  program name = '/home1/picpixels/virtualenv/admin.picpixels.com/3.11/bin/python'
  isolated = 0
  environment = 1
  user site = 1
  safe_path = 0
  import site = 1
  is in build tree = 0
  stdlib dir = '/home1/picpixels/virtualenv/admin.picpixels.com/3.12/lib64/python3.11'
  sys._base_executable = '/home1/picpixels/virtualenv/admin.picpixels.com/3.11/bin/python'
  sys.base_prefix = '/home1/picpixels/virtualenv/admin.picpixels.com/3.12'
  sys.base_exec_prefix = '/home1/picpixels/virtualenv/admin.picpixels.com/3.12'
  sys.platlibdir = 'lib64'
  sys.executable = '/home1/picpixels/virtualenv/admin.picpixels.com/3.11/bin/python'
  sys.prefix = '/home1/picpixels/virtualenv/admin.picpixels.com/3.12'
  sys.exec_prefix = '/home1/picpixels/virtualenv/admin.picpixels.com/3.12'
  sys.path = [
    '/home1/picpixels/admin.picpixels.com',
    '/home1/picpixels/admin.picpixels.com',
    '/home1/picpixels/virtualenv/admin.picpixels.com/3.12/lib64/python311.zip',
    '/home1/picpixels/virtualenv/admin.picpixels.com/3.12/lib64/python3.11',
    '/home1/picpixels/virtualenv/admin.picpixels.com/3.12/lib64/python3.11/lib-dynload',
  ]
Fatal Python error: init_fs_encoding: failed to get the Python codec of the filesystem encoding
Python runtime state: core initialized
ModuleNotFoundError: No module named 'encodings'

Current thread 0x00007fe0f987e740 (most recent call first):
  <no Python frame>
/usr/local/lsws/fcgi-bin/lswsgi_wrapper: line 8: cd: /home1/picpixels/virtualenv/admin.picpixels.com/3.12: No such file or directory
/usr/local/lsws/fcgi-bin/lswsgi_wrapper: line 9: /home1/picpixels/virtualenv/admin.picpixels.com/3.12/bin/set_env_vars.py: No such file or directory
Python path configuration:
  PYTHONHOME = '/home1/picpixels/virtualenv/admin.picpixels.com/3.12'
  PYTHONPATH = '.:/home1/picpixels/admin.picpixels.com/'
  program name = '/home1/picpixels/virtualenv/admin.picpixels.com/3.11/bin/python'
  isolated = 0
  environment = 1
  user site = 1
  safe_path = 0
  import site = 1
  is in build tree = 0
  stdlib dir = '/home1/picpixels/virtualenv/admin.picpixels.com/3.12/lib64/python3.11'
  sys._base_executable = '/home1/picpixels/virtualenv/admin.picpixels.com/3.11/bin/python'
  sys.base_prefix = '/home1/picpixels/virtualenv/admin.picpixels.com/3.12'
  sys.base_exec_prefix = '/home1/picpixels/virtualenv/admin.picpixels.com/3.12'
  sys.platlibdir = 'lib64'
  sys.executable = '/home1/picpixels/virtualenv/admin.picpixels.com/3.11/bin/python'
  sys.prefix = '/home1/picpixels/virtualenv/admin.picpixels.com/3.12'
  sys.exec_prefix = '/home1/picpixels/virtualenv/admin.picpixels.com/3.12'
  sys.path = [
    '/home1/picpixels/admin.picpixels.com',
    '/home1/picpixels/admin.picpixels.com',
    '/home1/picpixels/virtualenv/admin.picpixels.com/3.12/lib64/python311.zip',
    '/home1/picpixels/virtualenv/admin.picpixels.com/3.12/lib64/python3.11',
    '/home1/picpixels/virtualenv/admin.picpixels.com/3.12/lib64/python3.11/lib-dynload',
  ]
Fatal Python error: init_fs_encoding: failed to get the Python codec of the filesystem encoding
Python runtime state: core initialized
ModuleNotFoundError: No module named 'encodings'

Current thread 0x00007f8fb74d0740 (most recent call first):
  <no Python frame>
/usr/local/lsws/fcgi-bin/lswsgi_wrapper: line 8: cd: /home1/picpixels/virtualenv/admin.picpixels.com/3.12: No such file or directory
/usr/local/lsws/fcgi-bin/lswsgi_wrapper: line 9: /home1/picpixels/virtualenv/admin.picpixels.com/3.12/bin/set_env_vars.py: No such file or directory
Python path configuration:
  PYTHONHOME = '/home1/picpixels/virtualenv/admin.picpixels.com/3.12'
  PYTHONPATH = '.:/home1/picpixels/admin.picpixels.com/'
  program name = '/home1/picpixels/virtualenv/admin.picpixels.com/3.11/bin/python'
  isolated = 0
  environment = 1
  user site = 1
  safe_path = 0
  import site = 1
  is in build tree = 0
  stdlib dir = '/home1/picpixels/virtualenv/admin.picpixels.com/3.12/lib64/python3.11'
  sys._base_executable = '/home1/picpixels/virtualenv/admin.picpixels.com/3.11/bin/python'
  sys.base_prefix = '/home1/picpixels/virtualenv/admin.picpixels.com/3.12'
  sys.base_exec_prefix = '/home1/picpixels/virtualenv/admin.picpixels.com/3.12'
  sys.platlibdir = 'lib64'
  sys.executable = '/home1/picpixels/virtualenv/admin.picpixels.com/3.11/bin/python'
  sys.prefix = '/home1/picpixels/virtualenv/admin.picpixels.com/3.12'
  sys.exec_prefix = '/home1/picpixels/virtualenv/admin.picpixels.com/3.12'
  sys.path = [
    '/home1/picpixels/admin.picpixels.com',
    '/home1/picpixels/admin.picpixels.com',
    '/home1/picpixels/virtualenv/admin.picpixels.com/3.12/lib64/python311.zip',
    '/home1/picpixels/virtualenv/admin.picpixels.com/3.12/lib64/python3.11',
    '/home1/picpixels/virtualenv/admin.picpixels.com/3.12/lib64/python3.11/lib-dynload',
  ]
Fatal Python error: init_fs_encoding: failed to get the Python codec of the filesystem encoding
Python runtime state: core initialized
ModuleNotFoundError: No module named 'encodings'

Current thread 0x00007fb685e4e740 (most recent call first):
  <no Python frame>
/usr/local/lsws/fcgi-bin/lswsgi_wrapper: line 8: cd: /home1/picpixels/virtualenv/admin.picpixels.com/3.12: No such file or directory
/usr/local/lsws/fcgi-bin/lswsgi_wrapper: line 9: /home1/picpixels/virtualenv/admin.picpixels.com/3.12/bin/set_env_vars.py: No such file or directory
Python path configuration:
  PYTHONHOME = '/home1/picpixels/virtualenv/admin.picpixels.com/3.12'
  PYTHONPATH = '.:/home1/picpixels/admin.picpixels.com/'
  program name = '/home1/picpixels/virtualenv/admin.picpixels.com/3.11/bin/python'
  isolated = 0
  environment = 1
  user site = 1
  safe_path = 0
  import site = 1
  is in build tree = 0
  stdlib dir = '/home1/picpixels/virtualenv/admin.picpixels.com/3.12/lib64/python3.11'
  sys._base_executable = '/home1/picpixels/virtualenv/admin.picpixels.com/3.11/bin/python'
  sys.base_prefix = '/home1/picpixels/virtualenv/admin.picpixels.com/3.12'
  sys.base_exec_prefix = '/home1/picpixels/virtualenv/admin.picpixels.com/3.12'
  sys.platlibdir = 'lib64'
  sys.executable = '/home1/picpixels/virtualenv/admin.picpixels.com/3.11/bin/python'
  sys.prefix = '/home1/picpixels/virtualenv/admin.picpixels.com/3.12'
  sys.exec_prefix = '/home1/picpixels/virtualenv/admin.picpixels.com/3.12'
  sys.path = [
    '/home1/picpixels/admin.picpixels.com',
    '/home1/picpixels/admin.picpixels.com',
    '/home1/picpixels/virtualenv/admin.picpixels.com/3.12/lib64/python311.zip',
    '/home1/picpixels/virtualenv/admin.picpixels.com/3.12/lib64/python3.11',
    '/home1/picpixels/virtualenv/admin.picpixels.com/3.12/lib64/python3.11/lib-dynload',
  ]
Fatal Python error: init_fs_encoding: failed to get the Python codec of the filesystem encoding
Python runtime state: core initialized
ModuleNotFoundError: No module named 'encodings'

Current thread 0x00007fda63d36740 (most recent call first):
  <no Python frame>
/usr/local/lsws/fcgi-bin/lswsgi_wrapper: line 8: cd: /home1/picpixels/virtualenv/admin.picpixels.com/3.12: No such file or directory
/usr/local/lsws/fcgi-bin/lswsgi_wrapper: line 9: /home1/picpixels/virtualenv/admin.picpixels.com/3.12/bin/set_env_vars.py: No such file or directory
Python path configuration:
  PYTHONHOME = '/home1/picpixels/virtualenv/admin.picpixels.com/3.12'
  PYTHONPATH = '.:/home1/picpixels/admin.picpixels.com/'
  program name = '/home1/picpixels/virtualenv/admin.picpixels.com/3.11/bin/python'
  isolated = 0
  environment = 1
  user site = 1
  safe_path = 0
  import site = 1
  is in build tree = 0
  stdlib dir = '/home1/picpixels/virtualenv/admin.picpixels.com/3.12/lib64/python3.11'
  sys._base_executable = '/home1/picpixels/virtualenv/admin.picpixels.com/3.11/bin/python'
  sys.base_prefix = '/home1/picpixels/virtualenv/admin.picpixels.com/3.12'
  sys.base_exec_prefix = '/home1/picpixels/virtualenv/admin.picpixels.com/3.12'
  sys.platlibdir = 'lib64'
  sys.executable = '/home1/picpixels/virtualenv/admin.picpixels.com/3.11/bin/python'
  sys.prefix = '/home1/picpixels/virtualenv/admin.picpixels.com/3.12'
  sys.exec_prefix = '/home1/picpixels/virtualenv/admin.picpixels.com/3.12'
  sys.path = [
    '/home1/picpixels/admin.picpixels.com',
    '/home1/picpixels/admin.picpixels.com',
    '/home1/picpixels/virtualenv/admin.picpixels.com/3.12/lib64/python311.zip',
    '/home1/picpixels/virtualenv/admin.picpixels.com/3.12/lib64/python3.11',
    '/home1/picpixels/virtualenv/admin.picpixels.com/3.12/lib64/python3.11/lib-dynload',
  ]
Fatal Python error: init_fs_encoding: failed to get the Python codec of the filesystem encoding
Python runtime state: core initialized
ModuleNotFoundError: No module named 'encodings'

Current thread 0x00007f7abdd40740 (most recent call first):
  <no Python frame>
/home1/picpixels/virtualenv/admin.picpixels.com/3.11/lib/python3.11/site-packages/rest_framework/pagination.py:198: UnorderedObjectListWarning: Pagination may yield inconsistent results with an unordered object_list: <class 'site_settings.models.SiteSetting'> QuerySet.
  paginator = self.django_paginator_class(queryset, page_size)
/home1/picpixels/virtualenv/admin.picpixels.com/3.11/lib/python3.11/site-packages/rest_framework/pagination.py:198: UnorderedObjectListWarning: Pagination may yield inconsistent results with an unordered object_list: <class 'cms.models.PricingConfigSection'> QuerySet.
  paginator = self.django_paginator_class(queryset, page_size)
/home1/picpixels/virtualenv/admin.picpixels.com/3.11/lib/python3.11/site-packages/rest_framework/pagination.py:198: UnorderedObjectListWarning: Pagination may yield inconsistent results with an unordered object_list: <class 'cms.models.HeroSection'> QuerySet.
  paginator = self.django_paginator_class(queryset, page_size)
/home1/picpixels/virtualenv/admin.picpixels.com/3.11/lib/python3.11/site-packages/rest_framework/pagination.py:198: UnorderedObjectListWarning: Pagination may yield inconsistent results with an unordered object_list: <class 'site_settings.models.SiteSetting'> QuerySet.
  paginator = self.django_paginator_class(queryset, page_size)
/home1/picpixels/virtualenv/admin.picpixels.com/3.11/lib/python3.11/site-packages/rest_framework/pagination.py:198: UnorderedObjectListWarning: Pagination may yield inconsistent results with an unordered object_list: <class 'cms.models.HeroSection'> QuerySet.
  paginator = self.django_paginator_class(queryset, page_size)
/home1/picpixels/virtualenv/admin.picpixels.com/3.11/lib/python3.11/site-packages/rest_framework/pagination.py:198: UnorderedObjectListWarning: Pagination may yield inconsistent results with an unordered object_list: <class 'cms.models.PricingConfigSection'> QuerySet.
  paginator = self.django_paginator_class(queryset, page_size)
/home1/picpixels/virtualenv/admin.picpixels.com/3.11/lib/python3.11/site-packages/rest_framework/pagination.py:198: UnorderedObjectListWarning: Pagination may yield inconsistent results with an unordered object_list: <class 'cms.models.HeroSection'> QuerySet.
  paginator = self.django_paginator_class(queryset, page_size)
/home1/picpixels/virtualenv/admin.picpixels.com/3.11/lib/python3.11/site-packages/rest_framework/pagination.py:198: UnorderedObjectListWarning: Pagination may yield inconsistent results with an unordered object_list: <class 'site_settings.models.SiteSetting'> QuerySet.
  paginator = self.django_paginator_class(queryset, page_size)
/home1/picpixels/virtualenv/admin.picpixels.com/3.11/lib/python3.11/site-packages/rest_framework/pagination.py:198: UnorderedObjectListWarning: Pagination may yield inconsistent results with an unordered object_list: <class 'cms.models.PricingConfigSection'> QuerySet.
  paginator = self.django_paginator_class(queryset, page_size)
/home1/picpixels/virtualenv/admin.picpixels.com/3.11/lib/python3.11/site-packages/rest_framework/pagination.py:198: UnorderedObjectListWarning: Pagination may yield inconsistent results with an unordered object_list: <class 'site_settings.models.SiteSetting'> QuerySet.
  paginator = self.django_paginator_class(queryset, page_size)
/home1/picpixels/virtualenv/admin.picpixels.com/3.11/lib/python3.11/site-packages/rest_framework/pagination.py:198: UnorderedObjectListWarning: Pagination may yield inconsistent results with an unordered object_list: <class 'cms.models.HeroSection'> QuerySet.
  paginator = self.django_paginator_class(queryset, page_size)
/home1/picpixels/virtualenv/admin.picpixels.com/3.11/lib/python3.11/site-packages/rest_framework/pagination.py:198: UnorderedObjectListWarning: Pagination may yield inconsistent results with an unordered object_list: <class 'cms.models.PricingConfigSection'> QuerySet.
  paginator = self.django_paginator_class(queryset, page_size)
/home1/picpixels/virtualenv/admin.picpixels.com/3.11/lib/python3.11/site-packages/rest_framework/pagination.py:198: UnorderedObjectListWarning: Pagination may yield inconsistent results with an unordered object_list: <class 'cms.models.HeroSection'> QuerySet.
  paginator = self.django_paginator_class(queryset, page_size)
/home1/picpixels/virtualenv/admin.picpixels.com/3.11/lib/python3.11/site-packages/rest_framework/pagination.py:198: UnorderedObjectListWarning: Pagination may yield inconsistent results with an unordered object_list: <class 'cms.models.PricingConfigSection'> QuerySet.
  paginator = self.django_paginator_class(queryset, page_size)
/home1/picpixels/virtualenv/admin.picpixels.com/3.11/lib/python3.11/site-packages/rest_framework/pagination.py:198: UnorderedObjectListWarning: Pagination may yield inconsistent results with an unordered object_list: <class 'site_settings.models.SiteSetting'> QuerySet.
  paginator = self.django_paginator_class(queryset, page_size)
/home1/picpixels/virtualenv/admin.picpixels.com/3.11/lib/python3.11/site-packages/rest_framework/pagination.py:198: UnorderedObjectListWarning: Pagination may yield inconsistent results with an unordered object_list: <class 'cms.models.PricingConfigSection'> QuerySet.
  paginator = self.django_paginator_class(queryset, page_size)
/home1/picpixels/virtualenv/admin.picpixels.com/3.11/lib/python3.11/site-packages/rest_framework/pagination.py:198: UnorderedObjectListWarning: Pagination may yield inconsistent results with an unordered object_list: <class 'cms.models.HeroSection'> QuerySet.
  paginator = self.django_paginator_class(queryset, page_size)
/home1/picpixels/virtualenv/admin.picpixels.com/3.11/lib/python3.11/site-packages/rest_framework/pagination.py:198: UnorderedObjectListWarning: Pagination may yield inconsistent results with an unordered object_list: <class 'site_settings.models.SiteSetting'> QuerySet.
  paginator = self.django_paginator_class(queryset, page_size)
/home1/picpixels/virtualenv/admin.picpixels.com/3.11/lib/python3.11/site-packages/rest_framework/pagination.py:198: UnorderedObjectListWarning: Pagination may yield inconsistent results with an unordered object_list: <class 'site_settings.models.SiteSetting'> QuerySet.
  paginator = self.django_paginator_class(queryset, page_size)
/home1/picpixels/virtualenv/admin.picpixels.com/3.11/lib/python3.11/site-packages/rest_framework/pagination.py:198: UnorderedObjectListWarning: Pagination may yield inconsistent results with an unordered object_list: <class 'cms.models.HeroSection'> QuerySet.
  paginator = self.django_paginator_class(queryset, page_size)
OSError: LSAPI: File error
/home1/picpixels/virtualenv/admin.picpixels.com/3.11/lib/python3.11/site-packages/rest_framework/pagination.py:198: UnorderedObjectListWarning: Pagination may yield inconsistent results with an unordered object_list: <class 'site_settings.models.SiteSetting'> QuerySet.
  paginator = self.django_paginator_class(queryset, page_size)
/home1/picpixels/virtualenv/admin.picpixels.com/3.11/lib/python3.11/site-packages/rest_framework/pagination.py:198: UnorderedObjectListWarning: Pagination may yield inconsistent results with an unordered object_list: <class 'site_settings.models.SiteSetting'> QuerySet.
  paginator = self.django_paginator_class(queryset, page_size)
/home1/picpixels/virtualenv/admin.picpixels.com/3.11/lib/python3.11/site-packages/rest_framework/pagination.py:198: UnorderedObjectListWarning: Pagination may yield inconsistent results with an unordered object_list: <class 'cms.models.HeroSection'> QuerySet.
  paginator = self.django_paginator_class(queryset, page_size)
/home1/picpixels/virtualenv/admin.picpixels.com/3.11/lib/python3.11/site-packages/rest_framework/pagination.py:198: UnorderedObjectListWarning: Pagination may yield inconsistent results with an unordered object_list: <class 'cms.models.PricingConfigSection'> QuerySet.
  paginator = self.django_paginator_class(queryset, page_size)
/home1/picpixels/virtualenv/admin.picpixels.com/3.11/lib/python3.11/site-packages/rest_framework/pagination.py:198: UnorderedObjectListWarning: Pagination may yield inconsistent results with an unordered object_list: <class 'site_settings.models.SiteSetting'> QuerySet.
  paginator = self.django_paginator_class(queryset, page_size)
/home1/picpixels/virtualenv/admin.picpixels.com/3.11/lib/python3.11/site-packages/rest_framework/pagination.py:198: UnorderedObjectListWarning: Pagination may yield inconsistent results with an unordered object_list: <class 'cms.models.HeroSection'> QuerySet.
  paginator = self.django_paginator_class(queryset, page_size)
/home1/picpixels/virtualenv/admin.picpixels.com/3.11/lib/python3.11/site-packages/rest_framework/pagination.py:198: UnorderedObjectListWarning: Pagination may yield inconsistent results with an unordered object_list: <class 'cms.models.PricingConfigSection'> QuerySet.
  paginator = self.django_paginator_class(queryset, page_size)
/home1/picpixels/virtualenv/admin.picpixels.com/3.11/lib/python3.11/site-packages/rest_framework/pagination.py:198: UnorderedObjectListWarning: Pagination may yield inconsistent results with an unordered object_list: <class 'site_settings.models.SiteSetting'> QuerySet.
  paginator = self.django_paginator_class(queryset, page_size)
/home1/picpixels/virtualenv/admin.picpixels.com/3.11/lib/python3.11/site-packages/rest_framework/pagination.py:198: UnorderedObjectListWarning: Pagination may yield inconsistent results with an unordered object_list: <class 'site_settings.models.SiteSetting'> QuerySet.
  paginator = self.django_paginator_class(queryset, page_size)
/home1/picpixels/virtualenv/admin.picpixels.com/3.11/lib/python3.11/site-packages/rest_framework/pagination.py:198: UnorderedObjectListWarning: Pagination may yield inconsistent results with an unordered object_list: <class 'cms.models.HeroSection'> QuerySet.
  paginator = self.django_paginator_class(queryset, page_size)
/home1/picpixels/virtualenv/admin.picpixels.com/3.11/lib/python3.11/site-packages/rest_framework/pagination.py:198: UnorderedObjectListWarning: Pagination may yield inconsistent results with an unordered object_list: <class 'cms.models.PricingConfigSection'> QuerySet.
  paginator = self.django_paginator_class(queryset, page_size)
/home1/picpixels/virtualenv/admin.picpixels.com/3.11/lib/python3.11/site-packages/rest_framework/pagination.py:198: UnorderedObjectListWarning: Pagination may yield inconsistent results with an unordered object_list: <class 'cms.models.PricingConfigSection'> QuerySet.
  paginator = self.django_paginator_class(queryset, page_size)
/home1/picpixels/virtualenv/admin.picpixels.com/3.11/lib/python3.11/site-packages/rest_framework/pagination.py:198: UnorderedObjectListWarning: Pagination may yield inconsistent results with an unordered object_list: <class 'cms.models.HeroSection'> QuerySet.
  paginator = self.django_paginator_class(queryset, page_size)
/home1/picpixels/virtualenv/admin.picpixels.com/3.11/lib/python3.11/site-packages/rest_framework/pagination.py:198: UnorderedObjectListWarning: Pagination may yield inconsistent results with an unordered object_list: <class 'site_settings.models.SiteSetting'> QuerySet.
  paginator = self.django_paginator_class(queryset, page_size)
/home1/picpixels/virtualenv/admin.picpixels.com/3.11/lib/python3.11/site-packages/rest_framework/pagination.py:198: UnorderedObjectListWarning: Pagination may yield inconsistent results with an unordered object_list: <class 'site_settings.models.SiteSetting'> QuerySet.
  paginator = self.django_paginator_class(queryset, page_size)
/home1/picpixels/virtualenv/admin.picpixels.com/3.11/lib/python3.11/site-packages/rest_framework/pagination.py:198: UnorderedObjectListWarning: Pagination may yield inconsistent results with an unordered object_list: <class 'cms.models.HeroSection'> QuerySet.
  paginator = self.django_paginator_class(queryset, page_size)
/home1/picpixels/virtualenv/admin.picpixels.com/3.11/lib/python3.11/site-packages/rest_framework/pagination.py:198: UnorderedObjectListWarning: Pagination may yield inconsistent results with an unordered object_list: <class 'cms.models.PricingConfigSection'> QuerySet.
  paginator = self.django_paginator_class(queryset, page_size)
/home1/picpixels/virtualenv/admin.picpixels.com/3.11/lib/python3.11/site-packages/rest_framework/pagination.py:198: UnorderedObjectListWarning: Pagination may yield inconsistent results with an unordered object_list: <class 'cms.models.HeroSection'> QuerySet.
  paginator = self.django_paginator_class(queryset, page_size)
/home1/picpixels/virtualenv/admin.picpixels.com/3.11/lib/python3.11/site-packages/rest_framework/pagination.py:198: UnorderedObjectListWarning: Pagination may yield inconsistent results with an unordered object_list: <class 'site_settings.models.SiteSetting'> QuerySet.
  paginator = self.django_paginator_class(queryset, page_size)
/home1/picpixels/virtualenv/admin.picpixels.com/3.11/lib/python3.11/site-packages/rest_framework/pagination.py:198: UnorderedObjectListWarning: Pagination may yield inconsistent results with an unordered object_list: <class 'site_settings.models.SiteSetting'> QuerySet.
  paginator = self.django_paginator_class(queryset, page_size)
/home1/picpixels/virtualenv/admin.picpixels.com/3.11/lib/python3.11/site-packages/rest_framework/pagination.py:198: UnorderedObjectListWarning: Pagination may yield inconsistent results with an unordered object_list: <class 'cms.models.HeroSection'> QuerySet.
  paginator = self.django_paginator_class(queryset, page_size)
/home1/picpixels/virtualenv/admin.picpixels.com/3.11/lib/python3.11/site-packages/rest_framework/pagination.py:198: UnorderedObjectListWarning: Pagination may yield inconsistent results with an unordered object_list: <class 'site_settings.models.SiteSetting'> QuerySet.
  paginator = self.django_paginator_class(queryset, page_size)
/home1/picpixels/virtualenv/admin.picpixels.com/3.11/lib/python3.11/site-packages/rest_framework/pagination.py:198: UnorderedObjectListWarning: Pagination may yield inconsistent results with an unordered object_list: <class 'site_settings.models.SiteSetting'> QuerySet.
  paginator = self.django_paginator_class(queryset, page_size)
/home1/picpixels/virtualenv/admin.picpixels.com/3.11/lib/python3.11/site-packages/rest_framework/pagination.py:198: UnorderedObjectListWarning: Pagination may yield inconsistent results with an unordered object_list: <class 'site_settings.models.SiteSetting'> QuerySet.
  paginator = self.django_paginator_class(queryset, page_size)
/home1/picpixels/virtualenv/admin.picpixels.com/3.11/lib/python3.11/site-packages/rest_framework/pagination.py:198: UnorderedObjectListWarning: Pagination may yield inconsistent results with an unordered object_list: <class 'site_settings.models.SiteSetting'> QuerySet.
  paginator = self.django_paginator_class(queryset, page_size)
/home1/picpixels/virtualenv/admin.picpixels.com/3.11/lib/python3.11/site-packages/rest_framework/pagination.py:198: UnorderedObjectListWarning: Pagination may yield inconsistent results with an unordered object_list: <class 'site_settings.models.SiteSetting'> QuerySet.
  paginator = self.django_paginator_class(queryset, page_size)
/home1/picpixels/virtualenv/admin.picpixels.com/3.11/lib/python3.11/site-packages/rest_framework/pagination.py:198: UnorderedObjectListWarning: Pagination may yield inconsistent results with an unordered object_list: <class 'site_settings.models.SiteSetting'> QuerySet.
  paginator = self.django_paginator_class(queryset, page_size)
/home1/picpixels/virtualenv/admin.picpixels.com/3.11/lib/python3.11/site-packages/rest_framework/pagination.py:198: UnorderedObjectListWarning: Pagination may yield inconsistent results with an unordered object_list: <class 'cms.models.PricingConfigSection'> QuerySet.
  paginator = self.django_paginator_class(queryset, page_size)
/home1/picpixels/virtualenv/admin.picpixels.com/3.11/lib/python3.11/site-packages/rest_framework/pagination.py:198: UnorderedObjectListWarning: Pagination may yield inconsistent results with an unordered object_list: <class 'cms.models.HeroSection'> QuerySet.
  paginator = self.django_paginator_class(queryset, page_size)
/home1/picpixels/virtualenv/admin.picpixels.com/3.11/lib/python3.11/site-packages/rest_framework/pagination.py:198: UnorderedObjectListWarning: Pagination may yield inconsistent results with an unordered object_list: <class 'site_settings.models.SiteSetting'> QuerySet.
  paginator = self.django_paginator_class(queryset, page_size)
/home1/picpixels/virtualenv/admin.picpixels.com/3.11/lib/python3.11/site-packages/rest_framework/pagination.py:198: UnorderedObjectListWarning: Pagination may yield inconsistent results with an unordered object_list: <class 'site_settings.models.SiteSetting'> QuerySet.
  paginator = self.django_paginator_class(queryset, page_size)
/home1/picpixels/virtualenv/admin.picpixels.com/3.11/lib/python3.11/site-packages/rest_framework/pagination.py:198: UnorderedObjectListWarning: Pagination may yield inconsistent results with an unordered object_list: <class 'site_settings.models.SiteSetting'> QuerySet.
  paginator = self.django_paginator_class(queryset, page_size)
/home1/picpixels/virtualenv/admin.picpixels.com/3.11/lib/python3.11/site-packages/rest_framework/pagination.py:198: UnorderedObjectListWarning: Pagination may yield inconsistent results with an unordered object_list: <class 'cms.models.PricingConfigSection'> QuerySet.
  paginator = self.django_paginator_class(queryset, page_size)
/home1/picpixels/virtualenv/admin.picpixels.com/3.11/lib/python3.11/site-packages/rest_framework/pagination.py:198: UnorderedObjectListWarning: Pagination may yield inconsistent results with an unordered object_list: <class 'cms.models.HeroSection'> QuerySet.
  paginator = self.django_paginator_class(queryset, page_size)
/home1/picpixels/virtualenv/admin.picpixels.com/3.11/lib/python3.11/site-packages/rest_framework/pagination.py:198: UnorderedObjectListWarning: Pagination may yield inconsistent results with an unordered object_list: <class 'site_settings.models.SiteSetting'> QuerySet.
  paginator = self.django_paginator_class(queryset, page_size)
/home1/picpixels/virtualenv/admin.picpixels.com/3.11/lib/python3.11/site-packages/rest_framework/pagination.py:198: UnorderedObjectListWarning: Pagination may yield inconsistent results with an unordered object_list: <class 'site_settings.models.SiteSetting'> QuerySet.
  paginator = self.django_paginator_class(queryset, page_size)
/home1/picpixels/virtualenv/admin.picpixels.com/3.11/lib/python3.11/site-packages/rest_framework/pagination.py:198: UnorderedObjectListWarning: Pagination may yield inconsistent results with an unordered object_list: <class 'site_settings.models.SiteSetting'> QuerySet.
  paginator = self.django_paginator_class(queryset, page_size)
/home1/picpixels/virtualenv/admin.picpixels.com/3.11/lib/python3.11/site-packages/rest_framework/pagination.py:198: UnorderedObjectListWarning: Pagination may yield inconsistent results with an unordered object_list: <class 'cms.models.HeroSection'> QuerySet.
  paginator = self.django_paginator_class(queryset, page_size)
/home1/picpixels/virtualenv/admin.picpixels.com/3.11/lib/python3.11/site-packages/rest_framework/pagination.py:198: UnorderedObjectListWarning: Pagination may yield inconsistent results with an unordered object_list: <class 'cms.models.PricingConfigSection'> QuerySet.
  paginator = self.django_paginator_class(queryset, page_size)
/home1/picpixels/virtualenv/admin.picpixels.com/3.11/lib/python3.11/site-packages/rest_framework/pagination.py:198: UnorderedObjectListWarning: Pagination may yield inconsistent results with an unordered object_list: <class 'site_settings.models.SiteSetting'> QuerySet.
  paginator = self.django_paginator_class(queryset, page_size)
/home1/picpixels/virtualenv/admin.picpixels.com/3.11/lib/python3.11/site-packages/rest_framework/pagination.py:198: UnorderedObjectListWarning: Pagination may yield inconsistent results with an unordered object_list: <class 'site_settings.models.SiteSetting'> QuerySet.
  paginator = self.django_paginator_class(queryset, page_size)
/home1/picpixels/virtualenv/admin.picpixels.com/3.11/lib/python3.11/site-packages/rest_framework/pagination.py:198: UnorderedObjectListWarning: Pagination may yield inconsistent results with an unordered object_list: <class 'cms.models.HeroSection'> QuerySet.
  paginator = self.django_paginator_class(queryset, page_size)
/home1/picpixels/virtualenv/admin.picpixels.com/3.11/lib/python3.11/site-packages/rest_framework/pagination.py:198: UnorderedObjectListWarning: Pagination may yield inconsistent results with an unordered object_list: <class 'cms.models.PricingConfigSection'> QuerySet.
  paginator = self.django_paginator_class(queryset, page_size)
/home1/picpixels/virtualenv/admin.picpixels.com/3.11/lib/python3.11/site-packages/rest_framework/pagination.py:198: UnorderedObjectListWarning: Pagination may yield inconsistent results with an unordered object_list: <class 'cms.models.PricingConfigSection'> QuerySet.
  paginator = self.django_paginator_class(queryset, page_size)
/home1/picpixels/virtualenv/admin.picpixels.com/3.11/lib/python3.11/site-packages/rest_framework/pagination.py:198: UnorderedObjectListWarning: Pagination may yield inconsistent results with an unordered object_list: <class 'site_settings.models.SiteSetting'> QuerySet.
  paginator = self.django_paginator_class(queryset, page_size)
/home1/picpixels/virtualenv/admin.picpixels.com/3.11/lib/python3.11/site-packages/rest_framework/pagination.py:198: UnorderedObjectListWarning: Pagination may yield inconsistent results with an unordered object_list: <class 'cms.models.PricingConfigSection'> QuerySet.
  paginator = self.django_paginator_class(queryset, page_size)
/home1/picpixels/virtualenv/admin.picpixels.com/3.11/lib/python3.11/site-packages/rest_framework/pagination.py:198: UnorderedObjectListWarning: Pagination may yield inconsistent results with an unordered object_list: <class 'cms.models.HeroSection'> QuerySet.
  paginator = self.django_paginator_class(queryset, page_size)
/home1/picpixels/virtualenv/admin.picpixels.com/3.11/lib/python3.11/site-packages/rest_framework/pagination.py:198: UnorderedObjectListWarning: Pagination may yield inconsistent results with an unordered object_list: <class 'site_settings.models.SiteSetting'> QuerySet.
  paginator = self.django_paginator_class(queryset, page_size)
/home1/picpixels/virtualenv/admin.picpixels.com/3.11/lib/python3.11/site-packages/rest_framework/pagination.py:198: UnorderedObjectListWarning: Pagination may yield inconsistent results with an unordered object_list: <class 'site_settings.models.SiteSetting'> QuerySet.
  paginator = self.django_paginator_class(queryset, page_size)
/home1/picpixels/virtualenv/admin.picpixels.com/3.11/lib/python3.11/site-packages/rest_framework/pagination.py:198: UnorderedObjectListWarning: Pagination may yield inconsistent results with an unordered object_list: <class 'cms.models.HeroSection'> QuerySet.
  paginator = self.django_paginator_class(queryset, page_size)
/home1/picpixels/virtualenv/admin.picpixels.com/3.11/lib/python3.11/site-packages/rest_framework/pagination.py:198: UnorderedObjectListWarning: Pagination may yield inconsistent results with an unordered object_list: <class 'cms.models.PricingConfigSection'> QuerySet.
  paginator = self.django_paginator_class(queryset, page_size)
/home1/picpixels/virtualenv/admin.picpixels.com/3.11/lib/python3.11/site-packages/rest_framework/pagination.py:198: UnorderedObjectListWarning: Pagination may yield inconsistent results with an unordered object_list: <class 'cms.models.HeroSection'> QuerySet.
  paginator = self.django_paginator_class(queryset, page_size)
/home1/picpixels/virtualenv/admin.picpixels.com/3.11/lib/python3.11/site-packages/rest_framework/pagination.py:198: UnorderedObjectListWarning: Pagination may yield inconsistent results with an unordered object_list: <class 'cms.models.PricingConfigSection'> QuerySet.
  paginator = self.django_paginator_class(queryset, page_size)
/home1/picpixels/virtualenv/admin.picpixels.com/3.11/lib/python3.11/site-packages/rest_framework/pagination.py:198: UnorderedObjectListWarning: Pagination may yield inconsistent results with an unordered object_list: <class 'site_settings.models.SiteSetting'> QuerySet.
  paginator = self.django_paginator_class(queryset, page_size)
/home1/picpixels/virtualenv/admin.picpixels.com/3.11/lib/python3.11/site-packages/rest_framework/pagination.py:198: UnorderedObjectListWarning: Pagination may yield inconsistent results with an unordered object_list: <class 'cms.models.HeroSection'> QuerySet.
  paginator = self.django_paginator_class(queryset, page_size)
/home1/picpixels/virtualenv/admin.picpixels.com/3.11/lib/python3.11/site-packages/rest_framework/pagination.py:198: UnorderedObjectListWarning: Pagination may yield inconsistent results with an unordered object_list: <class 'site_settings.models.SiteSetting'> QuerySet.
  paginator = self.django_paginator_class(queryset, page_size)
/home1/picpixels/virtualenv/admin.picpixels.com/3.11/lib/python3.11/site-packages/rest_framework/pagination.py:198: UnorderedObjectListWarning: Pagination may yield inconsistent results with an unordered object_list: <class 'site_settings.models.SiteSetting'> QuerySet.
  paginator = self.django_paginator_class(queryset, page_size)
/home1/picpixels/virtualenv/admin.picpixels.com/3.11/lib/python3.11/site-packages/rest_framework/pagination.py:198: UnorderedObjectListWarning: Pagination may yield inconsistent results with an unordered object_list: <class 'site_settings.models.SiteSetting'> QuerySet.
  paginator = self.django_paginator_class(queryset, page_size)
/home1/picpixels/virtualenv/admin.picpixels.com/3.11/lib/python3.11/site-packages/rest_framework/pagination.py:198: UnorderedObjectListWarning: Pagination may yield inconsistent results with an unordered object_list: <class 'site_settings.models.SiteSetting'> QuerySet.
  paginator = self.django_paginator_class(queryset, page_size)
/home1/picpixels/virtualenv/admin.picpixels.com/3.11/lib/python3.11/site-packages/rest_framework/pagination.py:198: UnorderedObjectListWarning: Pagination may yield inconsistent results with an unordered object_list: <class 'site_settings.models.SiteSetting'> QuerySet.
  paginator = self.django_paginator_class(queryset, page_size)
/home1/picpixels/virtualenv/admin.picpixels.com/3.11/lib/python3.11/site-packages/rest_framework/pagination.py:198: UnorderedObjectListWarning: Pagination may yield inconsistent results with an unordered object_list: <class 'cms.models.HeroSection'> QuerySet.
  paginator = self.django_paginator_class(queryset, page_size)
/home1/picpixels/virtualenv/admin.picpixels.com/3.11/lib/python3.11/site-packages/rest_framework/pagination.py:198: UnorderedObjectListWarning: Pagination may yield inconsistent results with an unordered object_list: <class 'cms.models.PricingConfigSection'> QuerySet.
  paginator = self.django_paginator_class(queryset, page_size)
/home1/picpixels/virtualenv/admin.picpixels.com/3.11/lib/python3.11/site-packages/rest_framework/pagination.py:198: UnorderedObjectListWarning: Pagination may yield inconsistent results with an unordered object_list: <class 'cms.models.HeroSection'> QuerySet.
  paginator = self.django_paginator_class(queryset, page_size)
/home1/picpixels/virtualenv/admin.picpixels.com/3.11/lib/python3.11/site-packages/rest_framework/pagination.py:198: UnorderedObjectListWarning: Pagination may yield inconsistent results with an unordered object_list: <class 'cms.models.PricingConfigSection'> QuerySet.
  paginator = self.django_paginator_class(queryset, page_size)
/home1/picpixels/virtualenv/admin.picpixels.com/3.11/lib/python3.11/site-packages/rest_framework/pagination.py:198: UnorderedObjectListWarning: Pagination may yield inconsistent results with an unordered object_list: <class 'site_settings.models.SiteSetting'> QuerySet.
  paginator = self.django_paginator_class(queryset, page_size)
/home1/picpixels/virtualenv/admin.picpixels.com/3.11/lib/python3.11/site-packages/rest_framework/pagination.py:198: UnorderedObjectListWarning: Pagination may yield inconsistent results with an unordered object_list: <class 'site_settings.models.SiteSetting'> QuerySet.
  paginator = self.django_paginator_class(queryset, page_size)
/home1/picpixels/virtualenv/admin.picpixels.com/3.11/lib/python3.11/site-packages/rest_framework/pagination.py:198: UnorderedObjectListWarning: Pagination may yield inconsistent results with an unordered object_list: <class 'cms.models.HeroSection'> QuerySet.
  paginator = self.django_paginator_class(queryset, page_size)
/home1/picpixels/virtualenv/admin.picpixels.com/3.11/lib/python3.11/site-packages/rest_framework/pagination.py:198: UnorderedObjectListWarning: Pagination may yield inconsistent results with an unordered object_list: <class 'site_settings.models.SiteSetting'> QuerySet.
  paginator = self.django_paginator_class(queryset, page_size)
/home1/picpixels/virtualenv/admin.picpixels.com/3.11/lib/python3.11/site-packages/rest_framework/pagination.py:198: UnorderedObjectListWarning: Pagination may yield inconsistent results with an unordered object_list: <class 'site_settings.models.SiteSetting'> QuerySet.
  paginator = self.django_paginator_class(queryset, page_size)
/home1/picpixels/virtualenv/admin.picpixels.com/3.11/lib/python3.11/site-packages/rest_framework/pagination.py:198: UnorderedObjectListWarning: Pagination may yield inconsistent results with an unordered object_list: <class 'site_settings.models.SiteSetting'> QuerySet.
  paginator = self.django_paginator_class(queryset, page_size)
/home1/picpixels/virtualenv/admin.picpixels.com/3.11/lib/python3.11/site-packages/rest_framework/pagination.py:198: UnorderedObjectListWarning: Pagination may yield inconsistent results with an unordered object_list: <class 'site_settings.models.SiteSetting'> QuerySet.
  paginator = self.django_paginator_class(queryset, page_size)
/home1/picpixels/virtualenv/admin.picpixels.com/3.11/lib/python3.11/site-packages/rest_framework/pagination.py:198: UnorderedObjectListWarning: Pagination may yield inconsistent results with an unordered object_list: <class 'cms.models.HeroSection'> QuerySet.
  paginator = self.django_paginator_class(queryset, page_size)
/home1/picpixels/virtualenv/admin.picpixels.com/3.11/lib/python3.11/site-packages/rest_framework/pagination.py:198: UnorderedObjectListWarning: Pagination may yield inconsistent results with an unordered object_list: <class 'cms.models.PricingConfigSection'> QuerySet.
  paginator = self.django_paginator_class(queryset, page_size)
/home1/picpixels/virtualenv/admin.picpixels.com/3.11/lib/python3.11/site-packages/rest_framework/pagination.py:198: UnorderedObjectListWarning: Pagination may yield inconsistent results with an unordered object_list: <class 'site_settings.models.SiteSetting'> QuerySet.
  paginator = self.django_paginator_class(queryset, page_size)
/home1/picpixels/virtualenv/admin.picpixels.com/3.11/lib/python3.11/site-packages/rest_framework/pagination.py:198: UnorderedObjectListWarning: Pagination may yield inconsistent results with an unordered object_list: <class 'cms.models.HeroSection'> QuerySet.
  paginator = self.django_paginator_class(queryset, page_size)
/home1/picpixels/virtualenv/admin.picpixels.com/3.11/lib/python3.11/site-packages/rest_framework/pagination.py:198: UnorderedObjectListWarning: Pagination may yield inconsistent results with an unordered object_list: <class 'cms.models.PricingConfigSection'> QuerySet.
  paginator = self.django_paginator_class(queryset, page_size)
/home1/picpixels/virtualenv/admin.picpixels.com/3.11/lib/python3.11/site-packages/rest_framework/pagination.py:198: UnorderedObjectListWarning: Pagination may yield inconsistent results with an unordered object_list: <class 'site_settings.models.SiteSetting'> QuerySet.
  paginator = self.django_paginator_class(queryset, page_size)
/home1/picpixels/virtualenv/admin.picpixels.com/3.11/lib/python3.11/site-packages/rest_framework/pagination.py:198: UnorderedObjectListWarning: Pagination may yield inconsistent results with an unordered object_list: <class 'cms.models.HeroSection'> QuerySet.
  paginator = self.django_paginator_class(queryset, page_size)
/home1/picpixels/virtualenv/admin.picpixels.com/3.11/lib/python3.11/site-packages/rest_framework/pagination.py:198: UnorderedObjectListWarning: Pagination may yield inconsistent results with an unordered object_list: <class 'cms.models.PricingConfigSection'> QuerySet.
  paginator = self.django_paginator_class(queryset, page_size)
/home1/picpixels/virtualenv/admin.picpixels.com/3.11/lib/python3.11/site-packages/rest_framework/pagination.py:198: UnorderedObjectListWarning: Pagination may yield inconsistent results with an unordered object_list: <class 'site_settings.models.SiteSetting'> QuerySet.
  paginator = self.django_paginator_class(queryset, page_size)
/home1/picpixels/virtualenv/admin.picpixels.com/3.11/lib/python3.11/site-packages/rest_framework/pagination.py:198: UnorderedObjectListWarning: Pagination may yield inconsistent results with an unordered object_list: <class 'cms.models.PricingConfigSection'> QuerySet.
  paginator = self.django_paginator_class(queryset, page_size)
/home1/picpixels/virtualenv/admin.picpixels.com/3.11/lib/python3.11/site-packages/rest_framework/pagination.py:198: UnorderedObjectListWarning: Pagination may yield inconsistent results with an unordered object_list: <class 'cms.models.HeroSection'> QuerySet.
  paginator = self.django_paginator_class(queryset, page_size)
/home1/picpixels/virtualenv/admin.picpixels.com/3.11/lib/python3.11/site-packages/rest_framework/pagination.py:198: UnorderedObjectListWarning: Pagination may yield inconsistent results with an unordered object_list: <class 'site_settings.models.SiteSetting'> QuerySet.
  paginator = self.django_paginator_class(queryset, page_size)
/home1/picpixels/virtualenv/admin.picpixels.com/3.11/lib/python3.11/site-packages/rest_framework/pagination.py:198: UnorderedObjectListWarning: Pagination may yield inconsistent results with an unordered object_list: <class 'cms.models.PricingConfigSection'> QuerySet.
  paginator = self.django_paginator_class(queryset, page_size)
/home1/picpixels/virtualenv/admin.picpixels.com/3.11/lib/python3.11/site-packages/rest_framework/pagination.py:198: UnorderedObjectListWarning: Pagination may yield inconsistent results with an unordered object_list: <class 'site_settings.models.SiteSetting'> QuerySet.
  paginator = self.django_paginator_class(queryset, page_size)
/home1/picpixels/virtualenv/admin.picpixels.com/3.11/lib/python3.11/site-packages/rest_framework/pagination.py:198: UnorderedObjectListWarning: Pagination may yield inconsistent results with an unordered object_list: <class 'site_settings.models.SiteSetting'> QuerySet.
  paginator = self.django_paginator_class(queryset, page_size)
/home1/picpixels/virtualenv/admin.picpixels.com/3.11/lib/python3.11/site-packages/rest_framework/pagination.py:198: UnorderedObjectListWarning: Pagination may yield inconsistent results with an unordered object_list: <class 'site_settings.models.SiteSetting'> QuerySet.
  paginator = self.django_paginator_class(queryset, page_size)
/home1/picpixels/virtualenv/admin.picpixels.com/3.11/lib/python3.11/site-packages/rest_framework/pagination.py:198: UnorderedObjectListWarning: Pagination may yield inconsistent results with an unordered object_list: <class 'site_settings.models.SiteSetting'> QuerySet.
  paginator = self.django_paginator_class(queryset, page_size)
/home1/picpixels/virtualenv/admin.picpixels.com/3.11/lib/python3.11/site-packages/rest_framework/pagination.py:198: UnorderedObjectListWarning: Pagination may yield inconsistent results with an unordered object_list: <class 'site_settings.models.SiteSetting'> QuerySet.
  paginator = self.django_paginator_class(queryset, page_size)
/home1/picpixels/virtualenv/admin.picpixels.com/3.11/lib/python3.11/site-packages/rest_framework/pagination.py:198: UnorderedObjectListWarning: Pagination may yield inconsistent results with an unordered object_list: <class 'cms.models.PricingConfigSection'> QuerySet.
  paginator = self.django_paginator_class(queryset, page_size)
/home1/picpixels/virtualenv/admin.picpixels.com/3.11/lib/python3.11/site-packages/rest_framework/pagination.py:198: UnorderedObjectListWarning: Pagination may yield inconsistent results with an unordered object_list: <class 'site_settings.models.SiteSetting'> QuerySet.
  paginator = self.django_paginator_class(queryset, page_size)
/home1/picpixels/virtualenv/admin.picpixels.com/3.11/lib/python3.11/site-packages/rest_framework/pagination.py:198: UnorderedObjectListWarning: Pagination may yield inconsistent results with an unordered object_list: <class 'cms.models.HeroSection'> QuerySet.
  paginator = self.django_paginator_class(queryset, page_size)
/home1/picpixels/virtualenv/admin.picpixels.com/3.11/lib/python3.11/site-packages/rest_framework/pagination.py:198: UnorderedObjectListWarning: Pagination may yield inconsistent results with an unordered object_list: <class 'cms.models.PricingConfigSection'> QuerySet.
  paginator = self.django_paginator_class(queryset, page_size)
/home1/picpixels/virtualenv/admin.picpixels.com/3.11/lib/python3.11/site-packages/rest_framework/pagination.py:198: UnorderedObjectListWarning: Pagination may yield inconsistent results with an unordered object_list: <class 'cms.models.HeroSection'> QuerySet.
  paginator = self.django_paginator_class(queryset, page_size)
/home1/picpixels/virtualenv/admin.picpixels.com/3.11/lib/python3.11/site-packages/rest_framework/pagination.py:198: UnorderedObjectListWarning: Pagination may yield inconsistent results with an unordered object_list: <class 'cms.models.PricingConfigSection'> QuerySet.
  paginator = self.django_paginator_class(queryset, page_size)
/home1/picpixels/virtualenv/admin.picpixels.com/3.11/lib/python3.11/site-packages/rest_framework/pagination.py:198: UnorderedObjectListWarning: Pagination may yield inconsistent results with an unordered object_list: <class 'site_settings.models.SiteSetting'> QuerySet.
  paginator = self.django_paginator_class(queryset, page_size)
/home1/picpixels/virtualenv/admin.picpixels.com/3.11/lib/python3.11/site-packages/rest_framework/pagination.py:198: UnorderedObjectListWarning: Pagination may yield inconsistent results with an unordered object_list: <class 'site_settings.models.SiteSetting'> QuerySet.
  paginator = self.django_paginator_class(queryset, page_size)
/home1/picpixels/virtualenv/admin.picpixels.com/3.11/lib/python3.11/site-packages/rest_framework/pagination.py:198: UnorderedObjectListWarning: Pagination may yield inconsistent results with an unordered object_list: <class 'site_settings.models.SiteSetting'> QuerySet.
  paginator = self.django_paginator_class(queryset, page_size)
/home1/picpixels/virtualenv/admin.picpixels.com/3.11/lib/python3.11/site-packages/rest_framework/pagination.py:198: UnorderedObjectListWarning: Pagination may yield inconsistent results with an unordered object_list: <class 'cms.models.HeroSection'> QuerySet.
  paginator = self.django_paginator_class(queryset, page_size)
/home1/picpixels/virtualenv/admin.picpixels.com/3.11/lib/python3.11/site-packages/rest_framework/pagination.py:198: UnorderedObjectListWarning: Pagination may yield inconsistent results with an unordered object_list: <class 'site_settings.models.SiteSetting'> QuerySet.
  paginator = self.django_paginator_class(queryset, page_size)
/home1/picpixels/virtualenv/admin.picpixels.com/3.11/lib/python3.11/site-packages/rest_framework/pagination.py:198: UnorderedObjectListWarning: Pagination may yield inconsistent results with an unordered object_list: <class 'cms.models.HeroSection'> QuerySet.
  paginator = self.django_paginator_class(queryset, page_size)
/home1/picpixels/virtualenv/admin.picpixels.com/3.11/lib/python3.11/site-packages/rest_framework/pagination.py:198: UnorderedObjectListWarning: Pagination may yield inconsistent results with an unordered object_list: <class 'cms.models.PricingConfigSection'> QuerySet.
  paginator = self.django_paginator_class(queryset, page_size)
/home1/picpixels/virtualenv/admin.picpixels.com/3.11/lib/python3.11/site-packages/rest_framework/pagination.py:198: UnorderedObjectListWarning: Pagination may yield inconsistent results with an unordered object_list: <class 'cms.models.HeroSection'> QuerySet.
  paginator = self.django_paginator_class(queryset, page_size)
/home1/picpixels/virtualenv/admin.picpixels.com/3.11/lib/python3.11/site-packages/rest_framework/pagination.py:198: UnorderedObjectListWarning: Pagination may yield inconsistent results with an unordered object_list: <class 'cms.models.HeroSection'> QuerySet.
  paginator = self.django_paginator_class(queryset, page_size)
/home1/picpixels/virtualenv/admin.picpixels.com/3.11/lib/python3.11/site-packages/rest_framework/pagination.py:198: UnorderedObjectListWarning: Pagination may yield inconsistent results with an unordered object_list: <class 'cms.models.HeroSection'> QuerySet.
  paginator = self.django_paginator_class(queryset, page_size)
/home1/picpixels/virtualenv/admin.picpixels.com/3.11/lib/python3.11/site-packages/rest_framework/pagination.py:198: UnorderedObjectListWarning: Pagination may yield inconsistent results with an unordered object_list: <class 'site_settings.models.SiteSetting'> QuerySet.
  paginator = self.django_paginator_class(queryset, page_size)
/home1/picpixels/virtualenv/admin.picpixels.com/3.11/lib/python3.11/site-packages/rest_framework/pagination.py:198: UnorderedObjectListWarning: Pagination may yield inconsistent results with an unordered object_list: <class 'cms.models.PricingConfigSection'> QuerySet.
  paginator = self.django_paginator_class(queryset, page_size)
/home1/picpixels/virtualenv/admin.picpixels.com/3.11/lib/python3.11/site-packages/rest_framework/pagination.py:198: UnorderedObjectListWarning: Pagination may yield inconsistent results with an unordered object_list: <class 'cms.models.HeroSection'> QuerySet.
  paginator = self.django_paginator_class(queryset, page_size)
/home1/picpixels/virtualenv/admin.picpixels.com/3.11/lib/python3.11/site-packages/rest_framework/pagination.py:198: UnorderedObjectListWarning: Pagination may yield inconsistent results with an unordered object_list: <class 'cms.models.PricingConfigSection'> QuerySet.
  paginator = self.django_paginator_class(queryset, page_size)
/home1/picpixels/virtualenv/admin.picpixels.com/3.11/lib/python3.11/site-packages/rest_framework/pagination.py:198: UnorderedObjectListWarning: Pagination may yield inconsistent results with an unordered object_list: <class 'site_settings.models.SiteSetting'> QuerySet.
  paginator = self.django_paginator_class(queryset, page_size)
/home1/picpixels/virtualenv/admin.picpixels.com/3.11/lib/python3.11/site-packages/rest_framework/pagination.py:198: UnorderedObjectListWarning: Pagination may yield inconsistent results with an unordered object_list: <class 'cms.models.HeroSection'> QuerySet.
  paginator = self.django_paginator_class(queryset, page_size)
/home1/picpixels/virtualenv/admin.picpixels.com/3.11/lib/python3.11/site-packages/rest_framework/pagination.py:198: UnorderedObjectListWarning: Pagination may yield inconsistent results with an unordered object_list: <class 'cms.models.PricingConfigSection'> QuerySet.
  paginator = self.django_paginator_class(queryset, page_size)
/home1/picpixels/virtualenv/admin.picpixels.com/3.11/lib/python3.11/site-packages/rest_framework/pagination.py:198: UnorderedObjectListWarning: Pagination may yield inconsistent results with an unordered object_list: <class 'cms.models.HeroSection'> QuerySet.
  paginator = self.django_paginator_class(queryset, page_size)
/home1/picpixels/virtualenv/admin.picpixels.com/3.11/lib/python3.11/site-packages/rest_framework/pagination.py:198: UnorderedObjectListWarning: Pagination may yield inconsistent results with an unordered object_list: <class 'site_settings.models.SiteSetting'> QuerySet.
  paginator = self.django_paginator_class(queryset, page_size)
/home1/picpixels/virtualenv/admin.picpixels.com/3.11/lib/python3.11/site-packages/rest_framework/pagination.py:198: UnorderedObjectListWarning: Pagination may yield inconsistent results with an unordered object_list: <class 'cms.models.PricingConfigSection'> QuerySet.
  paginator = self.django_paginator_class(queryset, page_size)
/home1/picpixels/virtualenv/admin.picpixels.com/3.11/lib/python3.11/site-packages/rest_framework/pagination.py:198: UnorderedObjectListWarning: Pagination may yield inconsistent results with an unordered object_list: <class 'site_settings.models.SiteSetting'> QuerySet.
  paginator = self.django_paginator_class(queryset, page_size)
/home1/picpixels/virtualenv/admin.picpixels.com/3.11/lib/python3.11/site-packages/rest_framework/pagination.py:198: UnorderedObjectListWarning: Pagination may yield inconsistent results with an unordered object_list: <class 'cms.models.HeroSection'> QuerySet.
  paginator = self.django_paginator_class(queryset, page_size)
/home1/picpixels/virtualenv/admin.picpixels.com/3.11/lib/python3.11/site-packages/rest_framework/pagination.py:198: UnorderedObjectListWarning: Pagination may yield inconsistent results with an unordered object_list: <class 'cms.models.PricingConfigSection'> QuerySet.
  paginator = self.django_paginator_class(queryset, page_size)
/home1/picpixels/virtualenv/admin.picpixels.com/3.11/lib/python3.11/site-packages/rest_framework/pagination.py:198: UnorderedObjectListWarning: Pagination may yield inconsistent results with an unordered object_list: <class 'site_settings.models.SiteSetting'> QuerySet.
  paginator = self.django_paginator_class(queryset, page_size)
/home1/picpixels/virtualenv/admin.picpixels.com/3.11/lib/python3.11/site-packages/rest_framework/pagination.py:198: UnorderedObjectListWarning: Pagination may yield inconsistent results with an unordered object_list: <class 'cms.models.PricingConfigSection'> QuerySet.
  paginator = self.django_paginator_class(queryset, page_size)
/home1/picpixels/virtualenv/admin.picpixels.com/3.11/lib/python3.11/site-packages/rest_framework/pagination.py:198: UnorderedObjectListWarning: Pagination may yield inconsistent results with an unordered object_list: <class 'site_settings.models.SiteSetting'> QuerySet.
  paginator = self.django_paginator_class(queryset, page_size)
/home1/picpixels/virtualenv/admin.picpixels.com/3.11/lib/python3.11/site-packages/rest_framework/pagination.py:198: UnorderedObjectListWarning: Pagination may yield inconsistent results with an unordered object_list: <class 'cms.models.HeroSection'> QuerySet.
  paginator = self.django_paginator_class(queryset, page_size)
/home1/picpixels/virtualenv/admin.picpixels.com/3.11/lib/python3.11/site-packages/rest_framework/pagination.py:198: UnorderedObjectListWarning: Pagination may yield inconsistent results with an unordered object_list: <class 'site_settings.models.SiteSetting'> QuerySet.
  paginator = self.django_paginator_class(queryset, page_size)
/home1/picpixels/virtualenv/admin.picpixels.com/3.11/lib/python3.11/site-packages/rest_framework/pagination.py:198: UnorderedObjectListWarning: Pagination may yield inconsistent results with an unordered object_list: <class 'cms.models.HeroSection'> QuerySet.
  paginator = self.django_paginator_class(queryset, page_size)
/home1/picpixels/virtualenv/admin.picpixels.com/3.11/lib/python3.11/site-packages/rest_framework/pagination.py:198: UnorderedObjectListWarning: Pagination may yield inconsistent results with an unordered object_list: <class 'cms.models.PricingConfigSection'> QuerySet.
  paginator = self.django_paginator_class(queryset, page_size)
/home1/picpixels/virtualenv/admin.picpixels.com/3.11/lib/python3.11/site-packages/rest_framework/pagination.py:198: UnorderedObjectListWarning: Pagination may yield inconsistent results with an unordered object_list: <class 'site_settings.models.SiteSetting'> QuerySet.
  paginator = self.django_paginator_class(queryset, page_size)
/home1/picpixels/virtualenv/admin.picpixels.com/3.11/lib/python3.11/site-packages/rest_framework/pagination.py:198: UnorderedObjectListWarning: Pagination may yield inconsistent results with an unordered object_list: <class 'site_settings.models.SiteSetting'> QuerySet.
  paginator = self.django_paginator_class(queryset, page_size)
/home1/picpixels/virtualenv/admin.picpixels.com/3.11/lib/python3.11/site-packages/rest_framework/pagination.py:198: UnorderedObjectListWarning: Pagination may yield inconsistent results with an unordered object_list: <class 'site_settings.models.SiteSetting'> QuerySet.
  paginator = self.django_paginator_class(queryset, page_size)
/home1/picpixels/virtualenv/admin.picpixels.com/3.11/lib/python3.11/site-packages/rest_framework/pagination.py:198: UnorderedObjectListWarning: Pagination may yield inconsistent results with an unordered object_list: <class 'cms.models.HeroSection'> QuerySet.
  paginator = self.django_paginator_class(queryset, page_size)
/home1/picpixels/virtualenv/admin.picpixels.com/3.11/lib/python3.11/site-packages/rest_framework/pagination.py:198: UnorderedObjectListWarning: Pagination may yield inconsistent results with an unordered object_list: <class 'cms.models.PricingConfigSection'> QuerySet.
  paginator = self.django_paginator_class(queryset, page_size)
/home1/picpixels/virtualenv/admin.picpixels.com/3.11/lib/python3.11/site-packages/rest_framework/pagination.py:198: UnorderedObjectListWarning: Pagination may yield inconsistent results with an unordered object_list: <class 'cms.models.PricingConfigSection'> QuerySet.
  paginator = self.django_paginator_class(queryset, page_size)
/home1/picpixels/virtualenv/admin.picpixels.com/3.11/lib/python3.11/site-packages/rest_framework/pagination.py:198: UnorderedObjectListWarning: Pagination may yield inconsistent results with an unordered object_list: <class 'site_settings.models.SiteSetting'> QuerySet.
  paginator = self.django_paginator_class(queryset, page_size)
/home1/picpixels/virtualenv/admin.picpixels.com/3.11/lib/python3.11/site-packages/rest_framework/pagination.py:198: UnorderedObjectListWarning: Pagination may yield inconsistent results with an unordered object_list: <class 'cms.models.HeroSection'> QuerySet.
  paginator = self.django_paginator_class(queryset, page_size)
/home1/picpixels/virtualenv/admin.picpixels.com/3.11/lib/python3.11/site-packages/rest_framework/pagination.py:198: UnorderedObjectListWarning: Pagination may yield inconsistent results with an unordered object_list: <class 'cms.models.PricingConfigSection'> QuerySet.
  paginator = self.django_paginator_class(queryset, page_size)
/home1/picpixels/virtualenv/admin.picpixels.com/3.11/lib/python3.11/site-packages/rest_framework/pagination.py:198: UnorderedObjectListWarning: Pagination may yield inconsistent results with an unordered object_list: <class 'site_settings.models.SiteSetting'> QuerySet.
  paginator = self.django_paginator_class(queryset, page_size)
/home1/picpixels/virtualenv/admin.picpixels.com/3.11/lib/python3.11/site-packages/rest_framework/pagination.py:198: UnorderedObjectListWarning: Pagination may yield inconsistent results with an unordered object_list: <class 'site_settings.models.SiteSetting'> QuerySet.
  paginator = self.django_paginator_class(queryset, page_size)
/home1/picpixels/virtualenv/admin.picpixels.com/3.11/lib/python3.11/site-packages/rest_framework/pagination.py:198: UnorderedObjectListWarning: Pagination may yield inconsistent results with an unordered object_list: <class 'cms.models.PricingConfigSection'> QuerySet.
  paginator = self.django_paginator_class(queryset, page_size)
/home1/picpixels/virtualenv/admin.picpixels.com/3.11/lib/python3.11/site-packages/rest_framework/pagination.py:198: UnorderedObjectListWarning: Pagination may yield inconsistent results with an unordered object_list: <class 'site_settings.models.SiteSetting'> QuerySet.
  paginator = self.django_paginator_class(queryset, page_size)
/home1/picpixels/virtualenv/admin.picpixels.com/3.11/lib/python3.11/site-packages/rest_framework/pagination.py:198: UnorderedObjectListWarning: Pagination may yield inconsistent results with an unordered object_list: <class 'cms.models.HeroSection'> QuerySet.
  paginator = self.django_paginator_class(queryset, page_size)
/home1/picpixels/virtualenv/admin.picpixels.com/3.11/lib/python3.11/site-packages/rest_framework/pagination.py:198: UnorderedObjectListWarning: Pagination may yield inconsistent results with an unordered object_list: <class 'cms.models.HeroSection'> QuerySet.
  paginator = self.django_paginator_class(queryset, page_size)
/home1/picpixels/virtualenv/admin.picpixels.com/3.11/lib/python3.11/site-packages/rest_framework/pagination.py:198: UnorderedObjectListWarning: Pagination may yield inconsistent results with an unordered object_list: <class 'site_settings.models.SiteSetting'> QuerySet.
  paginator = self.django_paginator_class(queryset, page_size)
/home1/picpixels/virtualenv/admin.picpixels.com/3.11/lib/python3.11/site-packages/rest_framework/pagination.py:198: UnorderedObjectListWarning: Pagination may yield inconsistent results with an unordered object_list: <class 'cms.models.PricingConfigSection'> QuerySet.
  paginator = self.django_paginator_class(queryset, page_size)
/home1/picpixels/virtualenv/admin.picpixels.com/3.11/lib/python3.11/site-packages/rest_framework/pagination.py:198: UnorderedObjectListWarning: Pagination may yield inconsistent results with an unordered object_list: <class 'site_settings.models.SiteSetting'> QuerySet.
  paginator = self.django_paginator_class(queryset, page_size)
/home1/picpixels/virtualenv/admin.picpixels.com/3.11/lib/python3.11/site-packages/rest_framework/pagination.py:198: UnorderedObjectListWarning: Pagination may yield inconsistent results with an unordered object_list: <class 'cms.models.PricingConfigSection'> QuerySet.
  paginator = self.django_paginator_class(queryset, page_size)
/home1/picpixels/virtualenv/admin.picpixels.com/3.11/lib/python3.11/site-packages/rest_framework/pagination.py:198: UnorderedObjectListWarning: Pagination may yield inconsistent results with an unordered object_list: <class 'site_settings.models.SiteSetting'> QuerySet.
  paginator = self.django_paginator_class(queryset, page_size)
/home1/picpixels/virtualenv/admin.picpixels.com/3.11/lib/python3.11/site-packages/rest_framework/pagination.py:198: UnorderedObjectListWarning: Pagination may yield inconsistent results with an unordered object_list: <class 'cms.models.PricingConfigSection'> QuerySet.
  paginator = self.django_paginator_class(queryset, page_size)
/home1/picpixels/virtualenv/admin.picpixels.com/3.11/lib/python3.11/site-packages/rest_framework/pagination.py:198: UnorderedObjectListWarning: Pagination may yield inconsistent results with an unordered object_list: <class 'cms.models.HeroSection'> QuerySet.
  paginator = self.django_paginator_class(queryset, page_size)
/home1/picpixels/virtualenv/admin.picpixels.com/3.11/lib/python3.11/site-packages/rest_framework/pagination.py:198: UnorderedObjectListWarning: Pagination may yield inconsistent results with an unordered object_list: <class 'cms.models.PricingConfigSection'> QuerySet.
  paginator = self.django_paginator_class(queryset, page_size)
/home1/picpixels/virtualenv/admin.picpixels.com/3.11/lib/python3.11/site-packages/rest_framework/pagination.py:198: UnorderedObjectListWarning: Pagination may yield inconsistent results with an unordered object_list: <class 'cms.models.HeroSection'> QuerySet.
  paginator = self.django_paginator_class(queryset, page_size)
/home1/picpixels/virtualenv/admin.picpixels.com/3.11/lib/python3.11/site-packages/rest_framework/pagination.py:198: UnorderedObjectListWarning: Pagination may yield inconsistent results with an unordered object_list: <class 'site_settings.models.SiteSetting'> QuerySet.
  paginator = self.django_paginator_class(queryset, page_size)
/home1/picpixels/virtualenv/admin.picpixels.com/3.11/lib/python3.11/site-packages/rest_framework/pagination.py:198: UnorderedObjectListWarning: Pagination may yield inconsistent results with an unordered object_list: <class 'site_settings.models.SiteSetting'> QuerySet.
  paginator = self.django_paginator_class(queryset, page_size)
/home1/picpixels/virtualenv/admin.picpixels.com/3.11/lib/python3.11/site-packages/rest_framework/pagination.py:198: UnorderedObjectListWarning: Pagination may yield inconsistent results with an unordered object_list: <class 'site_settings.models.SiteSetting'> QuerySet.
  paginator = self.django_paginator_class(queryset, page_size)
/home1/picpixels/virtualenv/admin.picpixels.com/3.11/lib/python3.11/site-packages/rest_framework/pagination.py:198: UnorderedObjectListWarning: Pagination may yield inconsistent results with an unordered object_list: <class 'cms.models.HeroSection'> QuerySet.
  paginator = self.django_paginator_class(queryset, page_size)
/home1/picpixels/virtualenv/admin.picpixels.com/3.11/lib/python3.11/site-packages/rest_framework/pagination.py:198: UnorderedObjectListWarning: Pagination may yield inconsistent results with an unordered object_list: <class 'cms.models.PricingConfigSection'> QuerySet.
  paginator = self.django_paginator_class(queryset, page_size)
/home1/picpixels/virtualenv/admin.picpixels.com/3.11/lib/python3.11/site-packages/rest_framework/pagination.py:198: UnorderedObjectListWarning: Pagination may yield inconsistent results with an unordered object_list: <class 'cms.models.HeroSection'> QuerySet.
  paginator = self.django_paginator_class(queryset, page_size)
/home1/picpixels/virtualenv/admin.picpixels.com/3.11/lib/python3.11/site-packages/rest_framework/pagination.py:198: UnorderedObjectListWarning: Pagination may yield inconsistent results with an unordered object_list: <class 'cms.models.PricingConfigSection'> QuerySet.
  paginator = self.django_paginator_class(queryset, page_size)
/home1/picpixels/virtualenv/admin.picpixels.com/3.11/lib/python3.11/site-packages/rest_framework/pagination.py:198: UnorderedObjectListWarning: Pagination may yield inconsistent results with an unordered object_list: <class 'cms.models.HeroSection'> QuerySet.
  paginator = self.django_paginator_class(queryset, page_size)
/home1/picpixels/virtualenv/admin.picpixels.com/3.11/lib/python3.11/site-packages/rest_framework/pagination.py:198: UnorderedObjectListWarning: Pagination may yield inconsistent results with an unordered object_list: <class 'cms.models.PricingConfigSection'> QuerySet.
  paginator = self.django_paginator_class(queryset, page_size)
/home1/picpixels/virtualenv/admin.picpixels.com/3.11/lib/python3.11/site-packages/rest_framework/pagination.py:198: UnorderedObjectListWarning: Pagination may yield inconsistent results with an unordered object_list: <class 'cms.models.HeroSection'> QuerySet.
  paginator = self.django_paginator_class(queryset, page_size)
/home1/picpixels/virtualenv/admin.picpixels.com/3.11/lib/python3.11/site-packages/rest_framework/pagination.py:198: UnorderedObjectListWarning: Pagination may yield inconsistent results with an unordered object_list: <class 'cms.models.PricingConfigSection'> QuerySet.
  paginator = self.django_paginator_class(queryset, page_size)
/home1/picpixels/virtualenv/admin.picpixels.com/3.11/lib/python3.11/site-packages/rest_framework/pagination.py:198: UnorderedObjectListWarning: Pagination may yield inconsistent results with an unordered object_list: <class 'site_settings.models.SiteSetting'> QuerySet.
  paginator = self.django_paginator_class(queryset, page_size)
/home1/picpixels/virtualenv/admin.picpixels.com/3.11/lib/python3.11/site-packages/rest_framework/pagination.py:198: UnorderedObjectListWarning: Pagination may yield inconsistent results with an unordered object_list: <class 'site_settings.models.SiteSetting'> QuerySet.
  paginator = self.django_paginator_class(queryset, page_size)
/home1/picpixels/virtualenv/admin.picpixels.com/3.11/lib/python3.11/site-packages/rest_framework/pagination.py:198: UnorderedObjectListWarning: Pagination may yield inconsistent results with an unordered object_list: <class 'cms.models.PricingConfigSection'> QuerySet.
  paginator = self.django_paginator_class(queryset, page_size)
/home1/picpixels/virtualenv/admin.picpixels.com/3.11/lib/python3.11/site-packages/rest_framework/pagination.py:198: UnorderedObjectListWarning: Pagination may yield inconsistent results with an unordered object_list: <class 'site_settings.models.SiteSetting'> QuerySet.
  paginator = self.django_paginator_class(queryset, page_size)
/home1/picpixels/virtualenv/admin.picpixels.com/3.11/lib/python3.11/site-packages/rest_framework/pagination.py:198: UnorderedObjectListWarning: Pagination may yield inconsistent results with an unordered object_list: <class 'site_settings.models.SiteSetting'> QuerySet.
  paginator = self.django_paginator_class(queryset, page_size)
/home1/picpixels/virtualenv/admin.picpixels.com/3.11/lib/python3.11/site-packages/rest_framework/pagination.py:198: UnorderedObjectListWarning: Pagination may yield inconsistent results with an unordered object_list: <class 'site_settings.models.SiteSetting'> QuerySet.
  paginator = self.django_paginator_class(queryset, page_size)
/home1/picpixels/virtualenv/admin.picpixels.com/3.11/lib/python3.11/site-packages/rest_framework/pagination.py:198: UnorderedObjectListWarning: Pagination may yield inconsistent results with an unordered object_list: <class 'cms.models.HeroSection'> QuerySet.
  paginator = self.django_paginator_class(queryset, page_size)
/home1/picpixels/virtualenv/admin.picpixels.com/3.11/lib/python3.11/site-packages/rest_framework/pagination.py:198: UnorderedObjectListWarning: Pagination may yield inconsistent results with an unordered object_list: <class 'cms.models.PricingConfigSection'> QuerySet.
  paginator = self.django_paginator_class(queryset, page_size)
/home1/picpixels/virtualenv/admin.picpixels.com/3.11/lib/python3.11/site-packages/rest_framework/pagination.py:198: UnorderedObjectListWarning: Pagination may yield inconsistent results with an unordered object_list: <class 'site_settings.models.SiteSetting'> QuerySet.
  paginator = self.django_paginator_class(queryset, page_size)
/home1/picpixels/virtualenv/admin.picpixels.com/3.11/lib/python3.11/site-packages/rest_framework/pagination.py:198: UnorderedObjectListWarning: Pagination may yield inconsistent results with an unordered object_list: <class 'site_settings.models.SiteSetting'> QuerySet.
  paginator = self.django_paginator_class(queryset, page_size)
/home1/picpixels/virtualenv/admin.picpixels.com/3.11/lib/python3.11/site-packages/rest_framework/pagination.py:198: UnorderedObjectListWarning: Pagination may yield inconsistent results with an unordered object_list: <class 'cms.models.HeroSection'> QuerySet.
  paginator = self.django_paginator_class(queryset, page_size)
/home1/picpixels/virtualenv/admin.picpixels.com/3.11/lib/python3.11/site-packages/rest_framework/pagination.py:198: UnorderedObjectListWarning: Pagination may yield inconsistent results with an unordered object_list: <class 'cms.models.PricingConfigSection'> QuerySet.
  paginator = self.django_paginator_class(queryset, page_size)
/home1/picpixels/virtualenv/admin.picpixels.com/3.11/lib/python3.11/site-packages/rest_framework/pagination.py:198: UnorderedObjectListWarning: Pagination may yield inconsistent results with an unordered object_list: <class 'cms.models.PricingConfigSection'> QuerySet.
  paginator = self.django_paginator_class(queryset, page_size)
/home1/picpixels/virtualenv/admin.picpixels.com/3.11/lib/python3.11/site-packages/rest_framework/pagination.py:198: UnorderedObjectListWarning: Pagination may yield inconsistent results with an unordered object_list: <class 'site_settings.models.SiteSetting'> QuerySet.
  paginator = self.django_paginator_class(queryset, page_size)
/home1/picpixels/virtualenv/admin.picpixels.com/3.11/lib/python3.11/site-packages/rest_framework/pagination.py:198: UnorderedObjectListWarning: Pagination may yield inconsistent results with an unordered object_list: <class 'cms.models.HeroSection'> QuerySet.
  paginator = self.django_paginator_class(queryset, page_size)
/home1/picpixels/virtualenv/admin.picpixels.com/3.11/lib/python3.11/site-packages/rest_framework/pagination.py:198: UnorderedObjectListWarning: Pagination may yield inconsistent results with an unordered object_list: <class 'site_settings.models.SiteSetting'> QuerySet.
  paginator = self.django_paginator_class(queryset, page_size)
/home1/picpixels/virtualenv/admin.picpixels.com/3.11/lib/python3.11/site-packages/rest_framework/pagination.py:198: UnorderedObjectListWarning: Pagination may yield inconsistent results with an unordered object_list: <class 'site_settings.models.SiteSetting'> QuerySet.
  paginator = self.django_paginator_class(queryset, page_size)
/home1/picpixels/virtualenv/admin.picpixels.com/3.11/lib/python3.11/site-packages/rest_framework/pagination.py:198: UnorderedObjectListWarning: Pagination may yield inconsistent results with an unordered object_list: <class 'site_settings.models.SiteSetting'> QuerySet.
  paginator = self.django_paginator_class(queryset, page_size)
/home1/picpixels/virtualenv/admin.picpixels.com/3.11/lib/python3.11/site-packages/rest_framework/pagination.py:198: UnorderedObjectListWarning: Pagination may yield inconsistent results with an unordered object_list: <class 'site_settings.models.SiteSetting'> QuerySet.
  paginator = self.django_paginator_class(queryset, page_size)
/home1/picpixels/virtualenv/admin.picpixels.com/3.11/lib/python3.11/site-packages/rest_framework/pagination.py:198: UnorderedObjectListWarning: Pagination may yield inconsistent results with an unordered object_list: <class 'site_settings.models.SiteSetting'> QuerySet.
  paginator = self.django_paginator_class(queryset, page_size)
/home1/picpixels/virtualenv/admin.picpixels.com/3.11/lib/python3.11/site-packages/rest_framework/pagination.py:198: UnorderedObjectListWarning: Pagination may yield inconsistent results with an unordered object_list: <class 'site_settings.models.SiteSetting'> QuerySet.
  paginator = self.django_paginator_class(queryset, page_size)
/home1/picpixels/virtualenv/admin.picpixels.com/3.11/lib/python3.11/site-packages/rest_framework/pagination.py:198: UnorderedObjectListWarning: Pagination may yield inconsistent results with an unordered object_list: <class 'cms.models.HeroSection'> QuerySet.
  paginator = self.django_paginator_class(queryset, page_size)
/home1/picpixels/virtualenv/admin.picpixels.com/3.11/lib/python3.11/site-packages/rest_framework/pagination.py:198: UnorderedObjectListWarning: Pagination may yield inconsistent results with an unordered object_list: <class 'cms.models.PricingConfigSection'> QuerySet.
  paginator = self.django_paginator_class(queryset, page_size)
/home1/picpixels/virtualenv/admin.picpixels.com/3.11/lib/python3.11/site-packages/rest_framework/pagination.py:198: UnorderedObjectListWarning: Pagination may yield inconsistent results with an unordered object_list: <class 'site_settings.models.SiteSetting'> QuerySet.
  paginator = self.django_paginator_class(queryset, page_size)
/home1/picpixels/virtualenv/admin.picpixels.com/3.11/lib/python3.11/site-packages/rest_framework/pagination.py:198: UnorderedObjectListWarning: Pagination may yield inconsistent results with an unordered object_list: <class 'site_settings.models.SiteSetting'> QuerySet.
  paginator = self.django_paginator_class(queryset, page_size)
/home1/picpixels/virtualenv/admin.picpixels.com/3.11/lib/python3.11/site-packages/rest_framework/pagination.py:198: UnorderedObjectListWarning: Pagination may yield inconsistent results with an unordered object_list: <class 'site_settings.models.SiteSetting'> QuerySet.
  paginator = self.django_paginator_class(queryset, page_size)
/home1/picpixels/virtualenv/admin.picpixels.com/3.11/lib/python3.11/site-packages/rest_framework/pagination.py:198: UnorderedObjectListWarning: Pagination may yield inconsistent results with an unordered object_list: <class 'site_settings.models.SiteSetting'> QuerySet.
  paginator = self.django_paginator_class(queryset, page_size)
/home1/picpixels/virtualenv/admin.picpixels.com/3.11/lib/python3.11/site-packages/rest_framework/pagination.py:198: UnorderedObjectListWarning: Pagination may yield inconsistent results with an unordered object_list: <class 'site_settings.models.SiteSetting'> QuerySet.
  paginator = self.django_paginator_class(queryset, page_size)
/home1/picpixels/virtualenv/admin.picpixels.com/3.11/lib/python3.11/site-packages/rest_framework/pagination.py:198: UnorderedObjectListWarning: Pagination may yield inconsistent results with an unordered object_list: <class 'site_settings.models.SiteSetting'> QuerySet.
  paginator = self.django_paginator_class(queryset, page_size)
/home1/picpixels/virtualenv/admin.picpixels.com/3.11/lib/python3.11/site-packages/rest_framework/pagination.py:198: UnorderedObjectListWarning: Pagination may yield inconsistent results with an unordered object_list: <class 'cms.models.PricingConfigSection'> QuerySet.
  paginator = self.django_paginator_class(queryset, page_size)
/home1/picpixels/virtualenv/admin.picpixels.com/3.11/lib/python3.11/site-packages/rest_framework/pagination.py:198: UnorderedObjectListWarning: Pagination may yield inconsistent results with an unordered object_list: <class 'cms.models.HeroSection'> QuerySet.
  paginator = self.django_paginator_class(queryset, page_size)
/home1/picpixels/virtualenv/admin.picpixels.com/3.11/lib/python3.11/site-packages/rest_framework/pagination.py:198: UnorderedObjectListWarning: Pagination may yield inconsistent results with an unordered object_list: <class 'site_settings.models.SiteSetting'> QuerySet.
  paginator = self.django_paginator_class(queryset, page_size)
/home1/picpixels/virtualenv/admin.picpixels.com/3.11/lib/python3.11/site-packages/rest_framework/pagination.py:198: UnorderedObjectListWarning: Pagination may yield inconsistent results with an unordered object_list: <class 'cms.models.HeroSection'> QuerySet.
  paginator = self.django_paginator_class(queryset, page_size)
/home1/picpixels/virtualenv/admin.picpixels.com/3.11/lib/python3.11/site-packages/rest_framework/pagination.py:198: UnorderedObjectListWarning: Pagination may yield inconsistent results with an unordered object_list: <class 'cms.models.PricingConfigSection'> QuerySet.
  paginator = self.django_paginator_class(queryset, page_size)
/home1/picpixels/virtualenv/admin.picpixels.com/3.11/lib/python3.11/site-packages/rest_framework/pagination.py:198: UnorderedObjectListWarning: Pagination may yield inconsistent results with an unordered object_list: <class 'cms.models.PricingConfigSection'> QuerySet.
  paginator = self.django_paginator_class(queryset, page_size)
/home1/picpixels/virtualenv/admin.picpixels.com/3.11/lib/python3.11/site-packages/rest_framework/pagination.py:198: UnorderedObjectListWarning: Pagination may yield inconsistent results with an unordered object_list: <class 'site_settings.models.SiteSetting'> QuerySet.
  paginator = self.django_paginator_class(queryset, page_size)
/home1/picpixels/virtualenv/admin.picpixels.com/3.11/lib/python3.11/site-packages/rest_framework/pagination.py:198: UnorderedObjectListWarning: Pagination may yield inconsistent results with an unordered object_list: <class 'cms.models.HeroSection'> QuerySet.
  paginator = self.django_paginator_class(queryset, page_size)
/home1/picpixels/virtualenv/admin.picpixels.com/3.11/lib/python3.11/site-packages/rest_framework/pagination.py:198: UnorderedObjectListWarning: Pagination may yield inconsistent results with an unordered object_list: <class 'site_settings.models.SiteSetting'> QuerySet.
  paginator = self.django_paginator_class(queryset, page_size)
/home1/picpixels/virtualenv/admin.picpixels.com/3.11/lib/python3.11/site-packages/rest_framework/pagination.py:198: UnorderedObjectListWarning: Pagination may yield inconsistent results with an unordered object_list: <class 'cms.models.HeroSection'> QuerySet.
  paginator = self.django_paginator_class(queryset, page_size)
/home1/picpixels/virtualenv/admin.picpixels.com/3.11/lib/python3.11/site-packages/rest_framework/pagination.py:198: UnorderedObjectListWarning: Pagination may yield inconsistent results with an unordered object_list: <class 'cms.models.PricingConfigSection'> QuerySet.
  paginator = self.django_paginator_class(queryset, page_size)
/home1/picpixels/virtualenv/admin.picpixels.com/3.11/lib/python3.11/site-packages/rest_framework/pagination.py:198: UnorderedObjectListWarning: Pagination may yield inconsistent results with an unordered object_list: <class 'site_settings.models.SiteSetting'> QuerySet.
  paginator = self.django_paginator_class(queryset, page_size)
/home1/picpixels/virtualenv/admin.picpixels.com/3.11/lib/python3.11/site-packages/rest_framework/pagination.py:198: UnorderedObjectListWarning: Pagination may yield inconsistent results with an unordered object_list: <class 'site_settings.models.SiteSetting'> QuerySet.
  paginator = self.django_paginator_class(queryset, page_size)
/home1/picpixels/virtualenv/admin.picpixels.com/3.11/lib/python3.11/site-packages/rest_framework/pagination.py:198: UnorderedObjectListWarning: Pagination may yield inconsistent results with an unordered object_list: <class 'cms.models.HeroSection'> QuerySet.
  paginator = self.django_paginator_class(queryset, page_size)
/home1/picpixels/virtualenv/admin.picpixels.com/3.11/lib/python3.11/site-packages/rest_framework/pagination.py:198: UnorderedObjectListWarning: Pagination may yield inconsistent results with an unordered object_list: <class 'cms.models.PricingConfigSection'> QuerySet.
  paginator = self.django_paginator_class(queryset, page_size)
/home1/picpixels/virtualenv/admin.picpixels.com/3.11/lib/python3.11/site-packages/rest_framework/pagination.py:198: UnorderedObjectListWarning: Pagination may yield inconsistent results with an unordered object_list: <class 'site_settings.models.SiteSetting'> QuerySet.
  paginator = self.django_paginator_class(queryset, page_size)
/home1/picpixels/virtualenv/admin.picpixels.com/3.11/lib/python3.11/site-packages/rest_framework/pagination.py:198: UnorderedObjectListWarning: Pagination may yield inconsistent results with an unordered object_list: <class 'cms.models.HeroSection'> QuerySet.
  paginator = self.django_paginator_class(queryset, page_size)
/home1/picpixels/virtualenv/admin.picpixels.com/3.11/lib/python3.11/site-packages/rest_framework/pagination.py:198: UnorderedObjectListWarning: Pagination may yield inconsistent results with an unordered object_list: <class 'cms.models.PricingConfigSection'> QuerySet.
  paginator = self.django_paginator_class(queryset, page_size)
/home1/picpixels/virtualenv/admin.picpixels.com/3.11/lib/python3.11/site-packages/rest_framework/pagination.py:198: UnorderedObjectListWarning: Pagination may yield inconsistent results with an unordered object_list: <class 'site_settings.models.SiteSetting'> QuerySet.
  paginator = self.django_paginator_class(queryset, page_size)
/home1/picpixels/virtualenv/admin.picpixels.com/3.11/lib/python3.11/site-packages/rest_framework/pagination.py:198: UnorderedObjectListWarning: Pagination may yield inconsistent results with an unordered object_list: <class 'site_settings.models.SiteSetting'> QuerySet.
  paginator = self.django_paginator_class(queryset, page_size)
/home1/picpixels/virtualenv/admin.picpixels.com/3.11/lib/python3.11/site-packages/rest_framework/pagination.py:198: UnorderedObjectListWarning: Pagination may yield inconsistent results with an unordered object_list: <class 'cms.models.HeroSection'> QuerySet.
  paginator = self.django_paginator_class(queryset, page_size)
/home1/picpixels/virtualenv/admin.picpixels.com/3.11/lib/python3.11/site-packages/rest_framework/pagination.py:198: UnorderedObjectListWarning: Pagination may yield inconsistent results with an unordered object_list: <class 'site_settings.models.SiteSetting'> QuerySet.
  paginator = self.django_paginator_class(queryset, page_size)
/home1/picpixels/virtualenv/admin.picpixels.com/3.11/lib/python3.11/site-packages/rest_framework/pagination.py:198: UnorderedObjectListWarning: Pagination may yield inconsistent results with an unordered object_list: <class 'cms.models.HeroSection'> QuerySet.
  paginator = self.django_paginator_class(queryset, page_size)
/home1/picpixels/virtualenv/admin.picpixels.com/3.11/lib/python3.11/site-packages/rest_framework/pagination.py:198: UnorderedObjectListWarning: Pagination may yield inconsistent results with an unordered object_list: <class 'cms.models.PricingConfigSection'> QuerySet.
  paginator = self.django_paginator_class(queryset, page_size)
/home1/picpixels/virtualenv/admin.picpixels.com/3.11/lib/python3.11/site-packages/rest_framework/pagination.py:198: UnorderedObjectListWarning: Pagination may yield inconsistent results with an unordered object_list: <class 'site_settings.models.SiteSetting'> QuerySet.
  paginator = self.django_paginator_class(queryset, page_size)
/home1/picpixels/virtualenv/admin.picpixels.com/3.11/lib/python3.11/site-packages/rest_framework/pagination.py:198: UnorderedObjectListWarning: Pagination may yield inconsistent results with an unordered object_list: <class 'cms.models.HeroSection'> QuerySet.
  paginator = self.django_paginator_class(queryset, page_size)
/home1/picpixels/virtualenv/admin.picpixels.com/3.11/lib/python3.11/site-packages/rest_framework/pagination.py:198: UnorderedObjectListWarning: Pagination may yield inconsistent results with an unordered object_list: <class 'cms.models.PricingConfigSection'> QuerySet.
  paginator = self.django_paginator_class(queryset, page_size)
/home1/picpixels/virtualenv/admin.picpixels.com/3.11/lib/python3.11/site-packages/rest_framework/pagination.py:198: UnorderedObjectListWarning: Pagination may yield inconsistent results with an unordered object_list: <class 'site_settings.models.SiteSetting'> QuerySet.
  paginator = self.django_paginator_class(queryset, page_size)
/home1/picpixels/virtualenv/admin.picpixels.com/3.11/lib/python3.11/site-packages/rest_framework/pagination.py:198: UnorderedObjectListWarning: Pagination may yield inconsistent results with an unordered object_list: <class 'site_settings.models.SiteSetting'> QuerySet.
  paginator = self.django_paginator_class(queryset, page_size)
/home1/picpixels/virtualenv/admin.picpixels.com/3.11/lib/python3.11/site-packages/rest_framework/pagination.py:198: UnorderedObjectListWarning: Pagination may yield inconsistent results with an unordered object_list: <class 'site_settings.models.SiteSetting'> QuerySet.
  paginator = self.django_paginator_class(queryset, page_size)
/home1/picpixels/virtualenv/admin.picpixels.com/3.11/lib/python3.11/site-packages/rest_framework/pagination.py:198: UnorderedObjectListWarning: Pagination may yield inconsistent results with an unordered object_list: <class 'site_settings.models.SiteSetting'> QuerySet.
  paginator = self.django_paginator_class(queryset, page_size)
/home1/picpixels/virtualenv/admin.picpixels.com/3.11/lib/python3.11/site-packages/rest_framework/pagination.py:198: UnorderedObjectListWarning: Pagination may yield inconsistent results with an unordered object_list: <class 'site_settings.models.SiteSetting'> QuerySet.
  paginator = self.django_paginator_class(queryset, page_size)
/home1/picpixels/virtualenv/admin.picpixels.com/3.11/lib/python3.11/site-packages/rest_framework/pagination.py:198: UnorderedObjectListWarning: Pagination may yield inconsistent results with an unordered object_list: <class 'site_settings.models.SiteSetting'> QuerySet.
  paginator = self.django_paginator_class(queryset, page_size)
/home1/picpixels/virtualenv/admin.picpixels.com/3.11/lib/python3.11/site-packages/rest_framework/pagination.py:198: UnorderedObjectListWarning: Pagination may yield inconsistent results with an unordered object_list: <class 'site_settings.models.SiteSetting'> QuerySet.
  paginator = self.django_paginator_class(queryset, page_size)
/home1/picpixels/virtualenv/admin.picpixels.com/3.11/lib/python3.11/site-packages/rest_framework/pagination.py:198: UnorderedObjectListWarning: Pagination may yield inconsistent results with an unordered object_list: <class 'site_settings.models.SiteSetting'> QuerySet.
  paginator = self.django_paginator_class(queryset, page_size)
/home1/picpixels/virtualenv/admin.picpixels.com/3.11/lib/python3.11/site-packages/rest_framework/pagination.py:198: UnorderedObjectListWarning: Pagination may yield inconsistent results with an unordered object_list: <class 'cms.models.HeroSection'> QuerySet.
  paginator = self.django_paginator_class(queryset, page_size)
/home1/picpixels/virtualenv/admin.picpixels.com/3.11/lib/python3.11/site-packages/rest_framework/pagination.py:198: UnorderedObjectListWarning: Pagination may yield inconsistent results with an unordered object_list: <class 'cms.models.PricingConfigSection'> QuerySet.
  paginator = self.django_paginator_class(queryset, page_size)
/home1/picpixels/virtualenv/admin.picpixels.com/3.11/lib/python3.11/site-packages/rest_framework/pagination.py:198: UnorderedObjectListWarning: Pagination may yield inconsistent results with an unordered object_list: <class 'site_settings.models.SiteSetting'> QuerySet.
  paginator = self.django_paginator_class(queryset, page_size)
/home1/picpixels/virtualenv/admin.picpixels.com/3.11/lib/python3.11/site-packages/rest_framework/pagination.py:198: UnorderedObjectListWarning: Pagination may yield inconsistent results with an unordered object_list: <class 'cms.models.HeroSection'> QuerySet.
  paginator = self.django_paginator_class(queryset, page_size)
/home1/picpixels/virtualenv/admin.picpixels.com/3.11/lib/python3.11/site-packages/rest_framework/pagination.py:198: UnorderedObjectListWarning: Pagination may yield inconsistent results with an unordered object_list: <class 'cms.models.PricingConfigSection'> QuerySet.
  paginator = self.django_paginator_class(queryset, page_size)
/home1/picpixels/virtualenv/admin.picpixels.com/3.11/lib/python3.11/site-packages/rest_framework/pagination.py:198: UnorderedObjectListWarning: Pagination may yield inconsistent results with an unordered object_list: <class 'site_settings.models.SiteSetting'> QuerySet.
  paginator = self.django_paginator_class(queryset, page_size)
/home1/picpixels/virtualenv/admin.picpixels.com/3.11/lib/python3.11/site-packages/rest_framework/pagination.py:198: UnorderedObjectListWarning: Pagination may yield inconsistent results with an unordered object_list: <class 'site_settings.models.SiteSetting'> QuerySet.
  paginator = self.django_paginator_class(queryset, page_size)
/home1/picpixels/virtualenv/admin.picpixels.com/3.11/lib/python3.11/site-packages/rest_framework/pagination.py:198: UnorderedObjectListWarning: Pagination may yield inconsistent results with an unordered object_list: <class 'cms.models.HeroSection'> QuerySet.
  paginator = self.django_paginator_class(queryset, page_size)
/home1/picpixels/virtualenv/admin.picpixels.com/3.11/lib/python3.11/site-packages/rest_framework/pagination.py:198: UnorderedObjectListWarning: Pagination may yield inconsistent results with an unordered object_list: <class 'cms.models.PricingConfigSection'> QuerySet.
  paginator = self.django_paginator_class(queryset, page_size)
/home1/picpixels/virtualenv/admin.picpixels.com/3.11/lib/python3.11/site-packages/rest_framework/pagination.py:198: UnorderedObjectListWarning: Pagination may yield inconsistent results with an unordered object_list: <class 'site_settings.models.SiteSetting'> QuerySet.
  paginator = self.django_paginator_class(queryset, page_size)
/home1/picpixels/virtualenv/admin.picpixels.com/3.11/lib/python3.11/site-packages/rest_framework/pagination.py:198: UnorderedObjectListWarning: Pagination may yield inconsistent results with an unordered object_list: <class 'cms.models.HeroSection'> QuerySet.
  paginator = self.django_paginator_class(queryset, page_size)
/home1/picpixels/virtualenv/admin.picpixels.com/3.11/lib/python3.11/site-packages/rest_framework/pagination.py:198: UnorderedObjectListWarning: Pagination may yield inconsistent results with an unordered object_list: <class 'cms.models.PricingConfigSection'> QuerySet.
  paginator = self.django_paginator_class(queryset, page_size)
/home1/picpixels/virtualenv/admin.picpixels.com/3.11/lib/python3.11/site-packages/rest_framework/pagination.py:198: UnorderedObjectListWarning: Pagination may yield inconsistent results with an unordered object_list: <class 'site_settings.models.SiteSetting'> QuerySet.
  paginator = self.django_paginator_class(queryset, page_size)
/home1/picpixels/virtualenv/admin.picpixels.com/3.11/lib/python3.11/site-packages/rest_framework/pagination.py:198: UnorderedObjectListWarning: Pagination may yield inconsistent results with an unordered object_list: <class 'site_settings.models.SiteSetting'> QuerySet.
  paginator = self.django_paginator_class(queryset, page_size)
/home1/picpixels/virtualenv/admin.picpixels.com/3.11/lib/python3.11/site-packages/rest_framework/pagination.py:198: UnorderedObjectListWarning: Pagination may yield inconsistent results with an unordered object_list: <class 'cms.models.HeroSection'> QuerySet.
  paginator = self.django_paginator_class(queryset, page_size)
/home1/picpixels/virtualenv/admin.picpixels.com/3.11/lib/python3.11/site-packages/rest_framework/pagination.py:198: UnorderedObjectListWarning: Pagination may yield inconsistent results with an unordered object_list: <class 'cms.models.PricingConfigSection'> QuerySet.
  paginator = self.django_paginator_class(queryset, page_size)
/home1/picpixels/virtualenv/admin.picpixels.com/3.11/lib/python3.11/site-packages/rest_framework/pagination.py:198: UnorderedObjectListWarning: Pagination may yield inconsistent results with an unordered object_list: <class 'site_settings.models.SiteSetting'> QuerySet.
  paginator = self.django_paginator_class(queryset, page_size)
/home1/picpixels/virtualenv/admin.picpixels.com/3.11/lib/python3.11/site-packages/rest_framework/pagination.py:198: UnorderedObjectListWarning: Pagination may yield inconsistent results with an unordered object_list: <class 'site_settings.models.SiteSetting'> QuerySet.
  paginator = self.django_paginator_class(queryset, page_size)
/home1/picpixels/virtualenv/admin.picpixels.com/3.11/lib/python3.11/site-packages/rest_framework/pagination.py:198: UnorderedObjectListWarning: Pagination may yield inconsistent results with an unordered object_list: <class 'cms.models.HeroSection'> QuerySet.
  paginator = self.django_paginator_class(queryset, page_size)
/home1/picpixels/virtualenv/admin.picpixels.com/3.11/lib/python3.11/site-packages/rest_framework/pagination.py:198: UnorderedObjectListWarning: Pagination may yield inconsistent results with an unordered object_list: <class 'cms.models.PricingConfigSection'> QuerySet.
  paginator = self.django_paginator_class(queryset, page_size)
/home1/picpixels/virtualenv/admin.picpixels.com/3.11/lib/python3.11/site-packages/rest_framework/pagination.py:198: UnorderedObjectListWarning: Pagination may yield inconsistent results with an unordered object_list: <class 'cms.models.HeroSection'> QuerySet.
  paginator = self.django_paginator_class(queryset, page_size)
/home1/picpixels/virtualenv/admin.picpixels.com/3.11/lib/python3.11/site-packages/rest_framework/pagination.py:198: UnorderedObjectListWarning: Pagination may yield inconsistent results with an unordered object_list: <class 'cms.models.PricingConfigSection'> QuerySet.
  paginator = self.django_paginator_class(queryset, page_size)
/home1/picpixels/virtualenv/admin.picpixels.com/3.11/lib/python3.11/site-packages/rest_framework/pagination.py:198: UnorderedObjectListWarning: Pagination may yield inconsistent results with an unordered object_list: <class 'site_settings.models.SiteSetting'> QuerySet.
  paginator = self.django_paginator_class(queryset, page_size)
/home1/picpixels/virtualenv/admin.picpixels.com/3.11/lib/python3.11/site-packages/rest_framework/pagination.py:198: UnorderedObjectListWarning: Pagination may yield inconsistent results with an unordered object_list: <class 'site_settings.models.SiteSetting'> QuerySet.
  paginator = self.django_paginator_class(queryset, page_size)
/home1/picpixels/virtualenv/admin.picpixels.com/3.11/lib/python3.11/site-packages/rest_framework/pagination.py:198: UnorderedObjectListWarning: Pagination may yield inconsistent results with an unordered object_list: <class 'site_settings.models.SiteSetting'> QuerySet.
  paginator = self.django_paginator_class(queryset, page_size)
/home1/picpixels/virtualenv/admin.picpixels.com/3.11/lib/python3.11/site-packages/rest_framework/pagination.py:198: UnorderedObjectListWarning: Pagination may yield inconsistent results with an unordered object_list: <class 'site_settings.models.SiteSetting'> QuerySet.
  paginator = self.django_paginator_class(queryset, page_size)
/home1/picpixels/virtualenv/admin.picpixels.com/3.11/lib/python3.11/site-packages/rest_framework/pagination.py:198: UnorderedObjectListWarning: Pagination may yield inconsistent results with an unordered object_list: <class 'site_settings.models.SiteSetting'> QuerySet.
  paginator = self.django_paginator_class(queryset, page_size)
/home1/picpixels/virtualenv/admin.picpixels.com/3.11/lib/python3.11/site-packages/rest_framework/pagination.py:198: UnorderedObjectListWarning: Pagination may yield inconsistent results with an unordered object_list: <class 'cms.models.HeroSection'> QuerySet.
  paginator = self.django_paginator_class(queryset, page_size)
/home1/picpixels/virtualenv/admin.picpixels.com/3.11/lib/python3.11/site-packages/rest_framework/pagination.py:198: UnorderedObjectListWarning: Pagination may yield inconsistent results with an unordered object_list: <class 'cms.models.PricingConfigSection'> QuerySet.
  paginator = self.django_paginator_class(queryset, page_size)
/home1/picpixels/virtualenv/admin.picpixels.com/3.11/lib/python3.11/site-packages/rest_framework/pagination.py:198: UnorderedObjectListWarning: Pagination may yield inconsistent results with an unordered object_list: <class 'site_settings.models.SiteSetting'> QuerySet.
  paginator = self.django_paginator_class(queryset, page_size)
/home1/picpixels/virtualenv/admin.picpixels.com/3.11/lib/python3.11/site-packages/rest_framework/pagination.py:198: UnorderedObjectListWarning: Pagination may yield inconsistent results with an unordered object_list: <class 'cms.models.PricingConfigSection'> QuerySet.
  paginator = self.django_paginator_class(queryset, page_size)
/home1/picpixels/virtualenv/admin.picpixels.com/3.11/lib/python3.11/site-packages/rest_framework/pagination.py:198: UnorderedObjectListWarning: Pagination may yield inconsistent results with an unordered object_list: <class 'site_settings.models.SiteSetting'> QuerySet.
  paginator = self.django_paginator_class(queryset, page_size)
/home1/picpixels/virtualenv/admin.picpixels.com/3.11/lib/python3.11/site-packages/rest_framework/pagination.py:198: UnorderedObjectListWarning: Pagination may yield inconsistent results with an unordered object_list: <class 'cms.models.HeroSection'> QuerySet.
  paginator = self.django_paginator_class(queryset, page_size)
/home1/picpixels/virtualenv/admin.picpixels.com/3.11/lib/python3.11/site-packages/rest_framework/pagination.py:198: UnorderedObjectListWarning: Pagination may yield inconsistent results with an unordered object_list: <class 'site_settings.models.SiteSetting'> QuerySet.
  paginator = self.django_paginator_class(queryset, page_size)
/home1/picpixels/virtualenv/admin.picpixels.com/3.11/lib/python3.11/site-packages/rest_framework/pagination.py:198: UnorderedObjectListWarning: Pagination may yield inconsistent results with an unordered object_list: <class 'site_settings.models.SiteSetting'> QuerySet.
  paginator = self.django_paginator_class(queryset, page_size)
/home1/picpixels/virtualenv/admin.picpixels.com/3.11/lib/python3.11/site-packages/rest_framework/pagination.py:198: UnorderedObjectListWarning: Pagination may yield inconsistent results with an unordered object_list: <class 'cms.models.HeroSection'> QuerySet.
  paginator = self.django_paginator_class(queryset, page_size)
/home1/picpixels/virtualenv/admin.picpixels.com/3.11/lib/python3.11/site-packages/rest_framework/pagination.py:198: UnorderedObjectListWarning: Pagination may yield inconsistent results with an unordered object_list: <class 'cms.models.PricingConfigSection'> QuerySet.
  paginator = self.django_paginator_class(queryset, page_size)
/home1/picpixels/virtualenv/admin.picpixels.com/3.11/lib/python3.11/site-packages/rest_framework/pagination.py:198: UnorderedObjectListWarning: Pagination may yield inconsistent results with an unordered object_list: <class 'site_settings.models.SiteSetting'> QuerySet.
  paginator = self.django_paginator_class(queryset, page_size)
/home1/picpixels/virtualenv/admin.picpixels.com/3.11/lib/python3.11/site-packages/rest_framework/pagination.py:198: UnorderedObjectListWarning: Pagination may yield inconsistent results with an unordered object_list: <class 'site_settings.models.SiteSetting'> QuerySet.
  paginator = self.django_paginator_class(queryset, page_size)
/home1/picpixels/virtualenv/admin.picpixels.com/3.11/lib/python3.11/site-packages/rest_framework/pagination.py:198: UnorderedObjectListWarning: Pagination may yield inconsistent results with an unordered object_list: <class 'site_settings.models.SiteSetting'> QuerySet.
  paginator = self.django_paginator_class(queryset, page_size)
/home1/picpixels/virtualenv/admin.picpixels.com/3.11/lib/python3.11/site-packages/rest_framework/pagination.py:198: UnorderedObjectListWarning: Pagination may yield inconsistent results with an unordered object_list: <class 'cms.models.HeroSection'> QuerySet.
  paginator = self.django_paginator_class(queryset, page_size)
/home1/picpixels/virtualenv/admin.picpixels.com/3.11/lib/python3.11/site-packages/rest_framework/pagination.py:198: UnorderedObjectListWarning: Pagination may yield inconsistent results with an unordered object_list: <class 'cms.models.PricingConfigSection'> QuerySet.
  paginator = self.django_paginator_class(queryset, page_size)
/home1/picpixels/virtualenv/admin.picpixels.com/3.11/lib/python3.11/site-packages/rest_framework/pagination.py:198: UnorderedObjectListWarning: Pagination may yield inconsistent results with an unordered object_list: <class 'site_settings.models.SiteSetting'> QuerySet.
  paginator = self.django_paginator_class(queryset, page_size)
/home1/picpixels/virtualenv/admin.picpixels.com/3.11/lib/python3.11/site-packages/rest_framework/pagination.py:198: UnorderedObjectListWarning: Pagination may yield inconsistent results with an unordered object_list: <class 'site_settings.models.SiteSetting'> QuerySet.
  paginator = self.django_paginator_class(queryset, page_size)
/home1/picpixels/virtualenv/admin.picpixels.com/3.11/lib/python3.11/site-packages/rest_framework/pagination.py:198: UnorderedObjectListWarning: Pagination may yield inconsistent results with an unordered object_list: <class 'site_settings.models.SiteSetting'> QuerySet.
  paginator = self.django_paginator_class(queryset, page_size)
/home1/picpixels/virtualenv/admin.picpixels.com/3.11/lib/python3.11/site-packages/rest_framework/pagination.py:198: UnorderedObjectListWarning: Pagination may yield inconsistent results with an unordered object_list: <class 'site_settings.models.SiteSetting'> QuerySet.
  paginator = self.django_paginator_class(queryset, page_size)
/home1/picpixels/virtualenv/admin.picpixels.com/3.11/lib/python3.11/site-packages/rest_framework/pagination.py:198: UnorderedObjectListWarning: Pagination may yield inconsistent results with an unordered object_list: <class 'site_settings.models.SiteSetting'> QuerySet.
  paginator = self.django_paginator_class(queryset, page_size)
/home1/picpixels/virtualenv/admin.picpixels.com/3.11/lib/python3.11/site-packages/rest_framework/pagination.py:198: UnorderedObjectListWarning: Pagination may yield inconsistent results with an unordered object_list: <class 'cms.models.HeroSection'> QuerySet.
  paginator = self.django_paginator_class(queryset, page_size)
/home1/picpixels/virtualenv/admin.picpixels.com/3.11/lib/python3.11/site-packages/rest_framework/pagination.py:198: UnorderedObjectListWarning: Pagination may yield inconsistent results with an unordered object_list: <class 'cms.models.PricingConfigSection'> QuerySet.
  paginator = self.django_paginator_class(queryset, page_size)
/home1/picpixels/virtualenv/admin.picpixels.com/3.11/lib/python3.11/site-packages/rest_framework/pagination.py:198: UnorderedObjectListWarning: Pagination may yield inconsistent results with an unordered object_list: <class 'site_settings.models.SiteSetting'> QuerySet.
  paginator = self.django_paginator_class(queryset, page_size)
/home1/picpixels/virtualenv/admin.picpixels.com/3.11/lib/python3.11/site-packages/rest_framework/pagination.py:198: UnorderedObjectListWarning: Pagination may yield inconsistent results with an unordered object_list: <class 'cms.models.HeroSection'> QuerySet.
  paginator = self.django_paginator_class(queryset, page_size)
/home1/picpixels/virtualenv/admin.picpixels.com/3.11/lib/python3.11/site-packages/rest_framework/pagination.py:198: UnorderedObjectListWarning: Pagination may yield inconsistent results with an unordered object_list: <class 'cms.models.PricingConfigSection'> QuerySet.
  paginator = self.django_paginator_class(queryset, page_size)
/home1/picpixels/virtualenv/admin.picpixels.com/3.11/lib/python3.11/site-packages/rest_framework/pagination.py:198: UnorderedObjectListWarning: Pagination may yield inconsistent results with an unordered object_list: <class 'site_settings.models.SiteSetting'> QuerySet.
  paginator = self.django_paginator_class(queryset, page_size)
/home1/picpixels/virtualenv/admin.picpixels.com/3.11/lib/python3.11/site-packages/rest_framework/pagination.py:198: UnorderedObjectListWarning: Pagination may yield inconsistent results with an unordered object_list: <class 'cms.models.HeroSection'> QuerySet.
  paginator = self.django_paginator_class(queryset, page_size)
/home1/picpixels/virtualenv/admin.picpixels.com/3.11/lib/python3.11/site-packages/rest_framework/pagination.py:198: UnorderedObjectListWarning: Pagination may yield inconsistent results with an unordered object_list: <class 'cms.models.PricingConfigSection'> QuerySet.
  paginator = self.django_paginator_class(queryset, page_size)
/home1/picpixels/virtualenv/admin.picpixels.com/3.11/lib/python3.11/site-packages/rest_framework/pagination.py:198: UnorderedObjectListWarning: Pagination may yield inconsistent results with an unordered object_list: <class 'site_settings.models.SiteSetting'> QuerySet.
  paginator = self.django_paginator_class(queryset, page_size)
/home1/picpixels/virtualenv/admin.picpixels.com/3.11/lib/python3.11/site-packages/rest_framework/pagination.py:198: UnorderedObjectListWarning: Pagination may yield inconsistent results with an unordered object_list: <class 'cms.models.PricingConfigSection'> QuerySet.
  paginator = self.django_paginator_class(queryset, page_size)
/home1/picpixels/virtualenv/admin.picpixels.com/3.11/lib/python3.11/site-packages/rest_framework/pagination.py:198: UnorderedObjectListWarning: Pagination may yield inconsistent results with an unordered object_list: <class 'cms.models.HeroSection'> QuerySet.
  paginator = self.django_paginator_class(queryset, page_size)
/home1/picpixels/virtualenv/admin.picpixels.com/3.11/lib/python3.11/site-packages/rest_framework/pagination.py:198: UnorderedObjectListWarning: Pagination may yield inconsistent results with an unordered object_list: <class 'site_settings.models.SiteSetting'> QuerySet.
  paginator = self.django_paginator_class(queryset, page_size)
/home1/picpixels/virtualenv/admin.picpixels.com/3.11/lib/python3.11/site-packages/rest_framework/pagination.py:198: UnorderedObjectListWarning: Pagination may yield inconsistent results with an unordered object_list: <class 'site_settings.models.SiteSetting'> QuerySet.
  paginator = self.django_paginator_class(queryset, page_size)
/home1/picpixels/virtualenv/admin.picpixels.com/3.11/lib/python3.11/site-packages/rest_framework/pagination.py:198: UnorderedObjectListWarning: Pagination may yield inconsistent results with an unordered object_list: <class 'site_settings.models.SiteSetting'> QuerySet.
  paginator = self.django_paginator_class(queryset, page_size)
/home1/picpixels/virtualenv/admin.picpixels.com/3.11/lib/python3.11/site-packages/rest_framework/pagination.py:198: UnorderedObjectListWarning: Pagination may yield inconsistent results with an unordered object_list: <class 'site_settings.models.SiteSetting'> QuerySet.
  paginator = self.django_paginator_class(queryset, page_size)
/home1/picpixels/virtualenv/admin.picpixels.com/3.11/lib/python3.11/site-packages/rest_framework/pagination.py:198: UnorderedObjectListWarning: Pagination may yield inconsistent results with an unordered object_list: <class 'site_settings.models.SiteSetting'> QuerySet.
  paginator = self.django_paginator_class(queryset, page_size)
/home1/picpixels/virtualenv/admin.picpixels.com/3.11/lib/python3.11/site-packages/rest_framework/pagination.py:198: UnorderedObjectListWarning: Pagination may yield inconsistent results with an unordered object_list: <class 'site_settings.models.SiteSetting'> QuerySet.
  paginator = self.django_paginator_class(queryset, page_size)
/home1/picpixels/virtualenv/admin.picpixels.com/3.11/lib/python3.11/site-packages/rest_framework/pagination.py:198: UnorderedObjectListWarning: Pagination may yield inconsistent results with an unordered object_list: <class 'site_settings.models.SiteSetting'> QuerySet.
  paginator = self.django_paginator_class(queryset, page_size)
/home1/picpixels/virtualenv/admin.picpixels.com/3.11/lib/python3.11/site-packages/rest_framework/pagination.py:198: UnorderedObjectListWarning: Pagination may yield inconsistent results with an unordered object_list: <class 'site_settings.models.SiteSetting'> QuerySet.
  paginator = self.django_paginator_class(queryset, page_size)
/home1/picpixels/virtualenv/admin.picpixels.com/3.11/lib/python3.11/site-packages/rest_framework/pagination.py:198: UnorderedObjectListWarning: Pagination may yield inconsistent results with an unordered object_list: <class 'site_settings.models.SiteSetting'> QuerySet.
  paginator = self.django_paginator_class(queryset, page_size)
/home1/picpixels/virtualenv/admin.picpixels.com/3.11/lib/python3.11/site-packages/rest_framework/pagination.py:198: UnorderedObjectListWarning: Pagination may yield inconsistent results with an unordered object_list: <class 'site_settings.models.SiteSetting'> QuerySet.
  paginator = self.django_paginator_class(queryset, page_size)
/home1/picpixels/virtualenv/admin.picpixels.com/3.11/lib/python3.11/site-packages/rest_framework/pagination.py:198: UnorderedObjectListWarning: Pagination may yield inconsistent results with an unordered object_list: <class 'site_settings.models.SiteSetting'> QuerySet.
  paginator = self.django_paginator_class(queryset, page_size)
/home1/picpixels/virtualenv/admin.picpixels.com/3.11/lib/python3.11/site-packages/rest_framework/pagination.py:198: UnorderedObjectListWarning: Pagination may yield inconsistent results with an unordered object_list: <class 'cms.models.HeroSection'> QuerySet.
  paginator = self.django_paginator_class(queryset, page_size)
/home1/picpixels/virtualenv/admin.picpixels.com/3.11/lib/python3.11/site-packages/rest_framework/pagination.py:198: UnorderedObjectListWarning: Pagination may yield inconsistent results with an unordered object_list: <class 'site_settings.models.SiteSetting'> QuerySet.
  paginator = self.django_paginator_class(queryset, page_size)
/home1/picpixels/virtualenv/admin.picpixels.com/3.11/lib/python3.11/site-packages/rest_framework/pagination.py:198: UnorderedObjectListWarning: Pagination may yield inconsistent results with an unordered object_list: <class 'cms.models.PricingConfigSection'> QuerySet.
  paginator = self.django_paginator_class(queryset, page_size)
/home1/picpixels/virtualenv/admin.picpixels.com/3.11/lib/python3.11/site-packages/rest_framework/pagination.py:198: UnorderedObjectListWarning: Pagination may yield inconsistent results with an unordered object_list: <class 'site_settings.models.SiteSetting'> QuerySet.
  paginator = self.django_paginator_class(queryset, page_size)
/home1/picpixels/virtualenv/admin.picpixels.com/3.11/lib/python3.11/site-packages/rest_framework/pagination.py:198: UnorderedObjectListWarning: Pagination may yield inconsistent results with an unordered object_list: <class 'cms.models.HeroSection'> QuerySet.
  paginator = self.django_paginator_class(queryset, page_size)
/home1/picpixels/virtualenv/admin.picpixels.com/3.11/lib/python3.11/site-packages/rest_framework/pagination.py:198: UnorderedObjectListWarning: Pagination may yield inconsistent results with an unordered object_list: <class 'cms.models.PricingConfigSection'> QuerySet.
  paginator = self.django_paginator_class(queryset, page_size)
/home1/picpixels/virtualenv/admin.picpixels.com/3.11/lib/python3.11/site-packages/rest_framework/pagination.py:198: UnorderedObjectListWarning: Pagination may yield inconsistent results with an unordered object_list: <class 'site_settings.models.SiteSetting'> QuerySet.
  paginator = self.django_paginator_class(queryset, page_size)
/home1/picpixels/virtualenv/admin.picpixels.com/3.11/lib/python3.11/site-packages/rest_framework/pagination.py:198: UnorderedObjectListWarning: Pagination may yield inconsistent results with an unordered object_list: <class 'cms.models.HeroSection'> QuerySet.
  paginator = self.django_paginator_class(queryset, page_size)
/home1/picpixels/virtualenv/admin.picpixels.com/3.11/lib/python3.11/site-packages/rest_framework/pagination.py:198: UnorderedObjectListWarning: Pagination may yield inconsistent results with an unordered object_list: <class 'cms.models.PricingConfigSection'> QuerySet.
  paginator = self.django_paginator_class(queryset, page_size)
/home1/picpixels/virtualenv/admin.picpixels.com/3.11/lib/python3.11/site-packages/rest_framework/pagination.py:198: UnorderedObjectListWarning: Pagination may yield inconsistent results with an unordered object_list: <class 'site_settings.models.SiteSetting'> QuerySet.
  paginator = self.django_paginator_class(queryset, page_size)
/home1/picpixels/virtualenv/admin.picpixels.com/3.11/lib/python3.11/site-packages/rest_framework/pagination.py:198: UnorderedObjectListWarning: Pagination may yield inconsistent results with an unordered object_list: <class 'site_settings.models.SiteSetting'> QuerySet.
  paginator = self.django_paginator_class(queryset, page_size)
/home1/picpixels/virtualenv/admin.picpixels.com/3.11/lib/python3.11/site-packages/rest_framework/pagination.py:198: UnorderedObjectListWarning: Pagination may yield inconsistent results with an unordered object_list: <class 'site_settings.models.SiteSetting'> QuerySet.
  paginator = self.django_paginator_class(queryset, page_size)
/home1/picpixels/virtualenv/admin.picpixels.com/3.11/lib/python3.11/site-packages/rest_framework/pagination.py:198: UnorderedObjectListWarning: Pagination may yield inconsistent results with an unordered object_list: <class 'cms.models.HeroSection'> QuerySet.
  paginator = self.django_paginator_class(queryset, page_size)
/home1/picpixels/virtualenv/admin.picpixels.com/3.11/lib/python3.11/site-packages/rest_framework/pagination.py:198: UnorderedObjectListWarning: Pagination may yield inconsistent results with an unordered object_list: <class 'site_settings.models.SiteSetting'> QuerySet.
  paginator = self.django_paginator_class(queryset, page_size)
/home1/picpixels/virtualenv/admin.picpixels.com/3.11/lib/python3.11/site-packages/rest_framework/pagination.py:198: UnorderedObjectListWarning: Pagination may yield inconsistent results with an unordered object_list: <class 'site_settings.models.SiteSetting'> QuerySet.
  paginator = self.django_paginator_class(queryset, page_size)
/home1/picpixels/virtualenv/admin.picpixels.com/3.11/lib/python3.11/site-packages/rest_framework/pagination.py:198: UnorderedObjectListWarning: Pagination may yield inconsistent results with an unordered object_list: <class 'cms.models.HeroSection'> QuerySet.
  paginator = self.django_paginator_class(queryset, page_size)
/home1/picpixels/virtualenv/admin.picpixels.com/3.11/lib/python3.11/site-packages/rest_framework/pagination.py:198: UnorderedObjectListWarning: Pagination may yield inconsistent results with an unordered object_list: <class 'cms.models.PricingConfigSection'> QuerySet.
  paginator = self.django_paginator_class(queryset, page_size)
/home1/picpixels/virtualenv/admin.picpixels.com/3.11/lib/python3.11/site-packages/rest_framework/pagination.py:198: UnorderedObjectListWarning: Pagination may yield inconsistent results with an unordered object_list: <class 'site_settings.models.SiteSetting'> QuerySet.
  paginator = self.django_paginator_class(queryset, page_size)
/home1/picpixels/virtualenv/admin.picpixels.com/3.11/lib/python3.11/site-packages/rest_framework/pagination.py:198: UnorderedObjectListWarning: Pagination may yield inconsistent results with an unordered object_list: <class 'site_settings.models.SiteSetting'> QuerySet.
  paginator = self.django_paginator_class(queryset, page_size)
/home1/picpixels/virtualenv/admin.picpixels.com/3.11/lib/python3.11/site-packages/rest_framework/pagination.py:198: UnorderedObjectListWarning: Pagination may yield inconsistent results with an unordered object_list: <class 'cms.models.PricingConfigSection'> QuerySet.
  paginator = self.django_paginator_class(queryset, page_size)
/home1/picpixels/virtualenv/admin.picpixels.com/3.11/lib/python3.11/site-packages/rest_framework/pagination.py:198: UnorderedObjectListWarning: Pagination may yield inconsistent results with an unordered object_list: <class 'cms.models.HeroSection'> QuerySet.
  paginator = self.django_paginator_class(queryset, page_size)
/home1/picpixels/virtualenv/admin.picpixels.com/3.11/lib/python3.11/site-packages/rest_framework/pagination.py:198: UnorderedObjectListWarning: Pagination may yield inconsistent results with an unordered object_list: <class 'site_settings.models.SiteSetting'> QuerySet.
  paginator = self.django_paginator_class(queryset, page_size)
/home1/picpixels/virtualenv/admin.picpixels.com/3.11/lib/python3.11/site-packages/rest_framework/pagination.py:198: UnorderedObjectListWarning: Pagination may yield inconsistent results with an unordered object_list: <class 'cms.models.HeroSection'> QuerySet.
  paginator = self.django_paginator_class(queryset, page_size)
/home1/picpixels/virtualenv/admin.picpixels.com/3.11/lib/python3.11/site-packages/rest_framework/pagination.py:198: UnorderedObjectListWarning: Pagination may yield inconsistent results with an unordered object_list: <class 'cms.models.PricingConfigSection'> QuerySet.
  paginator = self.django_paginator_class(queryset, page_size)
/home1/picpixels/virtualenv/admin.picpixels.com/3.11/lib/python3.11/site-packages/rest_framework/pagination.py:198: UnorderedObjectListWarning: Pagination may yield inconsistent results with an unordered object_list: <class 'site_settings.models.SiteSetting'> QuerySet.
  paginator = self.django_paginator_class(queryset, page_size)
/home1/picpixels/virtualenv/admin.picpixels.com/3.11/lib/python3.11/site-packages/rest_framework/pagination.py:198: UnorderedObjectListWarning: Pagination may yield inconsistent results with an unordered object_list: <class 'cms.models.HeroSection'> QuerySet.
  paginator = self.django_paginator_class(queryset, page_size)
/home1/picpixels/virtualenv/admin.picpixels.com/3.11/lib/python3.11/site-packages/rest_framework/pagination.py:198: UnorderedObjectListWarning: Pagination may yield inconsistent results with an unordered object_list: <class 'cms.models.PricingConfigSection'> QuerySet.
  paginator = self.django_paginator_class(queryset, page_size)
/home1/picpixels/virtualenv/admin.picpixels.com/3.11/lib/python3.11/site-packages/rest_framework/pagination.py:198: UnorderedObjectListWarning: Pagination may yield inconsistent results with an unordered object_list: <class 'site_settings.models.SiteSetting'> QuerySet.
  paginator = self.django_paginator_class(queryset, page_size)
/home1/picpixels/virtualenv/admin.picpixels.com/3.11/lib/python3.11/site-packages/rest_framework/pagination.py:198: UnorderedObjectListWarning: Pagination may yield inconsistent results with an unordered object_list: <class 'cms.models.HeroSection'> QuerySet.
  paginator = self.django_paginator_class(queryset, page_size)
/home1/picpixels/virtualenv/admin.picpixels.com/3.11/lib/python3.11/site-packages/rest_framework/pagination.py:198: UnorderedObjectListWarning: Pagination may yield inconsistent results with an unordered object_list: <class 'cms.models.PricingConfigSection'> QuerySet.
  paginator = self.django_paginator_class(queryset, page_size)
/home1/picpixels/virtualenv/admin.picpixels.com/3.11/lib/python3.11/site-packages/rest_framework/pagination.py:198: UnorderedObjectListWarning: Pagination may yield inconsistent results with an unordered object_list: <class 'site_settings.models.SiteSetting'> QuerySet.
  paginator = self.django_paginator_class(queryset, page_size)
/home1/picpixels/virtualenv/admin.picpixels.com/3.11/lib/python3.11/site-packages/rest_framework/pagination.py:198: UnorderedObjectListWarning: Pagination may yield inconsistent results with an unordered object_list: <class 'site_settings.models.SiteSetting'> QuerySet.
  paginator = self.django_paginator_class(queryset, page_size)
/home1/picpixels/virtualenv/admin.picpixels.com/3.11/lib/python3.11/site-packages/rest_framework/pagination.py:198: UnorderedObjectListWarning: Pagination may yield inconsistent results with an unordered object_list: <class 'site_settings.models.SiteSetting'> QuerySet.
  paginator = self.django_paginator_class(queryset, page_size)
/home1/picpixels/virtualenv/admin.picpixels.com/3.11/lib/python3.11/site-packages/rest_framework/pagination.py:198: UnorderedObjectListWarning: Pagination may yield inconsistent results with an unordered object_list: <class 'site_settings.models.SiteSetting'> QuerySet.
  paginator = self.django_paginator_class(queryset, page_size)
/home1/picpixels/virtualenv/admin.picpixels.com/3.11/lib/python3.11/site-packages/rest_framework/pagination.py:198: UnorderedObjectListWarning: Pagination may yield inconsistent results with an unordered object_list: <class 'cms.models.PricingConfigSection'> QuerySet.
  paginator = self.django_paginator_class(queryset, page_size)
/home1/picpixels/virtualenv/admin.picpixels.com/3.11/lib/python3.11/site-packages/rest_framework/pagination.py:198: UnorderedObjectListWarning: Pagination may yield inconsistent results with an unordered object_list: <class 'cms.models.HeroSection'> QuerySet.
  paginator = self.django_paginator_class(queryset, page_size)
/home1/picpixels/virtualenv/admin.picpixels.com/3.11/lib/python3.11/site-packages/rest_framework/pagination.py:198: UnorderedObjectListWarning: Pagination may yield inconsistent results with an unordered object_list: <class 'site_settings.models.SiteSetting'> QuerySet.
  paginator = self.django_paginator_class(queryset, page_size)
/home1/picpixels/virtualenv/admin.picpixels.com/3.11/lib/python3.11/site-packages/rest_framework/pagination.py:198: UnorderedObjectListWarning: Pagination may yield inconsistent results with an unordered object_list: <class 'site_settings.models.SiteSetting'> QuerySet.
  paginator = self.django_paginator_class(queryset, page_size)
/home1/picpixels/virtualenv/admin.picpixels.com/3.11/lib/python3.11/site-packages/rest_framework/pagination.py:198: UnorderedObjectListWarning: Pagination may yield inconsistent results with an unordered object_list: <class 'cms.models.PricingConfigSection'> QuerySet.
  paginator = self.django_paginator_class(queryset, page_size)
/home1/picpixels/virtualenv/admin.picpixels.com/3.11/lib/python3.11/site-packages/rest_framework/pagination.py:198: UnorderedObjectListWarning: Pagination may yield inconsistent results with an unordered object_list: <class 'cms.models.HeroSection'> QuerySet.
  paginator = self.django_paginator_class(queryset, page_size)
/home1/picpixels/virtualenv/admin.picpixels.com/3.11/lib/python3.11/site-packages/rest_framework/pagination.py:198: UnorderedObjectListWarning: Pagination may yield inconsistent results with an unordered object_list: <class 'site_settings.models.SiteSetting'> QuerySet.
  paginator = self.django_paginator_class(queryset, page_size)
/home1/picpixels/virtualenv/admin.picpixels.com/3.11/lib/python3.11/site-packages/rest_framework/pagination.py:198: UnorderedObjectListWarning: Pagination may yield inconsistent results with an unordered object_list: <class 'site_settings.models.SiteSetting'> QuerySet.
  paginator = self.django_paginator_class(queryset, page_size)
/home1/picpixels/virtualenv/admin.picpixels.com/3.11/lib/python3.11/site-packages/rest_framework/pagination.py:198: UnorderedObjectListWarning: Pagination may yield inconsistent results with an unordered object_list: <class 'site_settings.models.SiteSetting'> QuerySet.
  paginator = self.django_paginator_class(queryset, page_size)
/home1/picpixels/virtualenv/admin.picpixels.com/3.11/lib/python3.11/site-packages/rest_framework/pagination.py:198: UnorderedObjectListWarning: Pagination may yield inconsistent results with an unordered object_list: <class 'site_settings.models.SiteSetting'> QuerySet.
  paginator = self.django_paginator_class(queryset, page_size)
/home1/picpixels/virtualenv/admin.picpixels.com/3.11/lib/python3.11/site-packages/rest_framework/pagination.py:198: UnorderedObjectListWarning: Pagination may yield inconsistent results with an unordered object_list: <class 'cms.models.HeroSection'> QuerySet.
  paginator = self.django_paginator_class(queryset, page_size)
/home1/picpixels/virtualenv/admin.picpixels.com/3.11/lib/python3.11/site-packages/rest_framework/pagination.py:198: UnorderedObjectListWarning: Pagination may yield inconsistent results with an unordered object_list: <class 'cms.models.PricingConfigSection'> QuerySet.
  paginator = self.django_paginator_class(queryset, page_size)
/home1/picpixels/virtualenv/admin.picpixels.com/3.11/lib/python3.11/site-packages/rest_framework/pagination.py:198: UnorderedObjectListWarning: Pagination may yield inconsistent results with an unordered object_list: <class 'cms.models.HeroSection'> QuerySet.
  paginator = self.django_paginator_class(queryset, page_size)
/home1/picpixels/virtualenv/admin.picpixels.com/3.11/lib/python3.11/site-packages/rest_framework/pagination.py:198: UnorderedObjectListWarning: Pagination may yield inconsistent results with an unordered object_list: <class 'site_settings.models.SiteSetting'> QuerySet.
  paginator = self.django_paginator_class(queryset, page_size)
/home1/picpixels/virtualenv/admin.picpixels.com/3.11/lib/python3.11/site-packages/rest_framework/pagination.py:198: UnorderedObjectListWarning: Pagination may yield inconsistent results with an unordered object_list: <class 'site_settings.models.SiteSetting'> QuerySet.
  paginator = self.django_paginator_class(queryset, page_size)
/home1/picpixels/virtualenv/admin.picpixels.com/3.11/lib/python3.11/site-packages/rest_framework/pagination.py:198: UnorderedObjectListWarning: Pagination may yield inconsistent results with an unordered object_list: <class 'site_settings.models.SiteSetting'> QuerySet.
  paginator = self.django_paginator_class(queryset, page_size)
/home1/picpixels/virtualenv/admin.picpixels.com/3.11/lib/python3.11/site-packages/rest_framework/pagination.py:198: UnorderedObjectListWarning: Pagination may yield inconsistent results with an unordered object_list: <class 'cms.models.HeroSection'> QuerySet.
  paginator = self.django_paginator_class(queryset, page_size)
/home1/picpixels/virtualenv/admin.picpixels.com/3.11/lib/python3.11/site-packages/rest_framework/pagination.py:198: UnorderedObjectListWarning: Pagination may yield inconsistent results with an unordered object_list: <class 'cms.models.PricingConfigSection'> QuerySet.
  paginator = self.django_paginator_class(queryset, page_size)
/home1/picpixels/virtualenv/admin.picpixels.com/3.11/lib/python3.11/site-packages/rest_framework/pagination.py:198: UnorderedObjectListWarning: Pagination may yield inconsistent results with an unordered object_list: <class 'site_settings.models.SiteSetting'> QuerySet.
  paginator = self.django_paginator_class(queryset, page_size)
/home1/picpixels/virtualenv/admin.picpixels.com/3.11/lib/python3.11/site-packages/rest_framework/pagination.py:198: UnorderedObjectListWarning: Pagination may yield inconsistent results with an unordered object_list: <class 'site_settings.models.SiteSetting'> QuerySet.
  paginator = self.django_paginator_class(queryset, page_size)
/home1/picpixels/virtualenv/admin.picpixels.com/3.11/lib/python3.11/site-packages/rest_framework/pagination.py:198: UnorderedObjectListWarning: Pagination may yield inconsistent results with an unordered object_list: <class 'site_settings.models.SiteSetting'> QuerySet.
  paginator = self.django_paginator_class(queryset, page_size)
/home1/picpixels/virtualenv/admin.picpixels.com/3.11/lib/python3.11/site-packages/rest_framework/pagination.py:198: UnorderedObjectListWarning: Pagination may yield inconsistent results with an unordered object_list: <class 'cms.models.HeroSection'> QuerySet.
  paginator = self.django_paginator_class(queryset, page_size)
/home1/picpixels/virtualenv/admin.picpixels.com/3.11/lib/python3.11/site-packages/rest_framework/pagination.py:198: UnorderedObjectListWarning: Pagination may yield inconsistent results with an unordered object_list: <class 'site_settings.models.SiteSetting'> QuerySet.
  paginator = self.django_paginator_class(queryset, page_size)
/home1/picpixels/virtualenv/admin.picpixels.com/3.11/lib/python3.11/site-packages/rest_framework/pagination.py:198: UnorderedObjectListWarning: Pagination may yield inconsistent results with an unordered object_list: <class 'site_settings.models.SiteSetting'> QuerySet.
  paginator = self.django_paginator_class(queryset, page_size)
/home1/picpixels/virtualenv/admin.picpixels.com/3.11/lib/python3.11/site-packages/rest_framework/pagination.py:198: UnorderedObjectListWarning: Pagination may yield inconsistent results with an unordered object_list: <class 'cms.models.HeroSection'> QuerySet.
  paginator = self.django_paginator_class(queryset, page_size)
/home1/picpixels/virtualenv/admin.picpixels.com/3.11/lib/python3.11/site-packages/rest_framework/pagination.py:198: UnorderedObjectListWarning: Pagination may yield inconsistent results with an unordered object_list: <class 'cms.models.PricingConfigSection'> QuerySet.
  paginator = self.django_paginator_class(queryset, page_size)
/home1/picpixels/virtualenv/admin.picpixels.com/3.11/lib/python3.11/site-packages/rest_framework/pagination.py:198: UnorderedObjectListWarning: Pagination may yield inconsistent results with an unordered object_list: <class 'site_settings.models.SiteSetting'> QuerySet.
  paginator = self.django_paginator_class(queryset, page_size)
/home1/picpixels/virtualenv/admin.picpixels.com/3.11/lib/python3.11/site-packages/rest_framework/pagination.py:198: UnorderedObjectListWarning: Pagination may yield inconsistent results with an unordered object_list: <class 'site_settings.models.SiteSetting'> QuerySet.
  paginator = self.django_paginator_class(queryset, page_size)
/home1/picpixels/virtualenv/admin.picpixels.com/3.11/lib/python3.11/site-packages/rest_framework/pagination.py:198: UnorderedObjectListWarning: Pagination may yield inconsistent results with an unordered object_list: <class 'cms.models.HeroSection'> QuerySet.
  paginator = self.django_paginator_class(queryset, page_size)
/home1/picpixels/virtualenv/admin.picpixels.com/3.11/lib/python3.11/site-packages/rest_framework/pagination.py:198: UnorderedObjectListWarning: Pagination may yield inconsistent results with an unordered object_list: <class 'cms.models.PricingConfigSection'> QuerySet.
  paginator = self.django_paginator_class(queryset, page_size)
/home1/picpixels/virtualenv/admin.picpixels.com/3.11/lib/python3.11/site-packages/rest_framework/pagination.py:198: UnorderedObjectListWarning: Pagination may yield inconsistent results with an unordered object_list: <class 'site_settings.models.SiteSetting'> QuerySet.
  paginator = self.django_paginator_class(queryset, page_size)
/home1/picpixels/virtualenv/admin.picpixels.com/3.11/lib/python3.11/site-packages/rest_framework/pagination.py:198: UnorderedObjectListWarning: Pagination may yield inconsistent results with an unordered object_list: <class 'site_settings.models.SiteSetting'> QuerySet.
  paginator = self.django_paginator_class(queryset, page_size)
/home1/picpixels/virtualenv/admin.picpixels.com/3.11/lib/python3.11/site-packages/rest_framework/pagination.py:198: UnorderedObjectListWarning: Pagination may yield inconsistent results with an unordered object_list: <class 'site_settings.models.SiteSetting'> QuerySet.
  paginator = self.django_paginator_class(queryset, page_size)
/home1/picpixels/virtualenv/admin.picpixels.com/3.11/lib/python3.11/site-packages/rest_framework/pagination.py:198: UnorderedObjectListWarning: Pagination may yield inconsistent results with an unordered object_list: <class 'cms.models.HeroSection'> QuerySet.
  paginator = self.django_paginator_class(queryset, page_size)
/home1/picpixels/virtualenv/admin.picpixels.com/3.11/lib/python3.11/site-packages/rest_framework/pagination.py:198: UnorderedObjectListWarning: Pagination may yield inconsistent results with an unordered object_list: <class 'cms.models.PricingConfigSection'> QuerySet.
  paginator = self.django_paginator_class(queryset, page_size)
/home1/picpixels/virtualenv/admin.picpixels.com/3.11/lib/python3.11/site-packages/rest_framework/pagination.py:198: UnorderedObjectListWarning: Pagination may yield inconsistent results with an unordered object_list: <class 'site_settings.models.SiteSetting'> QuerySet.
  paginator = self.django_paginator_class(queryset, page_size)
/home1/picpixels/virtualenv/admin.picpixels.com/3.11/lib/python3.11/site-packages/rest_framework/pagination.py:198: UnorderedObjectListWarning: Pagination may yield inconsistent results with an unordered object_list: <class 'site_settings.models.SiteSetting'> QuerySet.
  paginator = self.django_paginator_class(queryset, page_size)
/home1/picpixels/virtualenv/admin.picpixels.com/3.11/lib/python3.11/site-packages/rest_framework/pagination.py:198: UnorderedObjectListWarning: Pagination may yield inconsistent results with an unordered object_list: <class 'site_settings.models.SiteSetting'> QuerySet.
  paginator = self.django_paginator_class(queryset, page_size)
/home1/picpixels/virtualenv/admin.picpixels.com/3.11/lib/python3.11/site-packages/rest_framework/pagination.py:198: UnorderedObjectListWarning: Pagination may yield inconsistent results with an unordered object_list: <class 'site_settings.models.SiteSetting'> QuerySet.
  paginator = self.django_paginator_class(queryset, page_size)
/home1/picpixels/virtualenv/admin.picpixels.com/3.11/lib/python3.11/site-packages/rest_framework/pagination.py:198: UnorderedObjectListWarning: Pagination may yield inconsistent results with an unordered object_list: <class 'site_settings.models.SiteSetting'> QuerySet.
  paginator = self.django_paginator_class(queryset, page_size)
/home1/picpixels/virtualenv/admin.picpixels.com/3.11/lib/python3.11/site-packages/rest_framework/pagination.py:198: UnorderedObjectListWarning: Pagination may yield inconsistent results with an unordered object_list: <class 'site_settings.models.SiteSetting'> QuerySet.
  paginator = self.django_paginator_class(queryset, page_size)
/home1/picpixels/virtualenv/admin.picpixels.com/3.11/lib/python3.11/site-packages/rest_framework/pagination.py:198: UnorderedObjectListWarning: Pagination may yield inconsistent results with an unordered object_list: <class 'site_settings.models.SiteSetting'> QuerySet.
  paginator = self.django_paginator_class(queryset, page_size)
/home1/picpixels/virtualenv/admin.picpixels.com/3.11/lib/python3.11/site-packages/rest_framework/pagination.py:198: UnorderedObjectListWarning: Pagination may yield inconsistent results with an unordered object_list: <class 'site_settings.models.SiteSetting'> QuerySet.
  paginator = self.django_paginator_class(queryset, page_size)
/home1/picpixels/virtualenv/admin.picpixels.com/3.11/lib/python3.11/site-packages/rest_framework/pagination.py:198: UnorderedObjectListWarning: Pagination may yield inconsistent results with an unordered object_list: <class 'site_settings.models.SiteSetting'> QuerySet.
  paginator = self.django_paginator_class(queryset, page_size)
/home1/picpixels/virtualenv/admin.picpixels.com/3.11/lib/python3.11/site-packages/rest_framework/pagination.py:198: UnorderedObjectListWarning: Pagination may yield inconsistent results with an unordered object_list: <class 'cms.models.PricingConfigSection'> QuerySet.
  paginator = self.django_paginator_class(queryset, page_size)
/home1/picpixels/virtualenv/admin.picpixels.com/3.11/lib/python3.11/site-packages/rest_framework/pagination.py:198: UnorderedObjectListWarning: Pagination may yield inconsistent results with an unordered object_list: <class 'cms.models.HeroSection'> QuerySet.
  paginator = self.django_paginator_class(queryset, page_size)
/home1/picpixels/virtualenv/admin.picpixels.com/3.11/lib/python3.11/site-packages/rest_framework/pagination.py:198: UnorderedObjectListWarning: Pagination may yield inconsistent results with an unordered object_list: <class 'cms.models.HeroSection'> QuerySet.
  paginator = self.django_paginator_class(queryset, page_size)
/home1/picpixels/virtualenv/admin.picpixels.com/3.11/lib/python3.11/site-packages/rest_framework/pagination.py:198: UnorderedObjectListWarning: Pagination may yield inconsistent results with an unordered object_list: <class 'site_settings.models.SiteSetting'> QuerySet.
  paginator = self.django_paginator_class(queryset, page_size)
/home1/picpixels/virtualenv/admin.picpixels.com/3.11/lib/python3.11/site-packages/rest_framework/pagination.py:198: UnorderedObjectListWarning: Pagination may yield inconsistent results with an unordered object_list: <class 'cms.models.PricingConfigSection'> QuerySet.
  paginator = self.django_paginator_class(queryset, page_size)
/home1/picpixels/virtualenv/admin.picpixels.com/3.11/lib/python3.11/site-packages/rest_framework/pagination.py:198: UnorderedObjectListWarning: Pagination may yield inconsistent results with an unordered object_list: <class 'site_settings.models.SiteSetting'> QuerySet.
  paginator = self.django_paginator_class(queryset, page_size)
/home1/picpixels/virtualenv/admin.picpixels.com/3.11/lib/python3.11/site-packages/rest_framework/pagination.py:198: UnorderedObjectListWarning: Pagination may yield inconsistent results with an unordered object_list: <class 'site_settings.models.SiteSetting'> QuerySet.
  paginator = self.django_paginator_class(queryset, page_size)
/home1/picpixels/virtualenv/admin.picpixels.com/3.11/lib/python3.11/site-packages/rest_framework/pagination.py:198: UnorderedObjectListWarning: Pagination may yield inconsistent results with an unordered object_list: <class 'site_settings.models.SiteSetting'> QuerySet.
  paginator = self.django_paginator_class(queryset, page_size)
/home1/picpixels/virtualenv/admin.picpixels.com/3.11/lib/python3.11/site-packages/rest_framework/pagination.py:198: UnorderedObjectListWarning: Pagination may yield inconsistent results with an unordered object_list: <class 'site_settings.models.SiteSetting'> QuerySet.
  paginator = self.django_paginator_class(queryset, page_size)
/home1/picpixels/virtualenv/admin.picpixels.com/3.11/lib/python3.11/site-packages/rest_framework/pagination.py:198: UnorderedObjectListWarning: Pagination may yield inconsistent results with an unordered object_list: <class 'cms.models.HeroSection'> QuerySet.
  paginator = self.django_paginator_class(queryset, page_size)
/home1/picpixels/virtualenv/admin.picpixels.com/3.11/lib/python3.11/site-packages/rest_framework/pagination.py:198: UnorderedObjectListWarning: Pagination may yield inconsistent results with an unordered object_list: <class 'cms.models.PricingConfigSection'> QuerySet.
  paginator = self.django_paginator_class(queryset, page_size)
/home1/picpixels/virtualenv/admin.picpixels.com/3.11/lib/python3.11/site-packages/rest_framework/pagination.py:198: UnorderedObjectListWarning: Pagination may yield inconsistent results with an unordered object_list: <class 'cms.models.HeroSection'> QuerySet.
  paginator = self.django_paginator_class(queryset, page_size)
/home1/picpixels/virtualenv/admin.picpixels.com/3.11/lib/python3.11/site-packages/rest_framework/pagination.py:198: UnorderedObjectListWarning: Pagination may yield inconsistent results with an unordered object_list: <class 'site_settings.models.SiteSetting'> QuerySet.
  paginator = self.django_paginator_class(queryset, page_size)
/home1/picpixels/virtualenv/admin.picpixels.com/3.11/lib/python3.11/site-packages/rest_framework/pagination.py:198: UnorderedObjectListWarning: Pagination may yield inconsistent results with an unordered object_list: <class 'cms.models.PricingConfigSection'> QuerySet.
  paginator = self.django_paginator_class(queryset, page_size)
/home1/picpixels/virtualenv/admin.picpixels.com/3.11/lib/python3.11/site-packages/rest_framework/pagination.py:198: UnorderedObjectListWarning: Pagination may yield inconsistent results with an unordered object_list: <class 'site_settings.models.SiteSetting'> QuerySet.
  paginator = self.django_paginator_class(queryset, page_size)
/home1/picpixels/virtualenv/admin.picpixels.com/3.11/lib/python3.11/site-packages/rest_framework/pagination.py:198: UnorderedObjectListWarning: Pagination may yield inconsistent results with an unordered object_list: <class 'cms.models.HeroSection'> QuerySet.
  paginator = self.django_paginator_class(queryset, page_size)
/home1/picpixels/virtualenv/admin.picpixels.com/3.11/lib/python3.11/site-packages/rest_framework/pagination.py:198: UnorderedObjectListWarning: Pagination may yield inconsistent results with an unordered object_list: <class 'cms.models.PricingConfigSection'> QuerySet.
  paginator = self.django_paginator_class(queryset, page_size)
/home1/picpixels/virtualenv/admin.picpixels.com/3.11/lib/python3.11/site-packages/rest_framework/pagination.py:198: UnorderedObjectListWarning: Pagination may yield inconsistent results with an unordered object_list: <class 'site_settings.models.SiteSetting'> QuerySet.
  paginator = self.django_paginator_class(queryset, page_size)
/home1/picpixels/virtualenv/admin.picpixels.com/3.11/lib/python3.11/site-packages/rest_framework/pagination.py:198: UnorderedObjectListWarning: Pagination may yield inconsistent results with an unordered object_list: <class 'site_settings.models.SiteSetting'> QuerySet.
  paginator = self.django_paginator_class(queryset, page_size)
/home1/picpixels/virtualenv/admin.picpixels.com/3.11/lib/python3.11/site-packages/rest_framework/pagination.py:198: UnorderedObjectListWarning: Pagination may yield inconsistent results with an unordered object_list: <class 'site_settings.models.SiteSetting'> QuerySet.
  paginator = self.django_paginator_class(queryset, page_size)
/home1/picpixels/virtualenv/admin.picpixels.com/3.11/lib/python3.11/site-packages/rest_framework/pagination.py:198: UnorderedObjectListWarning: Pagination may yield inconsistent results with an unordered object_list: <class 'cms.models.HeroSection'> QuerySet.
  paginator = self.django_paginator_class(queryset, page_size)
/home1/picpixels/virtualenv/admin.picpixels.com/3.11/lib/python3.11/site-packages/rest_framework/pagination.py:198: UnorderedObjectListWarning: Pagination may yield inconsistent results with an unordered object_list: <class 'cms.models.PricingConfigSection'> QuerySet.
  paginator = self.django_paginator_class(queryset, page_size)
/home1/picpixels/virtualenv/admin.picpixels.com/3.11/lib/python3.11/site-packages/rest_framework/pagination.py:198: UnorderedObjectListWarning: Pagination may yield inconsistent results with an unordered object_list: <class 'site_settings.models.SiteSetting'> QuerySet.
  paginator = self.django_paginator_class(queryset, page_size)
/home1/picpixels/virtualenv/admin.picpixels.com/3.11/lib/python3.11/site-packages/rest_framework/pagination.py:198: UnorderedObjectListWarning: Pagination may yield inconsistent results with an unordered object_list: <class 'cms.models.HeroSection'> QuerySet.
  paginator = self.django_paginator_class(queryset, page_size)
/home1/picpixels/virtualenv/admin.picpixels.com/3.11/lib/python3.11/site-packages/rest_framework/pagination.py:198: UnorderedObjectListWarning: Pagination may yield inconsistent results with an unordered object_list: <class 'cms.models.PricingConfigSection'> QuerySet.
  paginator = self.django_paginator_class(queryset, page_size)
/home1/picpixels/virtualenv/admin.picpixels.com/3.11/lib/python3.11/site-packages/rest_framework/pagination.py:198: UnorderedObjectListWarning: Pagination may yield inconsistent results with an unordered object_list: <class 'site_settings.models.SiteSetting'> QuerySet.
  paginator = self.django_paginator_class(queryset, page_size)
/home1/picpixels/virtualenv/admin.picpixels.com/3.11/lib/python3.11/site-packages/rest_framework/pagination.py:198: UnorderedObjectListWarning: Pagination may yield inconsistent results with an unordered object_list: <class 'cms.models.PricingConfigSection'> QuerySet.
  paginator = self.django_paginator_class(queryset, page_size)
/home1/picpixels/virtualenv/admin.picpixels.com/3.11/lib/python3.11/site-packages/rest_framework/pagination.py:198: UnorderedObjectListWarning: Pagination may yield inconsistent results with an unordered object_list: <class 'cms.models.HeroSection'> QuerySet.
  paginator = self.django_paginator_class(queryset, page_size)
/home1/picpixels/virtualenv/admin.picpixels.com/3.11/lib/python3.11/site-packages/rest_framework/pagination.py:198: UnorderedObjectListWarning: Pagination may yield inconsistent results with an unordered object_list: <class 'site_settings.models.SiteSetting'> QuerySet.
  paginator = self.django_paginator_class(queryset, page_size)
/home1/picpixels/virtualenv/admin.picpixels.com/3.11/lib/python3.11/site-packages/rest_framework/pagination.py:198: UnorderedObjectListWarning: Pagination may yield inconsistent results with an unordered object_list: <class 'cms.models.HeroSection'> QuerySet.
  paginator = self.django_paginator_class(queryset, page_size)
/home1/picpixels/virtualenv/admin.picpixels.com/3.11/lib/python3.11/site-packages/rest_framework/pagination.py:198: UnorderedObjectListWarning: Pagination may yield inconsistent results with an unordered object_list: <class 'cms.models.PricingConfigSection'> QuerySet.
  paginator = self.django_paginator_class(queryset, page_size)
/home1/picpixels/virtualenv/admin.picpixels.com/3.11/lib/python3.11/site-packages/rest_framework/pagination.py:198: UnorderedObjectListWarning: Pagination may yield inconsistent results with an unordered object_list: <class 'site_settings.models.SiteSetting'> QuerySet.
  paginator = self.django_paginator_class(queryset, page_size)
/home1/picpixels/virtualenv/admin.picpixels.com/3.11/lib/python3.11/site-packages/rest_framework/pagination.py:198: UnorderedObjectListWarning: Pagination may yield inconsistent results with an unordered object_list: <class 'cms.models.HeroSection'> QuerySet.
  paginator = self.django_paginator_class(queryset, page_size)
/home1/picpixels/virtualenv/admin.picpixels.com/3.11/lib/python3.11/site-packages/rest_framework/pagination.py:198: UnorderedObjectListWarning: Pagination may yield inconsistent results with an unordered object_list: <class 'cms.models.PricingConfigSection'> QuerySet.
  paginator = self.django_paginator_class(queryset, page_size)
/home1/picpixels/virtualenv/admin.picpixels.com/3.11/lib/python3.11/site-packages/rest_framework/pagination.py:198: UnorderedObjectListWarning: Pagination may yield inconsistent results with an unordered object_list: <class 'site_settings.models.SiteSetting'> QuerySet.
  paginator = self.django_paginator_class(queryset, page_size)
/home1/picpixels/virtualenv/admin.picpixels.com/3.11/lib/python3.11/site-packages/rest_framework/pagination.py:198: UnorderedObjectListWarning: Pagination may yield inconsistent results with an unordered object_list: <class 'site_settings.models.SiteSetting'> QuerySet.
  paginator = self.django_paginator_class(queryset, page_size)
/home1/picpixels/virtualenv/admin.picpixels.com/3.11/lib/python3.11/site-packages/rest_framework/pagination.py:198: UnorderedObjectListWarning: Pagination may yield inconsistent results with an unordered object_list: <class 'cms.models.HeroSection'> QuerySet.
  paginator = self.django_paginator_class(queryset, page_size)
/home1/picpixels/virtualenv/admin.picpixels.com/3.11/lib/python3.11/site-packages/rest_framework/pagination.py:198: UnorderedObjectListWarning: Pagination may yield inconsistent results with an unordered object_list: <class 'cms.models.PricingConfigSection'> QuerySet.
  paginator = self.django_paginator_class(queryset, page_size)
/home1/picpixels/virtualenv/admin.picpixels.com/3.11/lib/python3.11/site-packages/rest_framework/pagination.py:198: UnorderedObjectListWarning: Pagination may yield inconsistent results with an unordered object_list: <class 'site_settings.models.SiteSetting'> QuerySet.
  paginator = self.django_paginator_class(queryset, page_size)
/home1/picpixels/virtualenv/admin.picpixels.com/3.11/lib/python3.11/site-packages/rest_framework/pagination.py:198: UnorderedObjectListWarning: Pagination may yield inconsistent results with an unordered object_list: <class 'cms.models.HeroSection'> QuerySet.
  paginator = self.django_paginator_class(queryset, page_size)
/home1/picpixels/virtualenv/admin.picpixels.com/3.11/lib/python3.11/site-packages/rest_framework/pagination.py:198: UnorderedObjectListWarning: Pagination may yield inconsistent results with an unordered object_list: <class 'cms.models.PricingConfigSection'> QuerySet.
  paginator = self.django_paginator_class(queryset, page_size)
/home1/picpixels/virtualenv/admin.picpixels.com/3.11/lib/python3.11/site-packages/rest_framework/pagination.py:198: UnorderedObjectListWarning: Pagination may yield inconsistent results with an unordered object_list: <class 'site_settings.models.SiteSetting'> QuerySet.
  paginator = self.django_paginator_class(queryset, page_size)
/home1/picpixels/virtualenv/admin.picpixels.com/3.11/lib/python3.11/site-packages/rest_framework/pagination.py:198: UnorderedObjectListWarning: Pagination may yield inconsistent results with an unordered object_list: <class 'cms.models.HeroSection'> QuerySet.
  paginator = self.django_paginator_class(queryset, page_size)
/home1/picpixels/virtualenv/admin.picpixels.com/3.11/lib/python3.11/site-packages/rest_framework/pagination.py:198: UnorderedObjectListWarning: Pagination may yield inconsistent results with an unordered object_list: <class 'cms.models.PricingConfigSection'> QuerySet.
  paginator = self.django_paginator_class(queryset, page_size)
/home1/picpixels/virtualenv/admin.picpixels.com/3.11/lib/python3.11/site-packages/rest_framework/pagination.py:198: UnorderedObjectListWarning: Pagination may yield inconsistent results with an unordered object_list: <class 'site_settings.models.SiteSetting'> QuerySet.
  paginator = self.django_paginator_class(queryset, page_size)
/home1/picpixels/virtualenv/admin.picpixels.com/3.11/lib/python3.11/site-packages/rest_framework/pagination.py:198: UnorderedObjectListWarning: Pagination may yield inconsistent results with an unordered object_list: <class 'site_settings.models.SiteSetting'> QuerySet.
  paginator = self.django_paginator_class(queryset, page_size)
/home1/picpixels/virtualenv/admin.picpixels.com/3.11/lib/python3.11/site-packages/rest_framework/pagination.py:198: UnorderedObjectListWarning: Pagination may yield inconsistent results with an unordered object_list: <class 'site_settings.models.SiteSetting'> QuerySet.
  paginator = self.django_paginator_class(queryset, page_size)
/home1/picpixels/virtualenv/admin.picpixels.com/3.11/lib/python3.11/site-packages/rest_framework/pagination.py:198: UnorderedObjectListWarning: Pagination may yield inconsistent results with an unordered object_list: <class 'cms.models.HeroSection'> QuerySet.
  paginator = self.django_paginator_class(queryset, page_size)
/home1/picpixels/virtualenv/admin.picpixels.com/3.11/lib/python3.11/site-packages/rest_framework/pagination.py:198: UnorderedObjectListWarning: Pagination may yield inconsistent results with an unordered object_list: <class 'cms.models.PricingConfigSection'> QuerySet.
  paginator = self.django_paginator_class(queryset, page_size)
/home1/picpixels/virtualenv/admin.picpixels.com/3.11/lib/python3.11/site-packages/rest_framework/pagination.py:198: UnorderedObjectListWarning: Pagination may yield inconsistent results with an unordered object_list: <class 'site_settings.models.SiteSetting'> QuerySet.
  paginator = self.django_paginator_class(queryset, page_size)
/home1/picpixels/virtualenv/admin.picpixels.com/3.11/lib/python3.11/site-packages/rest_framework/pagination.py:198: UnorderedObjectListWarning: Pagination may yield inconsistent results with an unordered object_list: <class 'site_settings.models.SiteSetting'> QuerySet.
  paginator = self.django_paginator_class(queryset, page_size)
/home1/picpixels/virtualenv/admin.picpixels.com/3.11/lib/python3.11/site-packages/rest_framework/pagination.py:198: UnorderedObjectListWarning: Pagination may yield inconsistent results with an unordered object_list: <class 'cms.models.HeroSection'> QuerySet.
  paginator = self.django_paginator_class(queryset, page_size)
/home1/picpixels/virtualenv/admin.picpixels.com/3.11/lib/python3.11/site-packages/rest_framework/pagination.py:198: UnorderedObjectListWarning: Pagination may yield inconsistent results with an unordered object_list: <class 'cms.models.PricingConfigSection'> QuerySet.
  paginator = self.django_paginator_class(queryset, page_size)
/home1/picpixels/virtualenv/admin.picpixels.com/3.11/lib/python3.11/site-packages/rest_framework/pagination.py:198: UnorderedObjectListWarning: Pagination may yield inconsistent results with an unordered object_list: <class 'cms.models.HeroSection'> QuerySet.
  paginator = self.django_paginator_class(queryset, page_size)
/home1/picpixels/virtualenv/admin.picpixels.com/3.11/lib/python3.11/site-packages/rest_framework/pagination.py:198: UnorderedObjectListWarning: Pagination may yield inconsistent results with an unordered object_list: <class 'cms.models.PricingConfigSection'> QuerySet.
  paginator = self.django_paginator_class(queryset, page_size)
/home1/picpixels/virtualenv/admin.picpixels.com/3.11/lib/python3.11/site-packages/rest_framework/pagination.py:198: UnorderedObjectListWarning: Pagination may yield inconsistent results with an unordered object_list: <class 'site_settings.models.SiteSetting'> QuerySet.
  paginator = self.django_paginator_class(queryset, page_size)
/home1/picpixels/virtualenv/admin.picpixels.com/3.11/lib/python3.11/site-packages/rest_framework/pagination.py:198: UnorderedObjectListWarning: Pagination may yield inconsistent results with an unordered object_list: <class 'site_settings.models.SiteSetting'> QuerySet.
  paginator = self.django_paginator_class(queryset, page_size)
/home1/picpixels/virtualenv/admin.picpixels.com/3.11/lib/python3.11/site-packages/rest_framework/pagination.py:198: UnorderedObjectListWarning: Pagination may yield inconsistent results with an unordered object_list: <class 'cms.models.HeroSection'> QuerySet.
  paginator = self.django_paginator_class(queryset, page_size)
/home1/picpixels/virtualenv/admin.picpixels.com/3.11/lib/python3.11/site-packages/rest_framework/pagination.py:198: UnorderedObjectListWarning: Pagination may yield inconsistent results with an unordered object_list: <class 'cms.models.PricingConfigSection'> QuerySet.
  paginator = self.django_paginator_class(queryset, page_size)
/home1/picpixels/virtualenv/admin.picpixels.com/3.11/lib/python3.11/site-packages/rest_framework/pagination.py:198: UnorderedObjectListWarning: Pagination may yield inconsistent results with an unordered object_list: <class 'site_settings.models.SiteSetting'> QuerySet.
  paginator = self.django_paginator_class(queryset, page_size)
/home1/picpixels/virtualenv/admin.picpixels.com/3.11/lib/python3.11/site-packages/rest_framework/pagination.py:198: UnorderedObjectListWarning: Pagination may yield inconsistent results with an unordered object_list: <class 'site_settings.models.SiteSetting'> QuerySet.
  paginator = self.django_paginator_class(queryset, page_size)
/home1/picpixels/virtualenv/admin.picpixels.com/3.11/lib/python3.11/site-packages/rest_framework/pagination.py:198: UnorderedObjectListWarning: Pagination may yield inconsistent results with an unordered object_list: <class 'site_settings.models.SiteSetting'> QuerySet.
  paginator = self.django_paginator_class(queryset, page_size)
/home1/picpixels/virtualenv/admin.picpixels.com/3.11/lib/python3.11/site-packages/rest_framework/pagination.py:198: UnorderedObjectListWarning: Pagination may yield inconsistent results with an unordered object_list: <class 'cms.models.HeroSection'> QuerySet.
  paginator = self.django_paginator_class(queryset, page_size)
/home1/picpixels/virtualenv/admin.picpixels.com/3.11/lib/python3.11/site-packages/rest_framework/pagination.py:198: UnorderedObjectListWarning: Pagination may yield inconsistent results with an unordered object_list: <class 'cms.models.PricingConfigSection'> QuerySet.
  paginator = self.django_paginator_class(queryset, page_size)
/home1/picpixels/virtualenv/admin.picpixels.com/3.11/lib/python3.11/site-packages/rest_framework/pagination.py:198: UnorderedObjectListWarning: Pagination may yield inconsistent results with an unordered object_list: <class 'site_settings.models.SiteSetting'> QuerySet.
  paginator = self.django_paginator_class(queryset, page_size)
/home1/picpixels/virtualenv/admin.picpixels.com/3.11/lib/python3.11/site-packages/rest_framework/pagination.py:198: UnorderedObjectListWarning: Pagination may yield inconsistent results with an unordered object_list: <class 'site_settings.models.SiteSetting'> QuerySet.
  paginator = self.django_paginator_class(queryset, page_size)
/home1/picpixels/virtualenv/admin.picpixels.com/3.11/lib/python3.11/site-packages/rest_framework/pagination.py:198: UnorderedObjectListWarning: Pagination may yield inconsistent results with an unordered object_list: <class 'cms.models.HeroSection'> QuerySet.
  paginator = self.django_paginator_class(queryset, page_size)
/home1/picpixels/virtualenv/admin.picpixels.com/3.11/lib/python3.11/site-packages/rest_framework/pagination.py:198: UnorderedObjectListWarning: Pagination may yield inconsistent results with an unordered object_list: <class 'cms.models.PricingConfigSection'> QuerySet.
  paginator = self.django_paginator_class(queryset, page_size)
/home1/picpixels/virtualenv/admin.picpixels.com/3.11/lib/python3.11/site-packages/rest_framework/pagination.py:198: UnorderedObjectListWarning: Pagination may yield inconsistent results with an unordered object_list: <class 'site_settings.models.SiteSetting'> QuerySet.
  paginator = self.django_paginator_class(queryset, page_size)
/home1/picpixels/virtualenv/admin.picpixels.com/3.11/lib/python3.11/site-packages/rest_framework/pagination.py:198: UnorderedObjectListWarning: Pagination may yield inconsistent results with an unordered object_list: <class 'cms.models.HeroSection'> QuerySet.
  paginator = self.django_paginator_class(queryset, page_size)
/home1/picpixels/virtualenv/admin.picpixels.com/3.11/lib/python3.11/site-packages/rest_framework/pagination.py:198: UnorderedObjectListWarning: Pagination may yield inconsistent results with an unordered object_list: <class 'cms.models.PricingConfigSection'> QuerySet.
  paginator = self.django_paginator_class(queryset, page_size)
/home1/picpixels/virtualenv/admin.picpixels.com/3.11/lib/python3.11/site-packages/rest_framework/pagination.py:198: UnorderedObjectListWarning: Pagination may yield inconsistent results with an unordered object_list: <class 'site_settings.models.SiteSetting'> QuerySet.
  paginator = self.django_paginator_class(queryset, page_size)
/home1/picpixels/virtualenv/admin.picpixels.com/3.11/lib/python3.11/site-packages/rest_framework/pagination.py:198: UnorderedObjectListWarning: Pagination may yield inconsistent results with an unordered object_list: <class 'site_settings.models.SiteSetting'> QuerySet.
  paginator = self.django_paginator_class(queryset, page_size)
/home1/picpixels/virtualenv/admin.picpixels.com/3.11/lib/python3.11/site-packages/rest_framework/pagination.py:198: UnorderedObjectListWarning: Pagination may yield inconsistent results with an unordered object_list: <class 'cms.models.HeroSection'> QuerySet.
  paginator = self.django_paginator_class(queryset, page_size)
/home1/picpixels/virtualenv/admin.picpixels.com/3.11/lib/python3.11/site-packages/rest_framework/pagination.py:198: UnorderedObjectListWarning: Pagination may yield inconsistent results with an unordered object_list: <class 'cms.models.PricingConfigSection'> QuerySet.
  paginator = self.django_paginator_class(queryset, page_size)
/home1/picpixels/virtualenv/admin.picpixels.com/3.11/lib/python3.11/site-packages/rest_framework/pagination.py:198: UnorderedObjectListWarning: Pagination may yield inconsistent results with an unordered object_list: <class 'site_settings.models.SiteSetting'> QuerySet.
  paginator = self.django_paginator_class(queryset, page_size)
/home1/picpixels/virtualenv/admin.picpixels.com/3.11/lib/python3.11/site-packages/rest_framework/pagination.py:198: UnorderedObjectListWarning: Pagination may yield inconsistent results with an unordered object_list: <class 'cms.models.PricingConfigSection'> QuerySet.
  paginator = self.django_paginator_class(queryset, page_size)
/home1/picpixels/virtualenv/admin.picpixels.com/3.11/lib/python3.11/site-packages/rest_framework/pagination.py:198: UnorderedObjectListWarning: Pagination may yield inconsistent results with an unordered object_list: <class 'cms.models.HeroSection'> QuerySet.
  paginator = self.django_paginator_class(queryset, page_size)
/home1/picpixels/virtualenv/admin.picpixels.com/3.11/lib/python3.11/site-packages/rest_framework/pagination.py:198: UnorderedObjectListWarning: Pagination may yield inconsistent results with an unordered object_list: <class 'site_settings.models.SiteSetting'> QuerySet.
  paginator = self.django_paginator_class(queryset, page_size)
/home1/picpixels/virtualenv/admin.picpixels.com/3.11/lib/python3.11/site-packages/rest_framework/pagination.py:198: UnorderedObjectListWarning: Pagination may yield inconsistent results with an unordered object_list: <class 'site_settings.models.SiteSetting'> QuerySet.
  paginator = self.django_paginator_class(queryset, page_size)
/home1/picpixels/virtualenv/admin.picpixels.com/3.11/lib/python3.11/site-packages/rest_framework/pagination.py:198: UnorderedObjectListWarning: Pagination may yield inconsistent results with an unordered object_list: <class 'site_settings.models.SiteSetting'> QuerySet.
  paginator = self.django_paginator_class(queryset, page_size)
/home1/picpixels/virtualenv/admin.picpixels.com/3.11/lib/python3.11/site-packages/rest_framework/pagination.py:198: UnorderedObjectListWarning: Pagination may yield inconsistent results with an unordered object_list: <class 'site_settings.models.SiteSetting'> QuerySet.
  paginator = self.django_paginator_class(queryset, page_size)
/home1/picpixels/virtualenv/admin.picpixels.com/3.11/lib/python3.11/site-packages/rest_framework/pagination.py:198: UnorderedObjectListWarning: Pagination may yield inconsistent results with an unordered object_list: <class 'site_settings.models.SiteSetting'> QuerySet.
  paginator = self.django_paginator_class(queryset, page_size)
/home1/picpixels/virtualenv/admin.picpixels.com/3.11/lib/python3.11/site-packages/rest_framework/pagination.py:198: UnorderedObjectListWarning: Pagination may yield inconsistent results with an unordered object_list: <class 'cms.models.HeroSection'> QuerySet.
  paginator = self.django_paginator_class(queryset, page_size)
/home1/picpixels/virtualenv/admin.picpixels.com/3.11/lib/python3.11/site-packages/rest_framework/pagination.py:198: UnorderedObjectListWarning: Pagination may yield inconsistent results with an unordered object_list: <class 'cms.models.PricingConfigSection'> QuerySet.
  paginator = self.django_paginator_class(queryset, page_size)
/home1/picpixels/virtualenv/admin.picpixels.com/3.11/lib/python3.11/site-packages/rest_framework/pagination.py:198: UnorderedObjectListWarning: Pagination may yield inconsistent results with an unordered object_list: <class 'site_settings.models.SiteSetting'> QuerySet.
  paginator = self.django_paginator_class(queryset, page_size)
/home1/picpixels/virtualenv/admin.picpixels.com/3.11/lib/python3.11/site-packages/rest_framework/pagination.py:198: UnorderedObjectListWarning: Pagination may yield inconsistent results with an unordered object_list: <class 'site_settings.models.SiteSetting'> QuerySet.
  paginator = self.django_paginator_class(queryset, page_size)
/home1/picpixels/virtualenv/admin.picpixels.com/3.11/lib/python3.11/site-packages/rest_framework/pagination.py:198: UnorderedObjectListWarning: Pagination may yield inconsistent results with an unordered object_list: <class 'site_settings.models.SiteSetting'> QuerySet.
  paginator = self.django_paginator_class(queryset, page_size)
/home1/picpixels/virtualenv/admin.picpixels.com/3.11/lib/python3.11/site-packages/rest_framework/pagination.py:198: UnorderedObjectListWarning: Pagination may yield inconsistent results with an unordered object_list: <class 'cms.models.HeroSection'> QuerySet.
  paginator = self.django_paginator_class(queryset, page_size)
/home1/picpixels/virtualenv/admin.picpixels.com/3.11/lib/python3.11/site-packages/rest_framework/pagination.py:198: UnorderedObjectListWarning: Pagination may yield inconsistent results with an unordered object_list: <class 'cms.models.PricingConfigSection'> QuerySet.
  paginator = self.django_paginator_class(queryset, page_size)
/home1/picpixels/virtualenv/admin.picpixels.com/3.11/lib/python3.11/site-packages/rest_framework/pagination.py:198: UnorderedObjectListWarning: Pagination may yield inconsistent results with an unordered object_list: <class 'site_settings.models.SiteSetting'> QuerySet.
  paginator = self.django_paginator_class(queryset, page_size)
/home1/picpixels/virtualenv/admin.picpixels.com/3.11/lib/python3.11/site-packages/rest_framework/pagination.py:198: UnorderedObjectListWarning: Pagination may yield inconsistent results with an unordered object_list: <class 'site_settings.models.SiteSetting'> QuerySet.
  paginator = self.django_paginator_class(queryset, page_size)
/home1/picpixels/virtualenv/admin.picpixels.com/3.11/lib/python3.11/site-packages/rest_framework/pagination.py:198: UnorderedObjectListWarning: Pagination may yield inconsistent results with an unordered object_list: <class 'cms.models.HeroSection'> QuerySet.
  paginator = self.django_paginator_class(queryset, page_size)
/home1/picpixels/virtualenv/admin.picpixels.com/3.11/lib/python3.11/site-packages/rest_framework/pagination.py:198: UnorderedObjectListWarning: Pagination may yield inconsistent results with an unordered object_list: <class 'cms.models.PricingConfigSection'> QuerySet.
  paginator = self.django_paginator_class(queryset, page_size)
/home1/picpixels/virtualenv/admin.picpixels.com/3.11/lib/python3.11/site-packages/rest_framework/pagination.py:198: UnorderedObjectListWarning: Pagination may yield inconsistent results with an unordered object_list: <class 'site_settings.models.SiteSetting'> QuerySet.
  paginator = self.django_paginator_class(queryset, page_size)
/home1/picpixels/virtualenv/admin.picpixels.com/3.11/lib/python3.11/site-packages/rest_framework/pagination.py:198: UnorderedObjectListWarning: Pagination may yield inconsistent results with an unordered object_list: <class 'site_settings.models.SiteSetting'> QuerySet.
  paginator = self.django_paginator_class(queryset, page_size)
/home1/picpixels/virtualenv/admin.picpixels.com/3.11/lib/python3.11/site-packages/rest_framework/pagination.py:198: UnorderedObjectListWarning: Pagination may yield inconsistent results with an unordered object_list: <class 'cms.models.PricingConfigSection'> QuerySet.
  paginator = self.django_paginator_class(queryset, page_size)
/home1/picpixels/virtualenv/admin.picpixels.com/3.11/lib/python3.11/site-packages/rest_framework/pagination.py:198: UnorderedObjectListWarning: Pagination may yield inconsistent results with an unordered object_list: <class 'cms.models.HeroSection'> QuerySet.
  paginator = self.django_paginator_class(queryset, page_size)
/home1/picpixels/virtualenv/admin.picpixels.com/3.11/lib/python3.11/site-packages/rest_framework/pagination.py:198: UnorderedObjectListWarning: Pagination may yield inconsistent results with an unordered object_list: <class 'site_settings.models.SiteSetting'> QuerySet.
  paginator = self.django_paginator_class(queryset, page_size)
/home1/picpixels/virtualenv/admin.picpixels.com/3.11/lib/python3.11/site-packages/rest_framework/pagination.py:198: UnorderedObjectListWarning: Pagination may yield inconsistent results with an unordered object_list: <class 'site_settings.models.SiteSetting'> QuerySet.
  paginator = self.django_paginator_class(queryset, page_size)
/home1/picpixels/virtualenv/admin.picpixels.com/3.11/lib/python3.11/site-packages/rest_framework/pagination.py:198: UnorderedObjectListWarning: Pagination may yield inconsistent results with an unordered object_list: <class 'site_settings.models.SiteSetting'> QuerySet.
  paginator = self.django_paginator_class(queryset, page_size)
/home1/picpixels/virtualenv/admin.picpixels.com/3.11/lib/python3.11/site-packages/rest_framework/pagination.py:198: UnorderedObjectListWarning: Pagination may yield inconsistent results with an unordered object_list: <class 'site_settings.models.SiteSetting'> QuerySet.
  paginator = self.django_paginator_class(queryset, page_size)
/home1/picpixels/virtualenv/admin.picpixels.com/3.11/lib/python3.11/site-packages/rest_framework/pagination.py:198: UnorderedObjectListWarning: Pagination may yield inconsistent results with an unordered object_list: <class 'site_settings.models.SiteSetting'> QuerySet.
  paginator = self.django_paginator_class(queryset, page_size)
/home1/picpixels/virtualenv/admin.picpixels.com/3.11/lib/python3.11/site-packages/rest_framework/pagination.py:198: UnorderedObjectListWarning: Pagination may yield inconsistent results with an unordered object_list: <class 'cms.models.HeroSection'> QuerySet.
  paginator = self.django_paginator_class(queryset, page_size)
/home1/picpixels/virtualenv/admin.picpixels.com/3.11/lib/python3.11/site-packages/rest_framework/pagination.py:198: UnorderedObjectListWarning: Pagination may yield inconsistent results with an unordered object_list: <class 'cms.models.PricingConfigSection'> QuerySet.
  paginator = self.django_paginator_class(queryset, page_size)
/home1/picpixels/virtualenv/admin.picpixels.com/3.11/lib/python3.11/site-packages/rest_framework/pagination.py:198: UnorderedObjectListWarning: Pagination may yield inconsistent results with an unordered object_list: <class 'site_settings.models.SiteSetting'> QuerySet.
  paginator = self.django_paginator_class(queryset, page_size)
/home1/picpixels/virtualenv/admin.picpixels.com/3.11/lib/python3.11/site-packages/rest_framework/pagination.py:198: UnorderedObjectListWarning: Pagination may yield inconsistent results with an unordered object_list: <class 'site_settings.models.SiteSetting'> QuerySet.
  paginator = self.django_paginator_class(queryset, page_size)
/home1/picpixels/virtualenv/admin.picpixels.com/3.11/lib/python3.11/site-packages/rest_framework/pagination.py:198: UnorderedObjectListWarning: Pagination may yield inconsistent results with an unordered object_list: <class 'site_settings.models.SiteSetting'> QuerySet.
  paginator = self.django_paginator_class(queryset, page_size)
/home1/picpixels/virtualenv/admin.picpixels.com/3.11/lib/python3.11/site-packages/rest_framework/pagination.py:198: UnorderedObjectListWarning: Pagination may yield inconsistent results with an unordered object_list: <class 'site_settings.models.SiteSetting'> QuerySet.
  paginator = self.django_paginator_class(queryset, page_size)
/home1/picpixels/virtualenv/admin.picpixels.com/3.11/lib/python3.11/site-packages/rest_framework/pagination.py:198: UnorderedObjectListWarning: Pagination may yield inconsistent results with an unordered object_list: <class 'site_settings.models.SiteSetting'> QuerySet.
  paginator = self.django_paginator_class(queryset, page_size)
/home1/picpixels/virtualenv/admin.picpixels.com/3.11/lib/python3.11/site-packages/rest_framework/pagination.py:198: UnorderedObjectListWarning: Pagination may yield inconsistent results with an unordered object_list: <class 'cms.models.HeroSection'> QuerySet.
  paginator = self.django_paginator_class(queryset, page_size)
/home1/picpixels/virtualenv/admin.picpixels.com/3.11/lib/python3.11/site-packages/rest_framework/pagination.py:198: UnorderedObjectListWarning: Pagination may yield inconsistent results with an unordered object_list: <class 'cms.models.PricingConfigSection'> QuerySet.
  paginator = self.django_paginator_class(queryset, page_size)
/home1/picpixels/virtualenv/admin.picpixels.com/3.11/lib/python3.11/site-packages/rest_framework/pagination.py:198: UnorderedObjectListWarning: Pagination may yield inconsistent results with an unordered object_list: <class 'site_settings.models.SiteSetting'> QuerySet.
  paginator = self.django_paginator_class(queryset, page_size)
/home1/picpixels/virtualenv/admin.picpixels.com/3.11/lib/python3.11/site-packages/rest_framework/pagination.py:198: UnorderedObjectListWarning: Pagination may yield inconsistent results with an unordered object_list: <class 'site_settings.models.SiteSetting'> QuerySet.
  paginator = self.django_paginator_class(queryset, page_size)
/home1/picpixels/virtualenv/admin.picpixels.com/3.11/lib/python3.11/site-packages/rest_framework/pagination.py:198: UnorderedObjectListWarning: Pagination may yield inconsistent results with an unordered object_list: <class 'site_settings.models.SiteSetting'> QuerySet.
  paginator = self.django_paginator_class(queryset, page_size)
/home1/picpixels/virtualenv/admin.picpixels.com/3.11/lib/python3.11/site-packages/rest_framework/pagination.py:198: UnorderedObjectListWarning: Pagination may yield inconsistent results with an unordered object_list: <class 'cms.models.PricingConfigSection'> QuerySet.
  paginator = self.django_paginator_class(queryset, page_size)
/home1/picpixels/virtualenv/admin.picpixels.com/3.11/lib/python3.11/site-packages/rest_framework/pagination.py:198: UnorderedObjectListWarning: Pagination may yield inconsistent results with an unordered object_list: <class 'cms.models.HeroSection'> QuerySet.
  paginator = self.django_paginator_class(queryset, page_size)
/home1/picpixels/virtualenv/admin.picpixels.com/3.11/lib/python3.11/site-packages/rest_framework/pagination.py:198: UnorderedObjectListWarning: Pagination may yield inconsistent results with an unordered object_list: <class 'site_settings.models.SiteSetting'> QuerySet.
  paginator = self.django_paginator_class(queryset, page_size)
/home1/picpixels/virtualenv/admin.picpixels.com/3.11/lib/python3.11/site-packages/rest_framework/pagination.py:198: UnorderedObjectListWarning: Pagination may yield inconsistent results with an unordered object_list: <class 'site_settings.models.SiteSetting'> QuerySet.
  paginator = self.django_paginator_class(queryset, page_size)
/home1/picpixels/virtualenv/admin.picpixels.com/3.11/lib/python3.11/site-packages/rest_framework/pagination.py:198: UnorderedObjectListWarning: Pagination may yield inconsistent results with an unordered object_list: <class 'site_settings.models.SiteSetting'> QuerySet.
  paginator = self.django_paginator_class(queryset, page_size)
/home1/picpixels/virtualenv/admin.picpixels.com/3.11/lib/python3.11/site-packages/rest_framework/pagination.py:198: UnorderedObjectListWarning: Pagination may yield inconsistent results with an unordered object_list: <class 'cms.models.HeroSection'> QuerySet.
  paginator = self.django_paginator_class(queryset, page_size)
/home1/picpixels/virtualenv/admin.picpixels.com/3.11/lib/python3.11/site-packages/rest_framework/pagination.py:198: UnorderedObjectListWarning: Pagination may yield inconsistent results with an unordered object_list: <class 'cms.models.PricingConfigSection'> QuerySet.
  paginator = self.django_paginator_class(queryset, page_size)
/home1/picpixels/virtualenv/admin.picpixels.com/3.11/lib/python3.11/site-packages/rest_framework/pagination.py:198: UnorderedObjectListWarning: Pagination may yield inconsistent results with an unordered object_list: <class 'site_settings.models.SiteSetting'> QuerySet.
  paginator = self.django_paginator_class(queryset, page_size)
/home1/picpixels/virtualenv/admin.picpixels.com/3.11/lib/python3.11/site-packages/rest_framework/pagination.py:198: UnorderedObjectListWarning: Pagination may yield inconsistent results with an unordered object_list: <class 'cms.models.HeroSection'> QuerySet.
  paginator = self.django_paginator_class(queryset, page_size)
/home1/picpixels/virtualenv/admin.picpixels.com/3.11/lib/python3.11/site-packages/rest_framework/pagination.py:198: UnorderedObjectListWarning: Pagination may yield inconsistent results with an unordered object_list: <class 'cms.models.PricingConfigSection'> QuerySet.
  paginator = self.django_paginator_class(queryset, page_size)
/home1/picpixels/virtualenv/admin.picpixels.com/3.11/lib/python3.11/site-packages/rest_framework/pagination.py:198: UnorderedObjectListWarning: Pagination may yield inconsistent results with an unordered object_list: <class 'site_settings.models.SiteSetting'> QuerySet.
  paginator = self.django_paginator_class(queryset, page_size)
/home1/picpixels/virtualenv/admin.picpixels.com/3.11/lib/python3.11/site-packages/rest_framework/pagination.py:198: UnorderedObjectListWarning: Pagination may yield inconsistent results with an unordered object_list: <class 'site_settings.models.SiteSetting'> QuerySet.
  paginator = self.django_paginator_class(queryset, page_size)
/home1/picpixels/virtualenv/admin.picpixels.com/3.11/lib/python3.11/site-packages/rest_framework/pagination.py:198: UnorderedObjectListWarning: Pagination may yield inconsistent results with an unordered object_list: <class 'cms.models.HeroSection'> QuerySet.
  paginator = self.django_paginator_class(queryset, page_size)
/home1/picpixels/virtualenv/admin.picpixels.com/3.11/lib/python3.11/site-packages/rest_framework/pagination.py:198: UnorderedObjectListWarning: Pagination may yield inconsistent results with an unordered object_list: <class 'site_settings.models.SiteSetting'> QuerySet.
  paginator = self.django_paginator_class(queryset, page_size)
/home1/picpixels/virtualenv/admin.picpixels.com/3.11/lib/python3.11/site-packages/rest_framework/pagination.py:198: UnorderedObjectListWarning: Pagination may yield inconsistent results with an unordered object_list: <class 'cms.models.PricingConfigSection'> QuerySet.
  paginator = self.django_paginator_class(queryset, page_size)
/home1/picpixels/virtualenv/admin.picpixels.com/3.11/lib/python3.11/site-packages/rest_framework/pagination.py:198: UnorderedObjectListWarning: Pagination may yield inconsistent results with an unordered object_list: <class 'site_settings.models.SiteSetting'> QuerySet.
  paginator = self.django_paginator_class(queryset, page_size)
/home1/picpixels/virtualenv/admin.picpixels.com/3.11/lib/python3.11/site-packages/rest_framework/pagination.py:198: UnorderedObjectListWarning: Pagination may yield inconsistent results with an unordered object_list: <class 'site_settings.models.SiteSetting'> QuerySet.
  paginator = self.django_paginator_class(queryset, page_size)
/home1/picpixels/virtualenv/admin.picpixels.com/3.11/lib/python3.11/site-packages/rest_framework/pagination.py:198: UnorderedObjectListWarning: Pagination may yield inconsistent results with an unordered object_list: <class 'site_settings.models.SiteSetting'> QuerySet.
  paginator = self.django_paginator_class(queryset, page_size)
/home1/picpixels/virtualenv/admin.picpixels.com/3.11/lib/python3.11/site-packages/rest_framework/pagination.py:198: UnorderedObjectListWarning: Pagination may yield inconsistent results with an unordered object_list: <class 'cms.models.HeroSection'> QuerySet.
  paginator = self.django_paginator_class(queryset, page_size)
/home1/picpixels/virtualenv/admin.picpixels.com/3.11/lib/python3.11/site-packages/rest_framework/pagination.py:198: UnorderedObjectListWarning: Pagination may yield inconsistent results with an unordered object_list: <class 'cms.models.PricingConfigSection'> QuerySet.
  paginator = self.django_paginator_class(queryset, page_size)
/home1/picpixels/virtualenv/admin.picpixels.com/3.11/lib/python3.11/site-packages/rest_framework/pagination.py:198: UnorderedObjectListWarning: Pagination may yield inconsistent results with an unordered object_list: <class 'site_settings.models.SiteSetting'> QuerySet.
  paginator = self.django_paginator_class(queryset, page_size)
/home1/picpixels/virtualenv/admin.picpixels.com/3.11/lib/python3.11/site-packages/rest_framework/pagination.py:198: UnorderedObjectListWarning: Pagination may yield inconsistent results with an unordered object_list: <class 'cms.models.HeroSection'> QuerySet.
  paginator = self.django_paginator_class(queryset, page_size)
/home1/picpixels/virtualenv/admin.picpixels.com/3.11/lib/python3.11/site-packages/rest_framework/pagination.py:198: UnorderedObjectListWarning: Pagination may yield inconsistent results with an unordered object_list: <class 'cms.models.PricingConfigSection'> QuerySet.
  paginator = self.django_paginator_class(queryset, page_size)
/home1/picpixels/virtualenv/admin.picpixels.com/3.11/lib/python3.11/site-packages/rest_framework/pagination.py:198: UnorderedObjectListWarning: Pagination may yield inconsistent results with an unordered object_list: <class 'cms.models.HeroSection'> QuerySet.
  paginator = self.django_paginator_class(queryset, page_size)
/home1/picpixels/virtualenv/admin.picpixels.com/3.11/lib/python3.11/site-packages/rest_framework/pagination.py:198: UnorderedObjectListWarning: Pagination may yield inconsistent results with an unordered object_list: <class 'cms.models.PricingConfigSection'> QuerySet.
  paginator = self.django_paginator_class(queryset, page_size)
/home1/picpixels/virtualenv/admin.picpixels.com/3.11/lib/python3.11/site-packages/rest_framework/pagination.py:198: UnorderedObjectListWarning: Pagination may yield inconsistent results with an unordered object_list: <class 'site_settings.models.SiteSetting'> QuerySet.
  paginator = self.django_paginator_class(queryset, page_size)
/home1/picpixels/virtualenv/admin.picpixels.com/3.11/lib/python3.11/site-packages/rest_framework/pagination.py:198: UnorderedObjectListWarning: Pagination may yield inconsistent results with an unordered object_list: <class 'site_settings.models.SiteSetting'> QuerySet.
  paginator = self.django_paginator_class(queryset, page_size)
/home1/picpixels/virtualenv/admin.picpixels.com/3.11/lib/python3.11/site-packages/rest_framework/pagination.py:198: UnorderedObjectListWarning: Pagination may yield inconsistent results with an unordered object_list: <class 'cms.models.HeroSection'> QuerySet.
  paginator = self.django_paginator_class(queryset, page_size)
/home1/picpixels/virtualenv/admin.picpixels.com/3.11/lib/python3.11/site-packages/rest_framework/pagination.py:198: UnorderedObjectListWarning: Pagination may yield inconsistent results with an unordered object_list: <class 'cms.models.PricingConfigSection'> QuerySet.
  paginator = self.django_paginator_class(queryset, page_size)
/home1/picpixels/virtualenv/admin.picpixels.com/3.11/lib/python3.11/site-packages/rest_framework/pagination.py:198: UnorderedObjectListWarning: Pagination may yield inconsistent results with an unordered object_list: <class 'site_settings.models.SiteSetting'> QuerySet.
  paginator = self.django_paginator_class(queryset, page_size)
/home1/picpixels/virtualenv/admin.picpixels.com/3.11/lib/python3.11/site-packages/rest_framework/pagination.py:198: UnorderedObjectListWarning: Pagination may yield inconsistent results with an unordered object_list: <class 'site_settings.models.SiteSetting'> QuerySet.
  paginator = self.django_paginator_class(queryset, page_size)
/home1/picpixels/virtualenv/admin.picpixels.com/3.11/lib/python3.11/site-packages/rest_framework/pagination.py:198: UnorderedObjectListWarning: Pagination may yield inconsistent results with an unordered object_list: <class 'site_settings.models.SiteSetting'> QuerySet.
  paginator = self.django_paginator_class(queryset, page_size)
/home1/picpixels/virtualenv/admin.picpixels.com/3.11/lib/python3.11/site-packages/rest_framework/pagination.py:198: UnorderedObjectListWarning: Pagination may yield inconsistent results with an unordered object_list: <class 'site_settings.models.SiteSetting'> QuerySet.
  paginator = self.django_paginator_class(queryset, page_size)
/home1/picpixels/virtualenv/admin.picpixels.com/3.11/lib/python3.11/site-packages/rest_framework/pagination.py:198: UnorderedObjectListWarning: Pagination may yield inconsistent results with an unordered object_list: <class 'cms.models.PricingConfigSection'> QuerySet.
  paginator = self.django_paginator_class(queryset, page_size)
/home1/picpixels/virtualenv/admin.picpixels.com/3.11/lib/python3.11/site-packages/rest_framework/pagination.py:198: UnorderedObjectListWarning: Pagination may yield inconsistent results with an unordered object_list: <class 'cms.models.HeroSection'> QuerySet.
  paginator = self.django_paginator_class(queryset, page_size)
/home1/picpixels/virtualenv/admin.picpixels.com/3.11/lib/python3.11/site-packages/rest_framework/pagination.py:198: UnorderedObjectListWarning: Pagination may yield inconsistent results with an unordered object_list: <class 'site_settings.models.SiteSetting'> QuerySet.
  paginator = self.django_paginator_class(queryset, page_size)
/home1/picpixels/virtualenv/admin.picpixels.com/3.11/lib/python3.11/site-packages/rest_framework/pagination.py:198: UnorderedObjectListWarning: Pagination may yield inconsistent results with an unordered object_list: <class 'site_settings.models.SiteSetting'> QuerySet.
  paginator = self.django_paginator_class(queryset, page_size)
/home1/picpixels/virtualenv/admin.picpixels.com/3.11/lib/python3.11/site-packages/rest_framework/pagination.py:198: UnorderedObjectListWarning: Pagination may yield inconsistent results with an unordered object_list: <class 'site_settings.models.SiteSetting'> QuerySet.
  paginator = self.django_paginator_class(queryset, page_size)
/home1/picpixels/virtualenv/admin.picpixels.com/3.11/lib/python3.11/site-packages/rest_framework/pagination.py:198: UnorderedObjectListWarning: Pagination may yield inconsistent results with an unordered object_list: <class 'site_settings.models.SiteSetting'> QuerySet.
  paginator = self.django_paginator_class(queryset, page_size)
/home1/picpixels/virtualenv/admin.picpixels.com/3.11/lib/python3.11/site-packages/rest_framework/pagination.py:198: UnorderedObjectListWarning: Pagination may yield inconsistent results with an unordered object_list: <class 'cms.models.HeroSection'> QuerySet.
  paginator = self.django_paginator_class(queryset, page_size)
/home1/picpixels/virtualenv/admin.picpixels.com/3.11/lib/python3.11/site-packages/rest_framework/pagination.py:198: UnorderedObjectListWarning: Pagination may yield inconsistent results with an unordered object_list: <class 'cms.models.PricingConfigSection'> QuerySet.
  paginator = self.django_paginator_class(queryset, page_size)
/home1/picpixels/virtualenv/admin.picpixels.com/3.11/lib/python3.11/site-packages/rest_framework/pagination.py:198: UnorderedObjectListWarning: Pagination may yield inconsistent results with an unordered object_list: <class 'site_settings.models.SiteSetting'> QuerySet.
  paginator = self.django_paginator_class(queryset, page_size)
/home1/picpixels/virtualenv/admin.picpixels.com/3.11/lib/python3.11/site-packages/rest_framework/pagination.py:198: UnorderedObjectListWarning: Pagination may yield inconsistent results with an unordered object_list: <class 'site_settings.models.SiteSetting'> QuerySet.
  paginator = self.django_paginator_class(queryset, page_size)
/home1/picpixels/virtualenv/admin.picpixels.com/3.11/lib/python3.11/site-packages/rest_framework/pagination.py:198: UnorderedObjectListWarning: Pagination may yield inconsistent results with an unordered object_list: <class 'site_settings.models.SiteSetting'> QuerySet.
  paginator = self.django_paginator_class(queryset, page_size)
/home1/picpixels/virtualenv/admin.picpixels.com/3.11/lib/python3.11/site-packages/rest_framework/pagination.py:198: UnorderedObjectListWarning: Pagination may yield inconsistent results with an unordered object_list: <class 'site_settings.models.SiteSetting'> QuerySet.
  paginator = self.django_paginator_class(queryset, page_size)
/home1/picpixels/virtualenv/admin.picpixels.com/3.11/lib/python3.11/site-packages/rest_framework/pagination.py:198: UnorderedObjectListWarning: Pagination may yield inconsistent results with an unordered object_list: <class 'site_settings.models.SiteSetting'> QuerySet.
  paginator = self.django_paginator_class(queryset, page_size)
/home1/picpixels/virtualenv/admin.picpixels.com/3.11/lib/python3.11/site-packages/rest_framework/pagination.py:198: UnorderedObjectListWarning: Pagination may yield inconsistent results with an unordered object_list: <class 'site_settings.models.SiteSetting'> QuerySet.
  paginator = self.django_paginator_class(queryset, page_size)
/home1/picpixels/virtualenv/admin.picpixels.com/3.11/lib/python3.11/site-packages/rest_framework/pagination.py:198: UnorderedObjectListWarning: Pagination may yield inconsistent results with an unordered object_list: <class 'cms.models.PricingConfigSection'> QuerySet.
  paginator = self.django_paginator_class(queryset, page_size)
/home1/picpixels/virtualenv/admin.picpixels.com/3.11/lib/python3.11/site-packages/rest_framework/pagination.py:198: UnorderedObjectListWarning: Pagination may yield inconsistent results with an unordered object_list: <class 'cms.models.HeroSection'> QuerySet.
  paginator = self.django_paginator_class(queryset, page_size)
/home1/picpixels/virtualenv/admin.picpixels.com/3.11/lib/python3.11/site-packages/rest_framework/pagination.py:198: UnorderedObjectListWarning: Pagination may yield inconsistent results with an unordered object_list: <class 'site_settings.models.SiteSetting'> QuerySet.
  paginator = self.django_paginator_class(queryset, page_size)
/home1/picpixels/virtualenv/admin.picpixels.com/3.11/lib/python3.11/site-packages/rest_framework/pagination.py:198: UnorderedObjectListWarning: Pagination may yield inconsistent results with an unordered object_list: <class 'cms.models.PricingConfigSection'> QuerySet.
  paginator = self.django_paginator_class(queryset, page_size)
/home1/picpixels/virtualenv/admin.picpixels.com/3.11/lib/python3.11/site-packages/rest_framework/pagination.py:198: UnorderedObjectListWarning: Pagination may yield inconsistent results with an unordered object_list: <class 'cms.models.HeroSection'> QuerySet.
  paginator = self.django_paginator_class(queryset, page_size)
/home1/picpixels/virtualenv/admin.picpixels.com/3.11/lib/python3.11/site-packages/rest_framework/pagination.py:198: UnorderedObjectListWarning: Pagination may yield inconsistent results with an unordered object_list: <class 'site_settings.models.SiteSetting'> QuerySet.
  paginator = self.django_paginator_class(queryset, page_size)
/home1/picpixels/virtualenv/admin.picpixels.com/3.11/lib/python3.11/site-packages/rest_framework/pagination.py:198: UnorderedObjectListWarning: Pagination may yield inconsistent results with an unordered object_list: <class 'cms.models.HeroSection'> QuerySet.
  paginator = self.django_paginator_class(queryset, page_size)
/home1/picpixels/virtualenv/admin.picpixels.com/3.11/lib/python3.11/site-packages/rest_framework/pagination.py:198: UnorderedObjectListWarning: Pagination may yield inconsistent results with an unordered object_list: <class 'cms.models.PricingConfigSection'> QuerySet.
  paginator = self.django_paginator_class(queryset, page_size)
/home1/picpixels/virtualenv/admin.picpixels.com/3.11/lib/python3.11/site-packages/rest_framework/pagination.py:198: UnorderedObjectListWarning: Pagination may yield inconsistent results with an unordered object_list: <class 'site_settings.models.SiteSetting'> QuerySet.
  paginator = self.django_paginator_class(queryset, page_size)
/home1/picpixels/virtualenv/admin.picpixels.com/3.11/lib/python3.11/site-packages/rest_framework/pagination.py:198: UnorderedObjectListWarning: Pagination may yield inconsistent results with an unordered object_list: <class 'cms.models.HeroSection'> QuerySet.
  paginator = self.django_paginator_class(queryset, page_size)
/home1/picpixels/virtualenv/admin.picpixels.com/3.11/lib/python3.11/site-packages/rest_framework/pagination.py:198: UnorderedObjectListWarning: Pagination may yield inconsistent results with an unordered object_list: <class 'cms.models.PricingConfigSection'> QuerySet.
  paginator = self.django_paginator_class(queryset, page_size)
/home1/picpixels/virtualenv/admin.picpixels.com/3.11/lib/python3.11/site-packages/rest_framework/pagination.py:198: UnorderedObjectListWarning: Pagination may yield inconsistent results with an unordered object_list: <class 'site_settings.models.SiteSetting'> QuerySet.
  paginator = self.django_paginator_class(queryset, page_size)
/home1/picpixels/virtualenv/admin.picpixels.com/3.11/lib/python3.11/site-packages/rest_framework/pagination.py:198: UnorderedObjectListWarning: Pagination may yield inconsistent results with an unordered object_list: <class 'site_settings.models.SiteSetting'> QuerySet.
  paginator = self.django_paginator_class(queryset, page_size)
/home1/picpixels/virtualenv/admin.picpixels.com/3.11/lib/python3.11/site-packages/rest_framework/pagination.py:198: UnorderedObjectListWarning: Pagination may yield inconsistent results with an unordered object_list: <class 'site_settings.models.SiteSetting'> QuerySet.
  paginator = self.django_paginator_class(queryset, page_size)
/home1/picpixels/virtualenv/admin.picpixels.com/3.11/lib/python3.11/site-packages/rest_framework/pagination.py:198: UnorderedObjectListWarning: Pagination may yield inconsistent results with an unordered object_list: <class 'cms.models.PricingConfigSection'> QuerySet.
  paginator = self.django_paginator_class(queryset, page_size)
/home1/picpixels/virtualenv/admin.picpixels.com/3.11/lib/python3.11/site-packages/rest_framework/pagination.py:198: UnorderedObjectListWarning: Pagination may yield inconsistent results with an unordered object_list: <class 'cms.models.HeroSection'> QuerySet.
  paginator = self.django_paginator_class(queryset, page_size)
/home1/picpixels/virtualenv/admin.picpixels.com/3.11/lib/python3.11/site-packages/rest_framework/pagination.py:198: UnorderedObjectListWarning: Pagination may yield inconsistent results with an unordered object_list: <class 'site_settings.models.SiteSetting'> QuerySet.
  paginator = self.django_paginator_class(queryset, page_size)
/home1/picpixels/virtualenv/admin.picpixels.com/3.11/lib/python3.11/site-packages/rest_framework/pagination.py:198: UnorderedObjectListWarning: Pagination may yield inconsistent results with an unordered object_list: <class 'cms.models.PricingConfigSection'> QuerySet.
  paginator = self.django_paginator_class(queryset, page_size)
/home1/picpixels/virtualenv/admin.picpixels.com/3.11/lib/python3.11/site-packages/rest_framework/pagination.py:198: UnorderedObjectListWarning: Pagination may yield inconsistent results with an unordered object_list: <class 'site_settings.models.SiteSetting'> QuerySet.
  paginator = self.django_paginator_class(queryset, page_size)
/home1/picpixels/virtualenv/admin.picpixels.com/3.11/lib/python3.11/site-packages/rest_framework/pagination.py:198: UnorderedObjectListWarning: Pagination may yield inconsistent results with an unordered object_list: <class 'cms.models.HeroSection'> QuerySet.
  paginator = self.django_paginator_class(queryset, page_size)
/home1/picpixels/virtualenv/admin.picpixels.com/3.11/lib/python3.11/site-packages/rest_framework/pagination.py:198: UnorderedObjectListWarning: Pagination may yield inconsistent results with an unordered object_list: <class 'cms.models.PricingConfigSection'> QuerySet.
  paginator = self.django_paginator_class(queryset, page_size)
/home1/picpixels/virtualenv/admin.picpixels.com/3.11/lib/python3.11/site-packages/rest_framework/pagination.py:198: UnorderedObjectListWarning: Pagination may yield inconsistent results with an unordered object_list: <class 'site_settings.models.SiteSetting'> QuerySet.
  paginator = self.django_paginator_class(queryset, page_size)
/home1/picpixels/virtualenv/admin.picpixels.com/3.11/lib/python3.11/site-packages/rest_framework/pagination.py:198: UnorderedObjectListWarning: Pagination may yield inconsistent results with an unordered object_list: <class 'site_settings.models.SiteSetting'> QuerySet.
  paginator = self.django_paginator_class(queryset, page_size)
/home1/picpixels/virtualenv/admin.picpixels.com/3.11/lib/python3.11/site-packages/rest_framework/pagination.py:198: UnorderedObjectListWarning: Pagination may yield inconsistent results with an unordered object_list: <class 'cms.models.HeroSection'> QuerySet.
  paginator = self.django_paginator_class(queryset, page_size)
/home1/picpixels/virtualenv/admin.picpixels.com/3.11/lib/python3.11/site-packages/rest_framework/pagination.py:198: UnorderedObjectListWarning: Pagination may yield inconsistent results with an unordered object_list: <class 'site_settings.models.SiteSetting'> QuerySet.
  paginator = self.django_paginator_class(queryset, page_size)
/home1/picpixels/virtualenv/admin.picpixels.com/3.11/lib/python3.11/site-packages/rest_framework/pagination.py:198: UnorderedObjectListWarning: Pagination may yield inconsistent results with an unordered object_list: <class 'cms.models.HeroSection'> QuerySet.
  paginator = self.django_paginator_class(queryset, page_size)
/home1/picpixels/virtualenv/admin.picpixels.com/3.11/lib/python3.11/site-packages/rest_framework/pagination.py:198: UnorderedObjectListWarning: Pagination may yield inconsistent results with an unordered object_list: <class 'cms.models.PricingConfigSection'> QuerySet.
  paginator = self.django_paginator_class(queryset, page_size)
/home1/picpixels/virtualenv/admin.picpixels.com/3.11/lib/python3.11/site-packages/rest_framework/pagination.py:198: UnorderedObjectListWarning: Pagination may yield inconsistent results with an unordered object_list: <class 'site_settings.models.SiteSetting'> QuerySet.
  paginator = self.django_paginator_class(queryset, page_size)
/home1/picpixels/virtualenv/admin.picpixels.com/3.11/lib/python3.11/site-packages/rest_framework/pagination.py:198: UnorderedObjectListWarning: Pagination may yield inconsistent results with an unordered object_list: <class 'site_settings.models.SiteSetting'> QuerySet.
  paginator = self.django_paginator_class(queryset, page_size)
/home1/picpixels/virtualenv/admin.picpixels.com/3.11/lib/python3.11/site-packages/rest_framework/pagination.py:198: UnorderedObjectListWarning: Pagination may yield inconsistent results with an unordered object_list: <class 'site_settings.models.SiteSetting'> QuerySet.
  paginator = self.django_paginator_class(queryset, page_size)
/home1/picpixels/virtualenv/admin.picpixels.com/3.11/lib/python3.11/site-packages/rest_framework/pagination.py:198: UnorderedObjectListWarning: Pagination may yield inconsistent results with an unordered object_list: <class 'site_settings.models.SiteSetting'> QuerySet.
  paginator = self.django_paginator_class(queryset, page_size)
/home1/picpixels/virtualenv/admin.picpixels.com/3.11/lib/python3.11/site-packages/rest_framework/pagination.py:198: UnorderedObjectListWarning: Pagination may yield inconsistent results with an unordered object_list: <class 'cms.models.HeroSection'> QuerySet.
  paginator = self.django_paginator_class(queryset, page_size)
/home1/picpixels/virtualenv/admin.picpixels.com/3.11/lib/python3.11/site-packages/rest_framework/pagination.py:198: UnorderedObjectListWarning: Pagination may yield inconsistent results with an unordered object_list: <class 'cms.models.PricingConfigSection'> QuerySet.
  paginator = self.django_paginator_class(queryset, page_size)
/home1/picpixels/virtualenv/admin.picpixels.com/3.11/lib/python3.11/site-packages/rest_framework/pagination.py:198: UnorderedObjectListWarning: Pagination may yield inconsistent results with an unordered object_list: <class 'site_settings.models.SiteSetting'> QuerySet.
  paginator = self.django_paginator_class(queryset, page_size)
/home1/picpixels/virtualenv/admin.picpixels.com/3.11/lib/python3.11/site-packages/rest_framework/pagination.py:198: UnorderedObjectListWarning: Pagination may yield inconsistent results with an unordered object_list: <class 'site_settings.models.SiteSetting'> QuerySet.
  paginator = self.django_paginator_class(queryset, page_size)
/home1/picpixels/virtualenv/admin.picpixels.com/3.11/lib/python3.11/site-packages/rest_framework/pagination.py:198: UnorderedObjectListWarning: Pagination may yield inconsistent results with an unordered object_list: <class 'cms.models.HeroSection'> QuerySet.
  paginator = self.django_paginator_class(queryset, page_size)
/home1/picpixels/virtualenv/admin.picpixels.com/3.11/lib/python3.11/site-packages/rest_framework/pagination.py:198: UnorderedObjectListWarning: Pagination may yield inconsistent results with an unordered object_list: <class 'site_settings.models.SiteSetting'> QuerySet.
  paginator = self.django_paginator_class(queryset, page_size)
/home1/picpixels/virtualenv/admin.picpixels.com/3.11/lib/python3.11/site-packages/rest_framework/pagination.py:198: UnorderedObjectListWarning: Pagination may yield inconsistent results with an unordered object_list: <class 'cms.models.PricingConfigSection'> QuerySet.
  paginator = self.django_paginator_class(queryset, page_size)
/home1/picpixels/virtualenv/admin.picpixels.com/3.11/lib/python3.11/site-packages/rest_framework/pagination.py:198: UnorderedObjectListWarning: Pagination may yield inconsistent results with an unordered object_list: <class 'cms.models.PricingConfigSection'> QuerySet.
  paginator = self.django_paginator_class(queryset, page_size)
/home1/picpixels/virtualenv/admin.picpixels.com/3.11/lib/python3.11/site-packages/rest_framework/pagination.py:198: UnorderedObjectListWarning: Pagination may yield inconsistent results with an unordered object_list: <class 'cms.models.HeroSection'> QuerySet.
  paginator = self.django_paginator_class(queryset, page_size)
/home1/picpixels/virtualenv/admin.picpixels.com/3.11/lib/python3.11/site-packages/rest_framework/pagination.py:198: UnorderedObjectListWarning: Pagination may yield inconsistent results with an unordered object_list: <class 'site_settings.models.SiteSetting'> QuerySet.
  paginator = self.django_paginator_class(queryset, page_size)
/home1/picpixels/virtualenv/admin.picpixels.com/3.11/lib/python3.11/site-packages/rest_framework/pagination.py:198: UnorderedObjectListWarning: Pagination may yield inconsistent results with an unordered object_list: <class 'site_settings.models.SiteSetting'> QuerySet.
  paginator = self.django_paginator_class(queryset, page_size)
/home1/picpixels/virtualenv/admin.picpixels.com/3.11/lib/python3.11/site-packages/rest_framework/pagination.py:198: UnorderedObjectListWarning: Pagination may yield inconsistent results with an unordered object_list: <class 'cms.models.HeroSection'> QuerySet.
  paginator = self.django_paginator_class(queryset, page_size)
/home1/picpixels/virtualenv/admin.picpixels.com/3.11/lib/python3.11/site-packages/rest_framework/pagination.py:198: UnorderedObjectListWarning: Pagination may yield inconsistent results with an unordered object_list: <class 'cms.models.PricingConfigSection'> QuerySet.
  paginator = self.django_paginator_class(queryset, page_size)
/home1/picpixels/virtualenv/admin.picpixels.com/3.11/lib/python3.11/site-packages/rest_framework/pagination.py:198: UnorderedObjectListWarning: Pagination may yield inconsistent results with an unordered object_list: <class 'site_settings.models.SiteSetting'> QuerySet.
  paginator = self.django_paginator_class(queryset, page_size)
/home1/picpixels/virtualenv/admin.picpixels.com/3.11/lib/python3.11/site-packages/rest_framework/pagination.py:198: UnorderedObjectListWarning: Pagination may yield inconsistent results with an unordered object_list: <class 'site_settings.models.SiteSetting'> QuerySet.
  paginator = self.django_paginator_class(queryset, page_size)
/home1/picpixels/virtualenv/admin.picpixels.com/3.11/lib/python3.11/site-packages/rest_framework/pagination.py:198: UnorderedObjectListWarning: Pagination may yield inconsistent results with an unordered object_list: <class 'site_settings.models.SiteSetting'> QuerySet.
  paginator = self.django_paginator_class(queryset, page_size)
/home1/picpixels/virtualenv/admin.picpixels.com/3.11/lib/python3.11/site-packages/rest_framework/pagination.py:198: UnorderedObjectListWarning: Pagination may yield inconsistent results with an unordered object_list: <class 'site_settings.models.SiteSetting'> QuerySet.
  paginator = self.django_paginator_class(queryset, page_size)
/home1/picpixels/virtualenv/admin.picpixels.com/3.11/lib/python3.11/site-packages/rest_framework/pagination.py:198: UnorderedObjectListWarning: Pagination may yield inconsistent results with an unordered object_list: <class 'site_settings.models.SiteSetting'> QuerySet.
  paginator = self.django_paginator_class(queryset, page_size)
/home1/picpixels/virtualenv/admin.picpixels.com/3.11/lib/python3.11/site-packages/rest_framework/pagination.py:198: UnorderedObjectListWarning: Pagination may yield inconsistent results with an unordered object_list: <class 'site_settings.models.SiteSetting'> QuerySet.
  paginator = self.django_paginator_class(queryset, page_size)
/home1/picpixels/virtualenv/admin.picpixels.com/3.11/lib/python3.11/site-packages/rest_framework/pagination.py:198: UnorderedObjectListWarning: Pagination may yield inconsistent results with an unordered object_list: <class 'cms.models.HeroSection'> QuerySet.
  paginator = self.django_paginator_class(queryset, page_size)
/home1/picpixels/virtualenv/admin.picpixels.com/3.11/lib/python3.11/site-packages/rest_framework/pagination.py:198: UnorderedObjectListWarning: Pagination may yield inconsistent results with an unordered object_list: <class 'cms.models.PricingConfigSection'> QuerySet.
  paginator = self.django_paginator_class(queryset, page_size)
/home1/picpixels/virtualenv/admin.picpixels.com/3.11/lib/python3.11/site-packages/rest_framework/pagination.py:198: UnorderedObjectListWarning: Pagination may yield inconsistent results with an unordered object_list: <class 'site_settings.models.SiteSetting'> QuerySet.
  paginator = self.django_paginator_class(queryset, page_size)
/home1/picpixels/virtualenv/admin.picpixels.com/3.11/lib/python3.11/site-packages/rest_framework/pagination.py:198: UnorderedObjectListWarning: Pagination may yield inconsistent results with an unordered object_list: <class 'cms.models.PricingConfigSection'> QuerySet.
  paginator = self.django_paginator_class(queryset, page_size)
/home1/picpixels/virtualenv/admin.picpixels.com/3.11/lib/python3.11/site-packages/rest_framework/pagination.py:198: UnorderedObjectListWarning: Pagination may yield inconsistent results with an unordered object_list: <class 'cms.models.HeroSection'> QuerySet.
  paginator = self.django_paginator_class(queryset, page_size)
